dataset_id,split,replicate,complexity_condition,global_truth_K,candidate_index,candidate_id,lipid_name,X_hat,candidate_truth,molecular_truth,same_lipid_alternative_candidate,rho_zero,cone_isolation,max_fragment_cosine,max_full_cosine,lipid_class,collective_gain,pair_id,unit_id,role,spectral_score_CAL,spectral_score_HOLD,joint_hard_score,joint_easy_score,fragment_cosine,fragment_support_jaccard,full_cosine,parent_cosine,base_template_id,realized_spatial_correlation,abundance_multiplier,K,base_dataset_id,severity,rho_zero_status,raw_solver_reported,reportable_truth
MILD__CAL_R1_K175,CAL,R1,K175,175,0,PA-H__0075,PA 16:0_24:0,0.018381194596079144,True,True,False,1.6215419913835125e-05,0.729606198131629,0.7748217721703936,0.44170172724713597,PA,0.16755576280234685,B2_U7_U22,7,spectral_easy_spatial_high,0.16836124794745483,0.15682101806239737,0.15682101806239737,0.16836124794745483,0.0,0.0,0.0,0.0,175,0.9908210921260467,2.0,175,CAL_R1_K175,MILD,COMPUTED,True,True
MILD__CAL_R1_K175,CAL,R1,K175,175,1,PA-H__0076,PA 16:0_24:1,0.0029700483777230966,False,False,False,3.4178502734822995e-19,0.5504804076642431,0.883487638633687,0.6654546118919494,PA,0.19595790828137805,,,UNASSIGNED_FALSE_POSITIVE,,,,,,,,,,,,175,CAL_R1_K175,MILD,COMPUTED,True,False
MILD__CAL_R1_K175,CAL,R1,K175,175,2,PA-H__0079,PA 16:0_24:4,0.0013332489038558454,False,False,False,0.0,0.2223063465458067,0.9171280506076233,0.9158818256178151,PA,0.17914163452145218,,,UNASSIGNED_FALSE_POSITIVE,,,,,,,,,,,,175,CAL_R1_K175,MILD,COMPUTED,True,False
MILD__CAL_R1_K175,CAL,R1,K175,175,3,PA-H__0080,PA 16:0_24:5,0.013064996776231257,True,True,False,1.868273561868919e-06,0.22923411741411742,0.9171280506076233,0.9158818256178151,PA,0.17221386365314145,B6_U16_U150,150,spectral_hard_spatial_high,0.8016518883415436,0.8704121510673235,0.8016518883415436,0.8704121510673235,0.6012836678060572,0.3106796116504854,0.6004958373364375,0.0,267,0.9952910414028423,2.0,175,CAL_R1_K175,MILD,COMPUTED,True,True
MILD__CAL_R1_K175,CAL,R1,K175,175,4,PA-H__0100,PA 24:0_16:1,0.0077145136041996114,True,True,False,8.810821803604076e-07,0.47172636833494863,0.7350890401757907,0.6635490105932277,PA,0.2764064477750978,B6_U39_U54,54,spectral_easy_spatial_low,0.1792183908045977,0.5071083743842364,0.1792183908045977,0.5071083743842364,0.0,0.0,0.0,0.0,287,-0.12485182569342557,0.5,175,CAL_R1_K175,MILD,COMPUTED,True,True
MILD__CAL_R1_K175,CAL,R1,K175,175,5,PA-H__0117,PA 18:0_22:0,0.005455414736453913,False,False,False,5.508319446207585e-07,0.3381799302246325,0.7789494468002593,0.6213615663357793,PA,0.44534403487199864,,,UNASSIGNED_FALSE_POSITIVE,,,,,,,,,,,,175,CAL_R1_K175,MILD,COMPUTED,True,False
MILD__CAL_R1_K175,CAL,R1,K175,175,6,PA-H__0118,PA 18:0_22:1,0.008076567577273444,True,True,False,6.4901344934723145e-06,0.3291126428847987,0.854010491337717,0.7758194394971382,PA,0.30184234544507127,B5_U81_U105,105,spectral_hard_spatial_high,0.7206288998357964,0.7457405582922824,0.7206288998357964,0.7457405582922824,0.052767460600135624,0.16153846153846155,0.047451137602932195,0.0,349,0.996704226409377,0.5,175,CAL_R1_K175,MILD,COMPUTED,True,True
MILD__CAL_R1_K175,CAL,R1,K175,175,7,PA-H__0119,PA 18:0_22:2,0.0026892645941704496,False,False,False,0.0,0.27393752390511106,0.8394493239810369,0.7712444256096473,PA,0.36260158405766385,,,UNASSIGNED_FALSE_POSITIVE,,,,,,,,,,,,175,CAL_R1_K175,MILD,COMPUTED,True,False
MILD__CAL_R1_K175,CAL,R1,K175,175,8,PA-H__0120,PA 18:0_22:3,0.004829851232685289,True,True,False,0.0,0.26685411549166754,0.7994055605507371,0.7822770241404187,PA,0.35607658490927657,B1_U95_U125,125,spectral_hard_spatial_low,0.7451149425287357,0.8009901477832513,0.7451149425287357,0.8009901477832513,0.05022587307821144,0.0661764705882353,0.05302766559774588,0.11301892928657031,133,-0.2514853335695852,0.6170676298438253,175,CAL_R1_K175,MILD,COMPUTED,True,True
MILD__CAL_R1_K175,CAL,R1,K175,175,10,PA-H__0122,PA 18:0_22:5,0.010188280968035878,True,True,False,0.0,0.13936661280823676,0.9374908882297373,0.9345818680853585,PA,0.21638151697754526,B4_U64_U141,141,spectral_hard_spatial_high,0.7657668308702792,0.7451904761904762,0.7451904761904762,0.7657668308702792,0.07496740643032661,0.23423423423423423,0.07025785758396863,0.0,223,0.9958667516089417,0.5,175,CAL_R1_K175,MILD,COMPUTED,True,True
MILD__CAL_R1_K175,CAL,R1,K175,175,11,PA-H__0124,PA 18:0_24:0,0.005180515339338523,True,True,False,2.101360722319035e-05,0.5363596171784565,0.7271532361366108,0.6313329291237251,PA,0.239152299302559,B3_U13_U90,13,spectral_hard_spatial_high,0.7239244663382594,0.6166551724137932,0.6166551724137932,0.7239244663382594,0.17572525850461496,0.11711711711711711,0.1511902006158474,0.0,81,0.9972117040223596,0.5,175,CAL_R1_K175,MILD,COMPUTED,True,True
MILD__CAL_R1_K175,CAL,R1,K175,175,15,PA-H__0130,PA 18:0_24:6,0.002563486868245013,False,False,False,0.0,0.1641748706562144,0.9374908882297373,0.9345818680853585,PA,0.19157325912956763,,,UNASSIGNED_FALSE_POSITIVE,,,,,,,,,,,,175,CAL_R1_K175,MILD,COMPUTED,True,False
MILD__CAL_R1_K175,CAL,R1,K175,175,16,PA-H__0140,PA 22:0_18:1,0.002976261727997933,True,True,False,2.5913542851005046e-06,0.3671639070922606,0.7050099452951126,0.6113032030767289,PA,0.42423257628894034,B4_U64_U141,64,spectral_hard_spatial_high,0.7657668308702792,0.7451904761904762,0.7451904761904762,0.7657668308702792,0.07496740643032661,0.23423423423423423,0.07025785758396863,0.0,223,0.9958667516089417,0.689110922829001,175,CAL_R1_K175,MILD,COMPUTED,True,True
MILD__CAL_R1_K175,CAL,R1,K175,175,18,PA-H__0142,PA 18:1_22:2,0.020649972410072444,True,True,False,1.5278764390910637e-06,0.40366716929733215,0.9248799886279087,0.7196223801768364,PA,0.2906984620156129,B2_U60_U84,84,spectral_hard_spatial_low,0.8323037766830871,0.8063054187192118,0.8063054187192118,0.8323037766830871,0.8432257966252498,0.7037037037037037,0.39242033148640376,0.11301891386763883,86,-0.21416269310173836,2.0,175,CAL_R1_K175,MILD,COMPUTED,True,True
MILD__CAL_R1_K175,CAL,R1,K175,175,19,PA-H__0143,PA 18:1_22:3,0.003086019577699943,False,False,False,1.2925920265669257e-06,0.26035456632127724,0.8639124793194024,0.8037028144235677,PA,0.33467634555443054,,,UNASSIGNED_FALSE_POSITIVE,,,,,,,,,,,,175,CAL_R1_K175,MILD,COMPUTED,True,False
MILD__CAL_R1_K175,CAL,R1,K175,175,20,PA-H__0144,PA 18:1_22:4,0.009480070229736596,False,False,False,0.0,0.23118051955905902,0.7349039762795926,0.7251473077432745,PA,0.45741325188581883,,,UNASSIGNED_FALSE_POSITIVE,,,,,,,,,,,,175,CAL_R1_K175,MILD,COMPUTED,True,False
MILD__CAL_R1_K175,CAL,R1,K175,175,21,PA-H__0147,PA 24:0_18:1,0.0039727387743543905,True,True,False,6.699643685796619e-07,0.43680623844895256,0.7371891580184492,0.6602623564184665,PA,0.3142287944867514,,32,singleton_control,,,,,,,,,339,,0.5,175,CAL_R1_K175,MILD,COMPUTED,True,True
MILD__CAL_R1_K175,CAL,R1,K175,175,24,PA-H__0152,PA 18:1_24:5,0.004951470246180173,True,True,False,0.0,0.2403872498285696,0.8248123478924629,0.8214327614182942,PA,0.3299181231679643,,135,singleton_control,,,,,,,,,329,,0.5,175,CAL_R1_K175,MILD,COMPUTED,True,True
MILD__CAL_R1_K175,CAL,R1,K175,175,25,PA-H__0153,PA 18:1_24:6,0.0032567956781307758,False,False,False,1.2106158714067297e-07,0.25854770171004793,0.8317569743542244,0.8214327614182942,PA,0.311757671286486,,,UNASSIGNED_FALSE_POSITIVE,,,,,,,,,,,,175,CAL_R1_K175,MILD,COMPUTED,True,False
MILD__CAL_R1_K175,CAL,R1,K175,175,28,PA-H__0164,PA 18:2_22:2,0.010703927892906197,True,True,False,1.727920073479533e-06,0.47866516502254414,0.8685597534716455,0.7219248581633445,PA,0.21330629332370504,B2_U60_U84,60,spectral_hard_spatial_low,0.8323037766830871,0.8063054187192118,0.8063054187192118,0.8323037766830871,0.8432257966252498,0.7037037037037037,0.39242033148640376,0.11301891386763883,244,-0.21416269310173836,0.7802037075442214,175,CAL_R1_K175,MILD,COMPUTED,True,True
MILD__CAL_R1_K175,CAL,R1,K175,175,29,PA-H__0165,PA 18:2_22:3,0.005168482029159864,True,True,False,0.0,0.40654814292933356,0.8361365785941115,0.722889225295104,PA,0.2844157982081504,,51,singleton_control,,,,,,,,,313,,1.0760213163243861,175,CAL_R1_K175,MILD,COMPUTED,True,True
MILD__CAL_R1_K175,CAL,R1,K175,175,30,PA-H__0169,PA 24:0_18:2,0.005584402136588124,True,True,False,8.161526906556393e-07,0.4349361980895777,0.674205896426856,0.5485397946470075,PA,0.4011882505953169,,57,singleton_control,,,,,,,,,244,,0.5,175,CAL_R1_K175,MILD,COMPUTED,True,True
MILD__CAL_R1_K175,CAL,R1,K175,175,32,PA-H__0173,PA 18:2_24:4,0.001698917224539099,False,False,False,6.331692494548682e-08,0.33277246997096527,0.6495701338678831,0.6430180714358019,PA,0.4330785336890039,,,UNASSIGNED_FALSE_POSITIVE,,,,,,,,,,,,175,CAL_R1_K175,MILD,COMPUTED,True,False
MILD__CAL_R1_K175,CAL,R1,K175,175,33,PA-H__0174,PA 18:2_24:5,0.004577534449338882,False,False,False,5.760211501504428e-07,0.30902833514416345,0.8083196183923326,0.8030418220184925,PA,0.2868943377666932,,,UNASSIGNED_FALSE_POSITIVE,,,,,,,,,,,,175,CAL_R1_K175,MILD,COMPUTED,True,False
MILD__CAL_R1_K175,CAL,R1,K175,175,34,PA-H__0175,PA 18:2_24:6,0.015107132556333207,True,True,False,6.636664952664119e-06,0.29491975880184035,0.8083196183923326,0.8030418220184925,PA,0.3010029141090163,,113,singleton_control,,,,,,,,,293,,2.0,175,CAL_R1_K175,MILD,COMPUTED,True,True
MILD__CAL_R1_K175,CAL,R1,K175,175,35,PA-H__0197,PA 20:0_20:0,0.008140938825105668,True,True,False,0.0,0.30857219638826255,0.9341726466812952,0.8971732152464247,PA,0.13310667094001766,,65,singleton_control,,,,,,,,,220,,0.8939526432607221,175,CAL_R1_K175,MILD,COMPUTED,True,True
MILD__CAL_R1_K175,CAL,R1,K175,175,36,PA-H__0198,PA 20:0_20:1,0.010273771214371454,True,True,False,3.4178502734822995e-19,0.2700502904887188,0.7565930817931681,0.6960378383676507,PA,0.447954812251149,B3_U62_U111,111,spectral_hard_spatial_low,0.6664384236453202,0.7616584564860427,0.6664384236453202,0.7616584564860427,0.07934268832688471,0.06349206349206349,0.06222121571833724,0.0,234,-0.19504475027495594,2.0,175,CAL_R1_K175,MILD,COMPUTED,True,True
MILD__CAL_R1_K175,CAL,R1,K175,175,38,PA-H__0200,PA 20:0_20:3,0.00466937253505986,False,False,False,0.0,0.28594755195446475,0.8048190171061798,0.7203920412647556,PA,0.4076195370011738,,,UNASSIGNED_FALSE_POSITIVE,,,,,,,,,,,,175,CAL_R1_K175,MILD,COMPUTED,True,False
MILD__CAL_R1_K175,CAL,R1,K175,175,39,PA-H__0201,PA 20:0_20:4,0.008759716285953153,False,False,False,0.0,0.1645114953783594,0.8957566529041909,0.8619613486853611,PA,0.3424625013635971,,,UNASSIGNED_FALSE_POSITIVE,,,,,,,,,,,,175,CAL_R1_K175,MILD,COMPUTED,True,False
MILD__CAL_R1_K175,CAL,R1,K175,175,40,PA-H__0202,PA 20:0_20:5,0.001291670137359286,True,True,False,0.0,0.18367672004065808,0.9361340206999159,0.9175683792240663,PA,0.2139012841901092,B7_U134_U159,159,spectral_hard_spatial_low,0.667512315270936,0.6009211822660099,0.6009211822660099,0.667512315270936,0.0009925553667304824,0.1171875,0.0009787894940145214,0.0,166,-0.17794431856725149,0.5,175,CAL_R1_K175,MILD,COMPUTED,True,True
MILD__CAL_R1_K175,CAL,R1,K175,175,42,PA-H__0205,PA 20:0_22:2,0.004958159359845658,True,True,False,6.835700546964599e-19,0.3285634366810597,0.6941352616525697,0.6532726123926598,PA,0.4285593366507624,B6_U26_U82,82,spectral_easy_spatial_high,0.19121839080459768,0.41874220032840725,0.19121839080459768,0.41874220032840725,0.0,0.0,0.0,0.0,180,0.9964852610604907,0.7802037075442214,175,CAL_R1_K175,MILD,COMPUTED,True,True
MILD__CAL_R1_K175,CAL,R1,K175,175,43,PA-H__0206,PA 20:0_22:3,0.0056418905561572835,True,True,False,8.551968640655458e-06,0.3047114646464892,0.6917588469202741,0.6545603952551788,PA,0.45129825021396425,B7_U69_U83,69,spectral_hard_spatial_high,0.7420279146141214,0.7909720853858784,0.7420279146141214,0.7909720853858784,0.07932992725041206,0.12295081967213115,0.07443819613192362,0.0,222,0.9963062276148869,0.5,175,CAL_R1_K175,MILD,COMPUTED,True,True
MILD__CAL_R1_K175,CAL,R1,K175,175,44,PA-H__0207,PA 20:0_22:4,0.0013016716110260931,False,False,False,0.0,0.241048023112079,0.8303328039494347,0.811768772008992,PA,0.3429309669132585,,,UNASSIGNED_FALSE_POSITIVE,,,,,,,,,,,,175,CAL_R1_K175,MILD,COMPUTED,True,False
MILD__CAL_R1_K175,CAL,R1,K175,175,45,PA-H__0208,PA 20:0_22:5,0.0011199082065765273,True,True,False,0.0,0.18797776572568772,0.9337578006589683,0.9226232034454928,PA,0.19772474199752751,B7_U47_U115,115,spectral_hard_spatial_high,0.7173612479474549,0.7259195402298851,0.7173612479474549,0.7259195402298851,0.09627294846157408,0.10606060606060606,0.03831324704124254,0.0,139,0.9927947904947065,0.6170676298438253,175,CAL_R1_K175,MILD,COMPUTED,True,True
MILD__CAL_R1_K175,CAL,R1,K175,175,46,PA-H__0209,PA 20:0_22:6,0.00326561166516337,False,False,False,8.92622287535203e-06,0.18342642508946627,0.9361340206999159,0.9226232034454928,PA,0.20227608263374897,,,UNASSIGNED_FALSE_POSITIVE,,,,,,,,,,,,175,CAL_R1_K175,MILD,COMPUTED,True,False
MILD__CAL_R1_K175,CAL,R1,K175,175,48,PA-H__0218,PA 20:1_20:2,0.00819822708133933,True,True,False,6.719491748769031e-07,0.4799544894237642,0.9253440230489325,0.6127851649721114,PA,0.31029505444836114,B1_U9_U37,37,spectral_easy_spatial_high,0.15578981937602626,0.15053530377668312,0.15053530377668312,0.15578981937602626,0.0,0.0,0.0,0.0,316,0.9965864187130227,0.5340342571614348,175,CAL_R1_K175,MILD,COMPUTED,True,True
MILD__CAL_R1_K175,CAL,R1,K175,175,49,PA-H__0219,PA 20:1_20:3,0.012962700272678901,True,True,False,5.282914379489905e-08,0.2950230689775499,0.8311619582958673,0.670144021014576,PA,0.44720802111394947,B1_U95_U125,95,spectral_hard_spatial_low,0.7451149425287357,0.8009901477832513,0.7451149425287357,0.8009901477832513,0.05022587307821144,0.0661764705882353,0.05302766559774588,0.11301892928657031,246,-0.2514853335695852,2.0,175,CAL_R1_K175,MILD,COMPUTED,True,True
MILD__CAL_R1_K175,CAL,R1,K175,175,50,PA-H__0220,PA 20:1_20:4,0.02074529678525275,True,True,False,6.806175910307853e-07,0.3008190275753367,0.858855563387748,0.7773054894334199,PA,0.3283043117601799,,92,singleton_control,,,,,,,,,381,,2.0,175,CAL_R1_K175,MILD,COMPUTED,True,True
MILD__CAL_R1_K175,CAL,R1,K175,175,53,PA-H__0224,PA 20:1_22:2,0.015029116847313225,True,True,False,3.2174114431789298e-06,0.34352237197995034,0.9019786006016902,0.8163714083818836,PA,0.2340048772270285,,94,singleton_control,,,,,,,,,163,,1.8682084992203376,175,CAL_R1_K175,MILD,COMPUTED,True,True
MILD__CAL_R1_K175,CAL,R1,K175,175,55,PA-H__0226,PA 20:1_22:4,0.01001957223648748,True,True,False,2.2124888676840314e-05,0.34668458838690386,0.780619943822926,0.7254488250437023,PA,0.3415915206294644,B5_U53_U107,53,spectral_hard_spatial_low,0.6654942528735632,0.6520853858784894,0.6520853858784894,0.6654942528735632,0.021714641680353045,0.06428571428571428,0.020550207359117337,0.0,287,-0.1259374518719479,1.4538436095675817,175,CAL_R1_K175,MILD,COMPUTED,True,True
MILD__CAL_R1_K175,CAL,R1,K175,175,56,PA-H__0227,PA 20:1_22:5,0.006634341511945901,False,False,False,3.4178502734822995e-19,0.22030580527220145,0.8930555529932804,0.8753112931195504,PA,0.2632540567277174,,,UNASSIGNED_FALSE_POSITIVE,,,,,,,,,,,,175,CAL_R1_K175,MILD,COMPUTED,True,False
MILD__CAL_R1_K175,CAL,R1,K175,175,57,PA-H__0228,PA 20:1_22:6,0.005352362663484928,False,False,False,3.4367108071736544e-06,0.23670331410171605,0.9753576763078726,0.8753112931195504,PA,0.2468565478982028,,,UNASSIGNED_FALSE_POSITIVE,,,,,,,,,,,,175,CAL_R1_K175,MILD,COMPUTED,True,False
MILD__CAL_R1_K175,CAL,R1,K175,175,58,PA-H__0236,PA 20:2_20:2,0.010214752939296565,True,True,False,0.0,0.4107496994340883,0.9505388151236878,0.7219248581633445,PA,0.2812217589121609,B1_U59_U80,80,spectral_hard_spatial_low,0.679983579638752,0.7071789819376026,0.679983579638752,0.7071789819376026,0.12131038262682024,0.13592233009708737,0.062262277778382835,0.0,102,-0.29199834044192785,0.5,175,CAL_R1_K175,MILD,COMPUTED,True,True
MILD__CAL_R1_K175,CAL,R1,K175,175,59,PA-H__0237,PA 20:2_20:3,0.011647217389237243,True,True,False,1.3061344592948578e-05,0.5731558925579161,0.7541480424155057,0.5477421399094071,PA,0.2634913139559546,,34,singleton_control,,,,,,,,,109,,1.0760213163243861,175,CAL_R1_K175,MILD,COMPUTED,True,True
MILD__CAL_R1_K175,CAL,R1,K175,175,60,PA-H__0241,PA 22:1_20:2,0.0025095392878874854,False,False,False,3.850954258358718e-08,0.43337633237958284,0.8789327040599717,0.709852279634953,PA,0.27097424872123554,,,UNASSIGNED_FALSE_POSITIVE,,,,,,,,,,,,175,CAL_R1_K175,MILD,COMPUTED,True,False
MILD__CAL_R1_K175,CAL,R1,K175,175,61,PA-H__0244,PA 20:2_22:4,0.011710237637043779,True,True,False,1.4855438987508964e-06,0.37047771471182533,0.7482238559770684,0.6566445052131067,PA,0.3837225198236953,B3_U27_U48,48,spectral_easy_spatial_high,0.1769326765188834,0.1802495894909688,0.1769326765188834,0.1802495894909688,0.0,0.0,0.0,0.0,94,0.9945180924853226,1.4538436095675817,175,CAL_R1_K175,MILD,COMPUTED,True,True
MILD__CAL_R1_K175,CAL,R1,K175,175,62,PA-H__0246,PA 20:2_22:6,0.012257418602422594,True,True,False,5.5461202885569056e-06,0.2611282723143124,0.9505388151236878,0.8852934172669955,PA,0.20390459248529008,B5_U29_U147,147,spectral_hard_spatial_high,0.7965911330049261,0.8044614121510674,0.7965911330049261,0.8044614121510674,0.42862613360124546,0.3867924528301887,0.27409032640326025,0.0,236,0.9964035324236985,1.0760213163243861,175,CAL_R1_K175,MILD,COMPUTED,True,True
MILD__CAL_R1_K175,CAL,R1,K175,175,63,PA-H__0257,PA 22:0_20:3,0.0017410963484205224,False,False,False,0.0,0.4070101497165706,0.700138513759436,0.6042594435163927,PA,0.38977747877753405,,,UNASSIGNED_FALSE_POSITIVE,,,,,,,,,,,,175,CAL_R1_K175,MILD,COMPUTED,True,False
MILD__CAL_R1_K175,CAL,R1,K175,175,65,PA-H__0260,PA 20:3_22:3,0.02543900195495104,True,True,False,5.943564314728004e-06,0.506993961836033,0.7157981623972003,0.620434407568295,PA,0.2772643794682714,,30,singleton_control,,,,,,,,,375,,2.0,175,CAL_R1_K175,MILD,COMPUTED,True,True
MILD__CAL_R1_K175,CAL,R1,K175,175,66,PA-H__0261,PA 20:3_22:4,0.0018370048725123774,False,False,False,1.3519416043154032e-07,0.402579539322542,0.7488776965339671,0.7085761609870266,PA,0.3030548023026991,,,UNASSIGNED_FALSE_POSITIVE,,,,,,,,,,,,175,CAL_R1_K175,MILD,COMPUTED,True,False
MILD__CAL_R1_K175,CAL,R1,K175,175,69,PA-H__0274,PA 22:1_20:4,0.0096375847163813,True,True,False,0.0,0.4982506449670433,0.7912873858859593,0.6692801545595407,PA,0.24475949945411957,B1_U59_U80,59,spectral_hard_spatial_low,0.679983579638752,0.7071789819376026,0.679983579638752,0.7071789819376026,0.12131038262682024,0.13592233009708737,0.062262277778382835,0.0,302,-0.29199834044192785,0.7303443264893795,175,CAL_R1_K175,MILD,COMPUTED,True,True
MILD__CAL_R1_K175,CAL,R1,K175,175,70,PA-H__0275,PA 22:2_20:4,0.007043518097748277,True,True,False,1.77922216341003e-06,0.47434523544092577,0.782540752402415,0.5657478608154209,PA,0.35023305555561457,B3_U62_U111,62,spectral_hard_spatial_low,0.6664384236453202,0.7616584564860427,0.6664384236453202,0.7616584564860427,0.07934268832688471,0.06349206349206349,0.06222121571833724,0.0,121,-0.19504475027495594,1.0000000000000002,175,CAL_R1_K175,MILD,COMPUTED,True,True
MILD__CAL_R1_K175,CAL,R1,K175,175,71,PA-H__0276,PA 22:3_20:4,0.016998844177057795,True,True,False,8.681660661383341e-06,0.5133313032763523,0.857899231006412,0.7294435960195339,PA,0.17070966057456427,,28,singleton_control,,,,,,,,,267,,2.0,175,CAL_R1_K175,MILD,COMPUTED,True,True
MILD__CAL_R1_K175,CAL,R1,K175,175,73,PA-H__0278,PA 20:4_22:5,0.005275006953076534,True,True,False,4.6175380827141565e-06,0.3445703765702606,0.8204180243532724,0.7982095721390224,PA,0.25780946949502626,B6_U66_U154,66,spectral_hard_spatial_low,0.6740246305418719,0.8117881773399014,0.6740246305418719,0.8117881773399014,0.00962556558195164,0.12878787878787878,0.00945634146761632,0.0,171,-0.23888516682926203,0.5,175,CAL_R1_K175,MILD,COMPUTED,True,True
MILD__CAL_R1_K175,CAL,R1,K175,175,74,PA-H__0279,PA 20:4_22:6,0.0024530146944912114,False,False,False,9.032607484651005e-07,0.27117341147389906,0.8204180243532724,0.7982095721390224,PA,0.33120643459138777,,,UNASSIGNED_FALSE_POSITIVE,,,,,,,,,,,,175,CAL_R1_K175,MILD,COMPUTED,True,False
MILD__CAL_R1_K175,CAL,R1,K175,175,76,PA-H__0344,PA 22:3_22:6,0.0028092495713003575,False,False,False,5.263659475923716e-07,0.27640168722125424,0.8781031661032047,0.8510618155395758,PA,0.24866381929243875,,,UNASSIGNED_FALSE_POSITIVE,,,,,,,,,,,,175,CAL_R1_K175,MILD,COMPUTED,True,False
MILD__CAL_R1_K175,CAL,R1,K175,175,77,PA-H__0353,PA 22:4_22:5,0.005796033417564587,True,True,False,1.4358433111662249e-06,0.3689568116282089,0.8791048786261756,0.824277161053695,PA,0.19722969630469922,B2_U43_U133,43,spectral_hard_spatial_high,0.896121510673235,0.8493119868637111,0.8493119868637111,0.896121510673235,0.8791048786261756,0.7721518987341772,0.824277161053695,0.12927863446635213,321,0.9964097830464953,0.689110922829001,175,CAL_R1_K175,MILD,COMPUTED,True,True
MILD__CAL_R1_K175,CAL,R1,K175,175,78,PA-H__0354,PA 22:4_22:6,0.00523601713902274,True,True,False,0.0,0.21443724145284473,0.8791048786261756,0.824277161053695,PA,0.35174926648006344,B2_U43_U133,133,spectral_hard_spatial_high,0.896121510673235,0.8493119868637111,0.8493119868637111,0.896121510673235,0.8791048786261756,0.7721518987341772,0.824277161053695,0.12927863446635213,321,0.9964097830464953,0.5,175,CAL_R1_K175,MILD,COMPUTED,True,True
MILD__CAL_R1_K175,CAL,R1,K175,175,79,PA-H__0362,PA 22:5_22:5,0.007148695742515793,False,False,False,6.074210149737089e-06,0.37471749963267753,0.9264320052062154,0.8877391609823168,PA,0.08562930665407442,,,UNASSIGNED_FALSE_POSITIVE,,,,,,,,,,,,175,CAL_R1_K175,MILD,COMPUTED,True,False
MILD__CAL_R1_K175,CAL,R1,K175,175,80,PA-H__0363,PA 22:5_22:6,0.011189479745766225,True,True,False,0.0,0.2059912863450382,0.9264320052062154,0.8877391609823168,PA,0.2543555199417138,B7_U69_U83,83,spectral_hard_spatial_high,0.7420279146141214,0.7909720853858784,0.7420279146141214,0.7909720853858784,0.07932992725041206,0.12295081967213115,0.07443819613192362,0.0,222,0.9963062276148869,2.0,175,CAL_R1_K175,MILD,COMPUTED,True,True
MILD__CAL_R1_K175,CAL,R1,K175,175,81,PA-H__0371,PA 22:6_22:6,0.0021562063524612485,False,False,False,1.2403193140747358e-06,0.5618631902016936,0.691000163096786,0.6634502848656465,PA,0.18635717808006635,,,UNASSIGNED_FALSE_POSITIVE,,,,,,,,,,,,175,CAL_R1_K175,MILD,COMPUTED,True,False
MILD__CAL_R1_K175,CAL,R1,K175,175,82,PS-H__0036,PS 14:0_20:0,0.0011023229074109155,False,False,False,0.0,0.6390062445975,0.6039215648852556,0.5917821634870438,PS,0.16709168430356958,,,UNASSIGNED_FALSE_POSITIVE,,,,,,,,,,,,175,CAL_R1_K175,MILD,COMPUTED,True,False
MILD__CAL_R1_K175,CAL,R1,K175,175,83,PS-H__0037,PS 14:0_20:1,0.020177096888422813,True,True,False,0.00013656578170069542,0.6452509214029478,0.5669019742880855,0.5507237251352834,PS,0.1894366719953947,,5,singleton_control,,,,,,,,,218,,2.0,175,CAL_R1_K175,MILD,COMPUTED,True,True
MILD__CAL_R1_K175,CAL,R1,K175,175,85,PS-H__0043,PS 14:0_22:1,0.020056301591079472,True,True,False,0.0005563590184377689,0.7566456616873307,0.5529261261358074,0.3776688339649247,PS,0.1692950771569941,B7_U17_U99,17,spectral_easy_spatial_low,0.2009326765188834,0.19224958949096882,0.19224958949096882,0.2009326765188834,0.0,0.0,0.0,0.0,246,-0.2500859324725907,2.0,175,CAL_R1_K175,MILD,COMPUTED,True,True
MILD__CAL_R1_K175,CAL,R1,K175,175,86,PS-H__0044,PS 14:0_22:2,0.0031129785905581768,False,False,False,0.0,0.4826107446087538,0.6351598729298585,0.8421239646187574,PS,0.056673251273551106,,,UNASSIGNED_FALSE_POSITIVE,,,,,,,,,,,,175,CAL_R1_K175,MILD,COMPUTED,True,False
MILD__CAL_R1_K175,CAL,R1,K175,175,87,PS-H__0045,PS 14:0_22:3,0.016222062242241025,True,True,False,6.014666424171831e-06,0.41601375018608094,0.6266366484273417,0.8392569801595195,PS,0.12772122317274553,B7_U47_U115,47,spectral_hard_spatial_high,0.7173612479474549,0.7259195402298851,0.7173612479474549,0.7259195402298851,0.09627294846157408,0.10606060606060606,0.03831324704124254,0.0,139,0.9927947904947065,1.2101381550740857,175,CAL_R1_K175,MILD,COMPUTED,True,True
MILD__CAL_R1_K175,CAL,R1,K175,175,89,PS-H__0058,PS 16:0_18:0,0.020561439633530056,True,True,False,0.0001308617067370093,0.5338078555993598,0.5969269143482696,0.5956843784845582,PS,0.2694107455482141,B1_U18_U144,18,spectral_easy_spatial_low,0.20493267651888342,0.2025353037766831,0.2025353037766831,0.20493267651888342,0.0,0.0,0.0,0.0,237,-0.1648993041493533,2.0,175,CAL_R1_K175,MILD,COMPUTED,True,True
MILD__CAL_R1_K175,CAL,R1,K175,175,90,PS-H__0059,PS 16:0_18:1,0.008630489913819515,True,True,False,1.4370744452610838e-06,0.47547241841180754,0.6012836678060572,0.6004958373364375,PS,0.3241554633817245,B6_U16_U150,16,spectral_hard_spatial_high,0.8016518883415436,0.8704121510673235,0.8016518883415436,0.8704121510673235,0.6012836678060572,0.3106796116504854,0.6004958373364375,0.0,267,0.9952910414028423,0.5,175,CAL_R1_K175,MILD,COMPUTED,True,True
MILD__CAL_R1_K175,CAL,R1,K175,175,91,PS-H__0060,PS 16:0_18:2,0.005150227348980061,True,True,False,1.516009654621631e-07,0.6781582371045598,0.5040174672653055,0.5002817714157587,PS,0.18770442474725524,B2_U4_U74,4,spectral_hard_spatial_high,0.753344827586207,0.5892348111658455,0.5892348111658455,0.753344827586207,0.3843112909970413,0.29357798165137616,0.1885816482983016,0.0,258,0.9741025901304992,0.5,175,CAL_R1_K175,MILD,COMPUTED,True,True
MILD__CAL_R1_K175,CAL,R1,K175,175,92,PS-H__0062,PS 16:0_20:0,0.004137623777982755,True,True,False,0.0,0.5982023461058829,0.4966771953016806,0.46881418646450934,PS,0.2850944661659719,B2_U23_U146,23,spectral_hard_spatial_low,0.6574581280788178,0.6583152709359607,0.6574581280788178,0.6583152709359607,0.04355266034180107,0.06944444444444445,0.043333667178812665,0.0,47,-0.36975084900206073,0.5340342571614348,175,CAL_R1_K175,MILD,COMPUTED,True,True
MILD__CAL_R1_K175,CAL,R1,K175,175,93,PS-H__0063,PS 16:0_20:1,0.0028503951345635716,False,False,False,3.4555498927290454e-06,0.438433265063827,0.6697914449178625,0.6641534926990753,PS,0.30916297498531836,,,UNASSIGNED_FALSE_POSITIVE,,,,,,,,,,,,175,CAL_R1_K175,MILD,COMPUTED,True,False
MILD__CAL_R1_K175,CAL,R1,K175,175,94,PS-H__0064,PS 16:0_20:2,0.02307838978028488,True,True,False,1.5634165138117868e-05,0.4254264414636681,0.6085440292908172,0.6058878288272445,PS,0.3701236442499894,,36,singleton_control,,,,,,,,,253,,2.0,175,CAL_R1_K175,MILD,COMPUTED,True,True
MILD__CAL_R1_K175,CAL,R1,K175,175,95,PS-H__0065,PS 16:0_20:3,0.0010985996871357973,False,False,False,2.4733435945154264e-06,0.31718607034211305,0.6379581944357362,0.8388893290291434,PS,0.2271159539431486,,,UNASSIGNED_FALSE_POSITIVE,,,,,,,,,,,,175,CAL_R1_K175,MILD,COMPUTED,True,False
MILD__CAL_R1_K175,CAL,R1,K175,175,96,PS-H__0066,PS 16:0_20:4,0.003596306217140996,True,True,False,9.56485440729744e-07,0.28261631942641324,0.543623575220217,0.9003462122557829,PS,0.1525580112465536,B2_U4_U74,74,spectral_hard_spatial_high,0.753344827586207,0.5892348111658455,0.5892348111658455,0.753344827586207,0.3843112909970413,0.29357798165137616,0.1885816482983016,0.0,258,0.9741025901304992,0.5,175,CAL_R1_K175,MILD,COMPUTED,True,True
MILD__CAL_R1_K175,CAL,R1,K175,175,99,PS-H__0084,PS 16:1_18:1,0.007641691189751019,True,True,False,5.542142830062397e-06,0.5162932804885375,0.7088748688362516,0.7013033019364238,PS,0.1965697348889397,,14,singleton_control,,,,,,,,,210,,0.5340342571614348,175,CAL_R1_K175,MILD,COMPUTED,True,True
MILD__CAL_R1_K175,CAL,R1,K175,175,102,PS-H__0089,PS 16:1_20:2,0.019848383785760586,True,True,False,1.8632286052378894e-05,0.399126245510874,0.563048838323171,0.8392569801595195,PS,0.14460872784795248,B5_U29_U147,29,spectral_hard_spatial_high,0.7965911330049261,0.8044614121510674,0.7965911330049261,0.8044614121510674,0.42862613360124546,0.3867924528301887,0.27409032640326025,0.0,236,0.9964035324236985,2.0,175,CAL_R1_K175,MILD,COMPUTED,True,True
MILD__CAL_R1_K175,CAL,R1,K175,175,105,PS-H__0107,PS 18:0_18:0,0.0018815419567163383,False,False,False,1.4372263975562072e-05,0.4331045541325963,0.7822407069839156,0.7805572307978421,PS,0.19197976773862468,,,UNASSIGNED_FALSE_POSITIVE,,,,,,,,,,,,175,CAL_R1_K175,MILD,COMPUTED,True,False
MILD__CAL_R1_K175,CAL,R1,K175,175,106,PS-H__0108,PS 18:0_18:1,0.00575782705797495,True,True,False,3.4178502734822995e-19,0.5024918162288118,0.5824944035603653,0.5811253535349179,PS,0.31132224329517844,B5_U15_U96,15,spectral_easy_spatial_low,0.22036124794745482,0.2168210180623974,0.2168210180623974,0.22036124794745482,0.0,0.0,0.0,0.0,266,-0.1747359520268898,0.689110922829001,175,CAL_R1_K175,MILD,COMPUTED,True,True
MILD__CAL_R1_K175,CAL,R1,K175,175,109,PS-H__0131,PS 18:1_18:1,0.011118935398399726,True,True,False,4.8141768320572554e-06,0.40966522110944875,0.7550139637638565,0.7530106946391664,PS,0.24834305677088325,B4_U31_U61,61,spectral_easy_spatial_low,0.1672183908045977,0.15510673234811168,0.15510673234811168,0.1672183908045977,0.0,0.0,0.0,0.0,141,-0.2083302803849885,2.0,175,CAL_R1_K175,MILD,COMPUTED,True,True
MILD__CAL_R1_K175,CAL,R1,K175,175,110,PS-H__0132,PS 18:1_18:2,0.005655664077176032,True,True,False,6.792568272893509e-07,0.5035381539353998,0.5475678123279634,0.5450127737114232,PS,0.33488958683382175,B3_U24_U71,24,spectral_easy_spatial_low,0.21500985221674876,0.1539638752052545,0.1539638752052545,0.21500985221674876,0.0,0.0,1.1952550981648553e-18,2.7908281293347514e-17,121,-0.2863965484478912,0.6170676298438253,175,CAL_R1_K175,MILD,COMPUTED,True,True
MILD__CAL_R1_K175,CAL,R1,K175,175,112,PS-H__0154,PS 18:2_18:2,0.004710618467320305,True,True,False,6.480332999939253e-06,0.48970262007816334,0.7776225381848841,0.7708922887506152,PS,0.14726290422031718,B4_U25_U52,25,spectral_easy_spatial_low,0.33451067323481115,0.16996387520525452,0.16996387520525452,0.33451067323481115,0.0,0.0,0.04481270302025489,0.42752415751716705,197,-0.2774429418448202,0.5,175,CAL_R1_K175,MILD,COMPUTED,True,True
MILD__CAL_R1_K175,CAL,R1,K175,175,114,PS-H__0457,PS 17:0_18:2,0.020784563477051647,True,True,False,0.001048748768222597,0.8592744291053689,0.42774736234787014,0.42497146944658676,PS,0.04593231532178621,B1_U3_U136,3,spectral_easy_spatial_high,0.20836124794745484,0.2082495894909688,0.2082495894909688,0.20836124794745484,0.0,0.0,0.0,0.0,239,0.972300100317437,2.0,175,CAL_R1_K175,MILD,COMPUTED,True,True
MILD__CAL_R1_K175,CAL,R1,K175,175,116,PE-H__0069,PE 16:0_22:1,0.00152512870347779,False,False,False,0.0,0.20454583643989277,0.8508967724619106,0.8469294720807093,PE,0.32715941021570594,,,UNASSIGNED_FALSE_POSITIVE,,,,,,,,,,,,175,CAL_R1_K175,MILD,COMPUTED,True,False
MILD__CAL_R1_K175,CAL,R1,K175,175,119,PE-H__0072,PE 16:0_22:4,0.008565323295670111,False,False,False,2.460073749596711e-07,0.15895469448868532,0.9923755383909935,0.9175531099957062,PE,0.2386585476665622,,,UNASSIGNED_FALSE_POSITIVE,,,,,,,,,,,,175,CAL_R1_K175,MILD,COMPUTED,True,False
MILD__CAL_R1_K175,CAL,R1,K175,175,120,PE-H__0073,PE 16:0_22:5,0.003536526148223149,False,False,False,0.0,0.20118322550403206,0.989185985750406,0.9054249265947024,PE,0.22332319647445553,,,UNASSIGNED_FALSE_POSITIVE,,,,,,,,,,,,175,CAL_R1_K175,MILD,COMPUTED,True,False
MILD__CAL_R1_K175,CAL,R1,K175,175,121,PE-H__0074,PE 16:0_22:6,0.005377650391971268,True,True,False,0.0,0.314182126552006,0.9755490303044848,0.7991402195004995,PE,0.28696253954484413,B4_U73_U152,152,spectral_easy_spatial_high,0.24607553366174056,0.23967816091954022,0.23967816091954022,0.24607553366174056,0.0,0.0,0.0,0.0,136,0.9831746852271556,0.7802037075442214,175,CAL_R1_K175,MILD,COMPUTED,True,True
MILD__CAL_R1_K175,CAL,R1,K175,175,122,PE-H__0079,PE 16:0_24:4,0.01346355889090052,True,True,False,1.2843133225965231e-06,0.20377617848089738,0.9122851422164004,0.9087919461652159,PE,0.21347338543168412,,108,singleton_control,,,,,,,,,331,,1.4538436095675817,175,CAL_R1_K175,MILD,COMPUTED,True,True
MILD__CAL_R1_K175,CAL,R1,K175,175,126,PE-H__0094,PE 16:1_22:1,0.0028225041133204893,False,False,False,0.0,0.29634414058106057,0.6962164662208943,0.6758005235637231,PE,0.4407404219699385,,,UNASSIGNED_FALSE_POSITIVE,,,,,,,,,,,,175,CAL_R1_K175,MILD,COMPUTED,True,False
MILD__CAL_R1_K175,CAL,R1,K175,175,127,PE-H__0095,PE 16:1_22:2,0.009039254640019815,True,True,False,0.0,0.1902046504564912,0.8370713096641478,0.8327039416825855,PE,0.3635138208863791,,120,singleton_control,,,,,,,,,227,,2.0,175,CAL_R1_K175,MILD,COMPUTED,True,True
MILD__CAL_R1_K175,CAL,R1,K175,175,128,PE-H__0096,PE 16:1_22:3,0.004582953552806901,False,False,False,1.7381102143907972e-07,0.12325824954460242,0.9816952449555878,0.9452978564848522,PE,0.20295021528294271,,,UNASSIGNED_FALSE_POSITIVE,,,,,,,,,,,,175,CAL_R1_K175,MILD,COMPUTED,True,False
MILD__CAL_R1_K175,CAL,R1,K175,175,132,PE-H__0111,PE 18:0_20:0,0.01643011116260801,True,True,False,9.807271297797934e-05,0.40021591861516753,0.8568501347183278,0.7562161979702491,PE,0.2541059149861736,B2_U7_U22,22,spectral_easy_spatial_high,0.16836124794745483,0.15682101806239737,0.15682101806239737,0.16836124794745483,0.0,0.0,0.0,0.0,175,0.9908210921260467,2.0,175,CAL_R1_K175,MILD,COMPUTED,True,True
MILD__CAL_R1_K175,CAL,R1,K175,175,133,PE-H__0112,PE 18:0_20:1,0.002209014127993441,False,False,False,0.0,0.25393425517668783,0.9625905679777863,0.9005810898095516,PE,0.1807537946676117,,,UNASSIGNED_FALSE_POSITIVE,,,,,,,,,,,,175,CAL_R1_K175,MILD,COMPUTED,True,False
MILD__CAL_R1_K175,CAL,R1,K175,175,134,PE-H__0113,PE 18:0_20:2,0.0077274431678081195,True,True,False,0.0,0.20640637141641593,0.9682389481430238,0.9448656056104635,PE,0.12105200354805495,,121,singleton_control,,,,,,,,,228,,2.0,175,CAL_R1_K175,MILD,COMPUTED,True,True
MILD__CAL_R1_K175,CAL,R1,K175,175,135,PE-H__0114,PE 18:0_20:3,0.00538316988346727,False,False,False,0.0,0.19168425851262216,0.9604368385083139,0.9433762539768673,PE,0.1400403915099126,,,UNASSIGNED_FALSE_POSITIVE,,,,,,,,,,,,175,CAL_R1_K175,MILD,COMPUTED,True,False
MILD__CAL_R1_K175,CAL,R1,K175,175,136,PE-H__0115,PE 18:0_20:4,0.013148549036321934,True,True,False,1.928314518957715e-06,0.22953824843435902,0.9681638035480906,0.9143115872726723,PE,0.17547325927736837,,85,singleton_control,,,,,,,,,93,,2.0,175,CAL_R1_K175,MILD,COMPUTED,True,True
MILD__CAL_R1_K175,CAL,R1,K175,175,137,PE-H__0116,PE 18:0_20:5,0.0041907645505143655,False,False,False,0.0,0.4239120961696826,0.9850297730134422,0.6681402735052041,PE,0.320123235599173,,,UNASSIGNED_FALSE_POSITIVE,,,,,,,,,,,,175,CAL_R1_K175,MILD,COMPUTED,True,False
MILD__CAL_R1_K175,CAL,R1,K175,175,138,PE-H__0120,PE 18:0_22:3,0.007974771195656401,True,True,False,0.0,0.13894652703571336,0.9701015028997059,0.9625813127302882,PE,0.13204649203015678,,169,singleton_control,,,,,,,,,375,,1.2101381550740857,175,CAL_R1_K175,MILD,COMPUTED,True,True
MILD__CAL_R1_K175,CAL,R1,K175,175,139,PE-H__0121,PE 18:0_22:4,0.02185673900642411,True,True,False,2.808282720644458e-07,0.18017532391550736,0.9584828806991764,0.9476228644253383,PE,0.1392161393679012,B4_U126_U171,126,spectral_hard_spatial_low,0.7525139573070609,0.8976781609195403,0.7525139573070609,0.8976781609195403,0.02992790631716465,0.10227272727272728,0.029587357908151594,0.0,197,-0.19905542646220367,0.6170676298438253,175,CAL_R1_K175,MILD,COMPUTED,True,True
MILD__CAL_R1_K175,CAL,R1,K175,175,140,PE-H__0122,PE 18:0_22:5,0.006920669937015883,True,True,False,4.0456560920108995e-07,0.21456025597759804,0.9193711031721301,0.901852911837853,PE,0.21748294256808653,B3_U13_U90,90,spectral_hard_spatial_high,0.7239244663382594,0.6166551724137932,0.6166551724137932,0.7239244663382594,0.17572525850461496,0.11711711711711711,0.1511902006158474,0.0,81,0.9972117040223596,2.0,175,CAL_R1_K175,MILD,COMPUTED,True,True
MILD__CAL_R1_K175,CAL,R1,K175,175,141,PE-H__0123,PE 18:0_22:6,0.015034833199754693,True,True,False,2.794282646121414e-06,0.3578455473352584,0.8518939235283789,0.8004891666672417,PE,0.2415016759405193,,50,singleton_control,,,,,,,,,102,,2.0,175,CAL_R1_K175,MILD,COMPUTED,True,True
MILD__CAL_R1_K175,CAL,R1,K175,175,142,PE-H__0134,PE 20:0_18:1,0.0030818465370014135,True,True,False,4.122150347559952e-07,0.4201460661155732,0.9552207873236039,0.7397008730161401,PE,0.25278975434516,,97,singleton_control,,,,,,,,,271,,0.6170676298438253,175,CAL_R1_K175,MILD,COMPUTED,True,True
MILD__CAL_R1_K175,CAL,R1,K175,175,143,PE-H__0135,PE 18:1_20:1,0.005317966081117572,True,True,False,3.9299188482039676e-07,0.3563849153816259,0.8094724455380994,0.7393804801889361,PE,0.31690291720973934,B6_U67_U77,67,spectral_easy_spatial_low,0.21236124794745484,0.20196387520525452,0.20196387520525452,0.21236124794745484,0.0,0.0,0.0,0.0,361,-0.11676484192385192,0.5340342571614348,175,CAL_R1_K175,MILD,COMPUTED,True,True
MILD__CAL_R1_K175,CAL,R1,K175,175,144,PE-H__0136,PE 18:1_20:2,0.0035129063381231945,False,False,False,0.0,0.23433578314102768,0.9251187567839819,0.8989316145711029,PE,0.20375319449318544,,,UNASSIGNED_FALSE_POSITIVE,,,,,,,,,,,,175,CAL_R1_K175,MILD,COMPUTED,True,False
MILD__CAL_R1_K175,CAL,R1,K175,175,145,PE-H__0137,PE 18:1_20:3,0.004111477303096432,True,True,False,0.0,0.17948687007626737,0.9658056478918986,0.9200954043558142,PE,0.2122074583015007,B4_U104_U161,104,spectral_hard_spatial_high,0.7374532019704434,0.7812118226600986,0.7374532019704434,0.7812118226600986,0.02432721425754833,0.11363636363636363,0.023836859555820926,0.0,159,0.996212914495482,1.0000000000000002,175,CAL_R1_K175,MILD,COMPUTED,True,True
MILD__CAL_R1_K175,CAL,R1,K175,175,146,PE-H__0138,PE 18:1_20:4,0.010617014163325047,True,True,False,2.7653964278598203e-06,0.23301651126656459,0.9304715731040568,0.9055947706552474,PE,0.1911274635366499,B7_U17_U99,99,spectral_easy_spatial_low,0.2009326765188834,0.19224958949096882,0.19224958949096882,0.2009326765188834,0.0,0.0,0.0,0.0,266,-0.2500859324725907,2.0,175,CAL_R1_K175,MILD,COMPUTED,True,True
MILD__CAL_R1_K175,CAL,R1,K175,175,147,PE-H__0139,PE 18:1_20:5,0.0013848716611044429,False,False,False,0.0,0.3998586987063159,0.9724669479844656,0.7719148349631345,PE,0.2358672544872255,,,UNASSIGNED_FALSE_POSITIVE,,,,,,,,,,,,175,CAL_R1_K175,MILD,COMPUTED,True,False
MILD__CAL_R1_K175,CAL,R1,K175,175,149,PE-H__0143,PE 18:1_22:3,0.0023546946011248106,False,False,False,1.3436922389634302e-09,0.10400557506001402,0.9605256779361461,0.9604944850033889,PE,0.1742934444820513,,,UNASSIGNED_FALSE_POSITIVE,,,,,,,,,,,,175,CAL_R1_K175,MILD,COMPUTED,True,False
MILD__CAL_R1_K175,CAL,R1,K175,175,152,PE-H__0146,PE 18:1_22:6,0.0056261761489788615,False,False,False,0.0,0.3159564682544253,0.8033916799379116,0.7760340770949737,PE,0.3147345109004634,,,UNASSIGNED_FALSE_POSITIVE,,,,,,,,,,,,175,CAL_R1_K175,MILD,COMPUTED,True,False
MILD__CAL_R1_K175,CAL,R1,K175,175,153,PE-H__0156,PE 20:0_18:2,0.0044264044637197806,False,False,False,1.5259040137869127e-07,0.3689127363796803,0.9407978177228559,0.8058240226878673,PE,0.22324234842424456,,,UNASSIGNED_FALSE_POSITIVE,,,,,,,,,,,,175,CAL_R1_K175,MILD,COMPUTED,True,False
MILD__CAL_R1_K175,CAL,R1,K175,175,154,PE-H__0157,PE 20:1_18:2,0.002586493309942396,False,False,False,0.0,0.3477875659110764,0.8910754995054128,0.7708509875865739,PE,0.2892279401300275,,,UNASSIGNED_FALSE_POSITIVE,,,,,,,,,,,,175,CAL_R1_K175,MILD,COMPUTED,True,False
MILD__CAL_R1_K175,CAL,R1,K175,175,155,PE-H__0158,PE 18:2_20:2,0.008256576088794527,False,False,False,0.0,0.18632332063996887,0.930785287256962,0.7430427070574672,PE,0.4829206823131476,,,UNASSIGNED_FALSE_POSITIVE,,,,,,,,,,,,175,CAL_R1_K175,MILD,COMPUTED,True,False
MILD__CAL_R1_K175,CAL,R1,K175,175,156,PE-H__0159,PE 18:2_20:3,0.005420646309372471,True,True,False,0.0,0.14518288049439587,0.9537646675247846,0.7427822111270515,PE,0.5243502305861603,,174,singleton_control,,,,,,,,,330,,0.5340342571614348,175,CAL_R1_K175,MILD,COMPUTED,True,True
MILD__CAL_R1_K175,CAL,R1,K175,175,157,PE-H__0160,PE 18:2_20:4,0.01498843758340149,True,True,False,1.2042892698197818e-06,0.14619914077909651,0.9616518591994055,0.9130395109281053,PE,0.2616719803905277,B6_U98_U173,173,spectral_hard_spatial_low,0.8597422003284073,0.8148932676518884,0.8148932676518884,0.8597422003284073,0.9616518591994055,0.24060150375939848,0.8407820069293783,0.0,94,-0.16317626825645523,0.689110922829001,175,CAL_R1_K175,MILD,COMPUTED,True,True
MILD__CAL_R1_K175,CAL,R1,K175,175,159,PE-H__0163,PE 22:1_18:2,0.024336814046844495,True,True,False,1.3185300593231668e-05,0.5331745268800695,0.8840894589858442,0.6735070252941758,PE,0.20600629462397246,,45,singleton_control,,,,,,,,,320,,2.0,175,CAL_R1_K175,MILD,COMPUTED,True,True
MILD__CAL_R1_K175,CAL,R1,K175,175,160,PE-H__0164,PE 18:2_22:2,0.006703395550299918,False,False,False,1.0216104626708563e-07,0.1271355008514916,0.9008257061441529,0.9005744438179483,PE,0.3075663178035413,,,UNASSIGNED_FALSE_POSITIVE,,,,,,,,,,,,175,CAL_R1_K175,MILD,COMPUTED,True,False
MILD__CAL_R1_K175,CAL,R1,K175,175,161,PE-H__0165,PE 18:2_22:3,0.01650855375380881,True,True,False,2.3809012645322178e-06,0.12289383117903037,0.8792970872952994,0.8792923996515524,PE,0.35338851776434027,,112,singleton_control,,,,,,,,,159,,2.0,175,CAL_R1_K175,MILD,COMPUTED,True,True
MILD__CAL_R1_K175,CAL,R1,K175,175,162,PE-H__0166,PE 18:2_22:4,0.00884657810759931,True,True,False,0.0,0.09902267490516374,0.9706937176364202,0.9706434853670334,PE,0.14150013963544839,,153,singleton_control,,,,,,,,,302,,0.7802037075442214,175,CAL_R1_K175,MILD,COMPUTED,True,True
MILD__CAL_R1_K175,CAL,R1,K175,175,163,PE-H__0167,PE 18:2_22:5,0.0034106172927675046,True,True,False,0.0,0.16453696138061585,0.9332832381772025,0.9254990815922642,PE,0.21421289006737537,B5_U53_U107,107,spectral_hard_spatial_low,0.6654942528735632,0.6520853858784894,0.6520853858784894,0.6654942528735632,0.021714641680353045,0.06428571428571428,0.020550207359117337,0.0,237,-0.1259374518719479,0.5,175,CAL_R1_K175,MILD,COMPUTED,True,True
MILD__CAL_R1_K175,CAL,R1,K175,175,164,PE-H__0168,PE 18:2_22:6,0.006119728750740748,True,True,False,3.954770303165135e-06,0.2708371237553922,0.7986746851823461,0.7790152182518231,PE,0.3561678919598447,,56,singleton_control,,,,,,,,,299,,1.2101381550740857,175,CAL_R1_K175,MILD,COMPUTED,True,True
MILD__CAL_R1_K175,CAL,R1,K175,175,165,PE-H__0177,PE 20:0_18:3,0.004788922803711737,True,True,False,1.772694984670722e-06,0.43633437740238207,0.8248460600779068,0.7213783232948695,PE,0.2562068233072095,B7_U68_U165,68,spectral_easy_spatial_low,0.2517898193760263,0.2448210180623974,0.2448210180623974,0.2517898193760263,0.0,0.0,0.0,0.0,90,-0.5136120757530067,0.7802037075442214,175,CAL_R1_K175,MILD,COMPUTED,True,True
MILD__CAL_R1_K175,CAL,R1,K175,175,166,PE-H__0178,PE 20:1_18:3,0.006546802197949127,True,True,False,1.575602142344861e-08,0.4489705865818388,0.9659907277452849,0.7775930923942953,PE,0.17979724231900202,B6_U39_U54,39,spectral_easy_spatial_low,0.1792183908045977,0.5071083743842364,0.1792183908045977,0.5071083743842364,0.0,0.0,0.0,0.0,212,-0.12485182569342557,0.7303443264893795,175,CAL_R1_K175,MILD,COMPUTED,True,True
MILD__CAL_R1_K175,CAL,R1,K175,175,167,PE-H__0181,PE 18:3_20:4,0.0010935138794166488,False,False,False,0.0,0.15717262060050777,0.9796724074104938,0.8883052400815383,PE,0.3020809046376558,,,UNASSIGNED_FALSE_POSITIVE,,,,,,,,,,,,175,CAL_R1_K175,MILD,COMPUTED,True,False
MILD__CAL_R1_K175,CAL,R1,K175,175,168,PE-H__0187,PE 18:3_22:4,0.021731858958478352,True,True,False,3.249998460975029e-06,0.15449729928871136,0.8993915019835691,0.8993382947548886,PE,0.2827562102310741,B6_U66_U154,154,spectral_hard_spatial_low,0.6740246305418719,0.8117881773399014,0.6740246305418719,0.8117881773399014,0.00962556558195164,0.12878787878787878,0.00945634146761632,0.0,308,-0.23888516682926203,1.8682084992203376,175,CAL_R1_K175,MILD,COMPUTED,True,True
MILD__CAL_R1_K175,CAL,R1,K175,175,169,PE-H__0188,PE 18:3_22:5,0.0066336982751502346,False,False,False,2.5876602579700097e-08,0.18752526203346254,0.8954083946283774,0.8890345436297913,PE,0.2703148631554168,,,UNASSIGNED_FALSE_POSITIVE,,,,,,,,,,,,175,CAL_R1_K175,MILD,COMPUTED,True,False
MILD__CAL_R1_K175,CAL,R1,K175,175,170,PE-H__0200,PE 20:0_20:3,0.009191267841465749,False,False,False,0.0,0.23032749244938702,0.9788474233762352,0.94467750434353,PE,0.09767313679891157,,,UNASSIGNED_FALSE_POSITIVE,,,,,,,,,,,,175,CAL_R1_K175,MILD,COMPUTED,True,False
MILD__CAL_R1_K175,CAL,R1,K175,175,171,PE-H__0201,PE 20:0_20:4,0.006179315766682648,True,True,False,2.6202224578051107e-06,0.29604340865370693,0.9599646577371467,0.9207863176222774,PE,0.09402396665420898,B5_U87_U129,129,spectral_hard_spatial_low,0.8012939244663384,0.8002692939244664,0.8002692939244664,0.8012939244663384,0.8987186161090558,0.23846153846153847,0.43680095925433426,0.0,141,-0.446971011986587,2.0,175,CAL_R1_K175,MILD,COMPUTED,True,True
MILD__CAL_R1_K175,CAL,R1,K175,175,172,PE-H__0202,PE 20:0_20:5,0.0047718021813685394,False,False,False,0.0,0.42609430792144315,0.8451414828957593,0.6792961262597426,PE,0.30776996621138847,,,UNASSIGNED_FALSE_POSITIVE,,,,,,,,,,,,175,CAL_R1_K175,MILD,COMPUTED,True,False
MILD__CAL_R1_K175,CAL,R1,K175,175,174,PE-H__0219,PE 20:1_20:3,0.006508292034046494,False,False,False,0.0,0.15409170574418976,0.9673598800301968,0.9574552798625677,PE,0.13448997604329319,,,UNASSIGNED_FALSE_POSITIVE,,,,,,,,,,,,175,CAL_R1_K175,MILD,COMPUTED,True,False
MILD__CAL_R1_K175,CAL,R1,K175,175,176,PE-H__0221,PE 20:1_20:5,0.00381122069703996,False,False,False,1.0910086800535002e-09,0.3973599004661181,0.7993795604865694,0.6792961262597426,PE,0.33650437366671354,,,UNASSIGNED_FALSE_POSITIVE,,,,,,,,,,,,175,CAL_R1_K175,MILD,COMPUTED,True,False
MILD__CAL_R1_K175,CAL,R1,K175,175,177,PE-H__0236,PE 20:2_20:2,0.009137790207055251,True,True,False,0.0,0.13796437864051098,0.9885666181646524,0.9803192870333286,PE,0.05945420070415522,,175,singleton_control,,,,,,,,,210,,0.5,175,CAL_R1_K175,MILD,COMPUTED,True,True
MILD__CAL_R1_K175,CAL,R1,K175,175,179,PE-H__0238,PE 20:2_20:4,0.004875755642018711,True,True,False,6.438565529441117e-07,0.18995619886808268,0.9559925050099088,0.9369316641113805,PE,0.15955640002569,B3_U102_U170,102,spectral_hard_spatial_low,0.7658210180623974,0.7055155993431855,0.7055155993431855,0.7658210180623974,0.03085693327679168,0.171875,0.006477920006387038,0.0,390,-0.25005750554930434,0.5,175,CAL_R1_K175,MILD,COMPUTED,True,True
MILD__CAL_R1_K175,CAL,R1,K175,175,180,PE-H__0239,PE 20:2_20:5,0.017368050663051228,True,True,False,3.0943472568834886e-05,0.3893851070272266,0.798793448092428,0.6606806154113212,PE,0.36128201255356196,B3_U44_U157,44,spectral_easy_spatial_low,0.25750410509031196,0.2556781609195402,0.2556781609195402,0.25750410509031196,0.0,0.0,0.0,0.0,284,-0.13767961333297224,2.0,175,CAL_R1_K175,MILD,COMPUTED,True,True
MILD__CAL_R1_K175,CAL,R1,K175,175,182,PE-H__0255,PE 20:3_20:4,0.022402547130547613,True,True,False,3.8553029853073394e-06,0.12448475029069515,0.9204161266642652,0.9128348333325689,PE,0.2838442433586674,B7_U68_U165,165,spectral_easy_spatial_low,0.2517898193760263,0.2448210180623974,0.2448210180623974,0.2517898193760263,0.0,0.0,0.0,0.0,106,-0.5136120757530067,2.0,175,CAL_R1_K175,MILD,COMPUTED,True,True
MILD__CAL_R1_K175,CAL,R1,K175,175,183,PE-H__0256,PE 20:3_20:5,0.00709063757400998,True,True,False,3.8144639045289983e-06,0.33900755670745725,0.7617570615123257,0.6460284911629157,PE,0.42430573978734804,B2_U70_U101,70,spectral_easy_spatial_low,0.20378981937602628,0.20139244663382594,0.20139244663382594,0.20378981937602628,0.0,0.0,0.0,0.0,248,-0.3454720889085783,1.0000000000000002,175,CAL_R1_K175,MILD,COMPUTED,True,True
MILD__CAL_R1_K175,CAL,R1,K175,175,184,PE-H__0271,PE 20:4_20:4,0.02089395045881599,True,True,False,0.0,0.12143494692201809,0.9845400250879618,0.9715405518090002,PE,0.11543834450329934,B7_U78_U122,122,spectral_hard_spatial_low,0.8752824302134646,0.9022348111658457,0.8752824302134646,0.9022348111658457,0.9772760589772699,0.3225806451612903,0.9190309912079919,0.0,90,-0.2519892501498217,0.5,175,CAL_R1_K175,MILD,COMPUTED,True,True
MILD__CAL_R1_K175,CAL,R1,K175,175,186,PE-H__0459,PE 17:0_20:0,0.0054657673185860315,False,False,False,1.087323441800232e-08,0.2698075638945543,0.9206618024583055,0.8460604591945621,PE,0.26327938903853587,,,UNASSIGNED_FALSE_POSITIVE,,,,,,,,,,,,175,CAL_R1_K175,MILD,COMPUTED,True,False
MILD__CAL_R1_K175,CAL,R1,K175,175,187,PE-H__0460,PE 17:0_20:1,0.007442181305523319,True,True,False,0.0,0.21935078912512027,0.9551170493571611,0.9037729092166604,PE,0.20866151042485073,,142,singleton_control,,,,,,,,,284,,0.7303443264893795,175,CAL_R1_K175,MILD,COMPUTED,True,True
MILD__CAL_R1_K175,CAL,R1,K175,175,189,PE-H__0462,PE 17:0_20:3,0.0028823359104567414,True,True,False,1.326975149830624e-07,0.15187039632663366,0.9898819477902964,0.9455757956032335,PE,0.17353153170900668,B2_U58_U139,139,spectral_easy_spatial_low,0.2837898193760263,0.2425353037766831,0.2425353037766831,0.2837898193760263,0.0,0.0,0.0,0.0,271,-0.11740715949168594,0.8939526432607221,175,CAL_R1_K175,MILD,COMPUTED,True,True
MILD__CAL_R1_K175,CAL,R1,K175,175,190,PE-H__0463,PE 17:0_20:4,0.007471366321882076,True,True,False,2.744478569757285e-07,0.1628046691202565,0.9887826418894832,0.9240092007107269,PE,0.21956556638706384,B3_U149_U167,167,spectral_hard_spatial_high,0.931169129720854,0.8823284072249589,0.8823284072249589,0.931169129720854,0.9152079059871879,0.35714285714285715,0.8796100794621347,0.0024602488365893832,234,0.9969096604356702,0.5,175,CAL_R1_K175,MILD,COMPUTED,True,True
MILD__CAL_R1_K175,CAL,R1,K175,175,191,PE-H__0464,PE 17:0_20:5,0.012159037173804536,True,True,False,9.396114145674766e-06,0.34361334142228894,0.9811934844127886,0.7108936864274412,PE,0.35968614428604206,,127,singleton_control,,,,,,,,,81,,2.0,175,CAL_R1_K175,MILD,COMPUTED,True,True
MILD__CAL_R1_K175,CAL,R1,K175,175,193,PE-H__0467,PE 17:0_22:2,0.014548016199246125,False,False,False,6.771186853587102e-07,0.13503108538528152,0.9386569008618137,0.9358581192272978,PE,0.21734595795940753,,,UNASSIGNED_FALSE_POSITIVE,,,,,,,,,,,,175,CAL_R1_K175,MILD,COMPUTED,True,False
MILD__CAL_R1_K175,CAL,R1,K175,175,196,PE-H__0470,PE 17:0_22:5,0.003387481925595853,False,False,False,1.4153502257596621e-09,0.20553202250395822,0.9211023236447361,0.903597002570837,PE,0.22285151703158326,,,UNASSIGNED_FALSE_POSITIVE,,,,,,,,,,,,175,CAL_R1_K175,MILD,COMPUTED,True,False
MILD__CAL_R1_K175,CAL,R1,K175,175,197,PE-H__0471,PE 17:0_22:6,0.005228181748461317,False,False,False,0.0,0.31244709118745745,0.8271838267520604,0.7871361511830383,PE,0.30433218821543645,,,UNASSIGNED_FALSE_POSITIVE,,,,,,,,,,,,175,CAL_R1_K175,MILD,COMPUTED,True,False
MILD__CAL_R1_K175,CAL,R1,K175,175,198,PE-H__0481,PE 20:0_17:1,0.024650471875027537,True,True,False,8.415841853386423e-06,0.3521808615762064,0.9829394646770109,0.8238355564584399,PE,0.21464801552411628,,128,singleton_control,,,,,,,,,224,,2.0,175,CAL_R1_K175,MILD,COMPUTED,True,True
MILD__CAL_R1_K175,CAL,R1,K175,175,199,PE-H__0482,PE 17:1_20:1,0.0011530137830686933,False,False,False,0.0,0.2809048613188857,0.9726361074886047,0.7937994919963063,PE,0.3272746898881621,,,UNASSIGNED_FALSE_POSITIVE,,,,,,,,,,,,175,CAL_R1_K175,MILD,COMPUTED,True,False
MILD__CAL_R1_K175,CAL,R1,K175,175,200,PE-H__0483,PE 17:1_20:2,0.0126968006793124,True,True,False,5.138965902316226e-07,0.18976008058885643,0.9965803996234099,0.9135491254421633,PE,0.2169683243742819,,145,singleton_control,,,,,,,,,152,,2.0,175,CAL_R1_K175,MILD,COMPUTED,True,True
MILD__CAL_R1_K175,CAL,R1,K175,175,202,PE-H__0485,PE 17:1_20:4,0.02592101411854957,True,True,False,8.082705400410706e-07,0.17664660802052665,0.9853779862370524,0.9110162578782207,PE,0.23572382967059016,B1_U55_U166,166,spectral_hard_spatial_high,0.6350459770114942,0.4994794745484401,0.4994794745484401,0.6350459770114942,8.269231022895112e-05,0.14705882352941177,7.388365332041578e-06,0.0,215,0.9972585976267122,0.5,175,CAL_R1_K175,MILD,COMPUTED,True,True
MILD__CAL_R1_K175,CAL,R1,K175,175,203,PE-H__0488,PE 17:1_22:1,0.017384519841756235,True,True,False,2.5616713992418157e-06,0.25190782559573593,0.7015424004109266,0.6921065620053083,PE,0.46988751023651537,B4_U73_U152,73,spectral_easy_spatial_high,0.24607553366174056,0.23967816091954022,0.23967816091954022,0.24607553366174056,0.0,0.0,0.0,0.0,136,0.9831746852271556,2.0,175,CAL_R1_K175,MILD,COMPUTED,True,True
MILD__CAL_R1_K175,CAL,R1,K175,175,204,PE-H__0490,PE 17:1_22:3,0.011508884067149904,True,True,False,0.0,0.10570325194754038,0.9599558000648393,0.9599528994369606,PE,0.17445818519642592,B6_U131_U143,143,spectral_hard_spatial_high,0.7625665024630542,0.8978866995073893,0.7625665024630542,0.8978866995073893,0.029825952369767195,0.09411764705882353,0.02982334257553857,0.0,319,0.9897720996411972,2.0,175,CAL_R1_K175,MILD,COMPUTED,True,True
MILD__CAL_R1_K175,CAL,R1,K175,175,205,PE-H__0491,PE 17:1_22:4,0.001144423860608209,True,True,False,0.0,0.11399010042613276,0.9648613999266584,0.9648442794130716,PE,0.14883211416744102,B7_U134_U159,134,spectral_hard_spatial_low,0.667512315270936,0.6009211822660099,0.6009211822660099,0.667512315270936,0.0009925553667304824,0.1171875,0.0009787894940145214,0.0,338,-0.17794431856725149,0.8939526432607221,175,CAL_R1_K175,MILD,COMPUTED,True,True
MILD__CAL_R1_K175,CAL,R1,K175,175,206,PE-H__0492,PE 17:1_22:5,0.001576381828603955,False,False,False,0.0,0.1734421065443991,0.9209267513286628,0.914161168407914,PE,0.23190880091119995,,,UNASSIGNED_FALSE_POSITIVE,,,,,,,,,,,,175,CAL_R1_K175,MILD,COMPUTED,True,False
MILD__CAL_R1_K175,CAL,R1,K175,175,207,PE-H__0493,PE 17:1_22:6,0.0016268362022285696,False,False,False,0.0,0.2805102678681988,0.8065738667783828,0.7806595188417996,PE,0.34444630313629093,,,UNASSIGNED_FALSE_POSITIVE,,,,,,,,,,,,175,CAL_R1_K175,MILD,COMPUTED,True,False
MILD__CAL_R1_K175,CAL,R1,K175,175,208,PEO-H__0072,PE O-16:0_22:1,0.0019939177403338923,False,False,False,1.40620842148459e-09,0.25810380084870377,0.9626827699537985,0.9563306222117823,PE,0.034183285797328655,,,UNASSIGNED_FALSE_POSITIVE,,,,,,,,,,,,175,CAL_R1_K175,MILD,COMPUTED,True,False
MILD__CAL_R1_K175,CAL,R1,K175,175,210,PEO-H__0074,PE O-16:0_22:3,0.010556603307854984,True,True,False,6.32255382172512e-08,0.19242974363625995,0.9756545054698517,0.9718809394238797,PE,0.04304305645869205,B1_U3_U136,136,spectral_easy_spatial_high,0.20836124794745484,0.2082495894909688,0.2082495894909688,0.20836124794745484,0.0,0.0,0.0,0.0,239,0.972300100317437,2.0,175,CAL_R1_K175,MILD,COMPUTED,True,True
MILD__CAL_R1_K175,CAL,R1,K175,175,211,PEO-H__0075,PE O-16:0_22:4,0.012194824616157871,False,False,False,6.787932559146405e-08,0.21233553953653375,0.9788297262879938,0.96428133306626,PE,0.0525446422437508,,,UNASSIGNED_FALSE_POSITIVE,,,,,,,,,,,,175,CAL_R1_K175,MILD,COMPUTED,True,False
MILD__CAL_R1_K175,CAL,R1,K175,175,212,PEO-H__0076,PE O-16:0_22:5,0.0019676772562850072,False,False,False,1.7522381278767128e-08,0.2748935194643735,0.9595548171321114,0.9099757812121108,PE,0.1397678816901211,,,UNASSIGNED_FALSE_POSITIVE,,,,,,,,,,,,175,CAL_R1_K175,MILD,COMPUTED,True,False
MILD__CAL_R1_K175,CAL,R1,K175,175,213,PEO-H__0077,PE O-16:0_22:6,0.0010182868138467825,False,False,False,0.0,0.48470573742722234,0.900438885889574,0.7632124702069613,PE,0.1614418659271415,,,UNASSIGNED_FALSE_POSITIVE,,,,,,,,,,,,175,CAL_R1_K175,MILD,COMPUTED,True,False
MILD__CAL_R1_K175,CAL,R1,K175,175,214,PEO-H__0099,PE O-16:1_22:0,0.004280564495759826,True,True,False,9.950358671013585e-07,0.5895517686839958,0.9743633702676963,0.6718844687566582,PE,0.15110419776978434,B3_U27_U48,27,spectral_easy_spatial_high,0.1769326765188834,0.1802495894909688,0.1769326765188834,0.1802495894909688,0.0,0.0,0.0,0.0,94,0.9945180924853226,0.5340342571614348,175,CAL_R1_K175,MILD,COMPUTED,True,True
MILD__CAL_R1_K175,CAL,R1,K175,175,215,PEO-H__0100,PE O-16:1_22:1,0.0027190016921820673,False,False,False,0.0,0.3096547237703799,0.9753848425333608,0.924433450475611,PE,0.07168868530044187,,,UNASSIGNED_FALSE_POSITIVE,,,,,,,,,,,,175,CAL_R1_K175,MILD,COMPUTED,True,False
MILD__CAL_R1_K175,CAL,R1,K175,175,216,PEO-H__0101,PE O-16:1_22:2,0.005159452736599166,True,True,False,0.0,0.19181527150552552,0.9804782409271666,0.972095163534486,PE,0.04277158454753846,,156,singleton_control,,,,,,,,,101,,1.4538436095675817,175,CAL_R1_K175,MILD,COMPUTED,True,True
MILD__CAL_R1_K175,CAL,R1,K175,175,217,PEO-H__0102,PE O-16:1_22:3,0.013312032373927514,False,False,False,9.071854195737356e-07,0.15301712497872955,0.978974472761994,0.9789476971502981,PE,0.05109413449543146,,,UNASSIGNED_FALSE_POSITIVE,,,,,,,,,,,,175,CAL_R1_K175,MILD,COMPUTED,True,False
MILD__CAL_R1_K175,CAL,R1,K175,175,218,PEO-H__0103,PE O-16:1_22:4,0.009800429225948594,True,True,False,1.0766399389727968e-06,0.12973055438059183,0.9809547878114457,0.9808689663219521,PE,0.06493857749836135,B5_U140_U172,172,spectral_easy_spatial_high,0.45007881773399017,0.2859638752052545,0.2859638752052545,0.45007881773399017,2.858119256201316e-08,0.03333333333333333,1.8356064506542944e-08,0.0,329,0.9957442371552778,0.5,175,CAL_R1_K175,MILD,COMPUTED,True,True
MILD__CAL_R1_K175,CAL,R1,K175,175,219,PEO-H__0104,PE O-16:1_22:5,0.015025076554396962,True,True,False,3.533440583793185e-10,0.21260509314897325,0.9595548171321114,0.944720452955995,PE,0.11527181327570851,B2_U88_U158,88,spectral_easy_spatial_high,0.28778981937602627,0.265392446633826,0.265392446633826,0.28778981937602627,0.0,0.0,0.0,0.0,371,0.9959230995973531,2.0,175,CAL_R1_K175,MILD,COMPUTED,True,True
MILD__CAL_R1_K175,CAL,R1,K175,175,220,PEO-H__0106,PE O-16:1_24:0,0.0018336663645376237,False,False,False,0.0,0.6719956962672089,0.7350890401757907,0.6635490105932277,PE,0.07613711984283755,,,UNASSIGNED_FALSE_POSITIVE,,,,,,,,,,,,175,CAL_R1_K175,MILD,COMPUTED,True,False
MILD__CAL_R1_K175,CAL,R1,K175,175,221,PEO-H__0107,PE O-16:1_24:1,0.004476460489667454,True,True,False,1.5370281228176924e-06,0.7013195190822913,0.7742897189559598,0.6708976550037268,PE,0.04023043642340518,B1_U9_U37,9,spectral_easy_spatial_high,0.15578981937602626,0.15053530377668312,0.15053530377668312,0.15578981937602626,0.0,0.0,0.0,0.0,316,0.9965864187130227,0.5,175,CAL_R1_K175,MILD,COMPUTED,True,True
MILD__CAL_R1_K175,CAL,R1,K175,175,222,PEO-H__0110,PE O-16:1_24:4,0.017603346465532695,True,True,False,1.9161777132409626e-06,0.3570621957782415,0.9336814199983869,0.9087919461652159,PE,0.06018736813434,B6_U67_U77,77,spectral_easy_spatial_low,0.21236124794745484,0.20196387520525452,0.20196387520525452,0.21236124794745484,0.0,0.0,0.0,0.0,171,-0.11676484192385192,2.0,175,CAL_R1_K175,MILD,COMPUTED,True,True
MILD__CAL_R1_K175,CAL,R1,K175,175,223,PEO-H__0111,PE O-16:1_24:5,0.0014551984443312857,False,False,False,1.7716002470784238e-09,0.34567378912555613,0.9348240213453116,0.9300862052110084,PE,0.021667538356373084,,,UNASSIGNED_FALSE_POSITIVE,,,,,,,,,,,,175,CAL_R1_K175,MILD,COMPUTED,True,False
MILD__CAL_R1_K175,CAL,R1,K175,175,225,PEO-H__0122,PE O-18:0_20:1,0.002047223880294616,False,False,False,0.0,0.318148671588633,0.9846847840318518,0.9037729092166604,PE,0.10986362796133797,,,UNASSIGNED_FALSE_POSITIVE,,,,,,,,,,,,175,CAL_R1_K175,MILD,COMPUTED,True,False
MILD__CAL_R1_K175,CAL,R1,K175,175,226,PEO-H__0123,PE O-18:0_20:2,0.005478019410860502,False,False,False,0.0,0.24588669439016053,0.9868742659860326,0.9501374572146646,PE,0.06594469017151477,,,UNASSIGNED_FALSE_POSITIVE,,,,,,,,,,,,175,CAL_R1_K175,MILD,COMPUTED,True,False
MILD__CAL_R1_K175,CAL,R1,K175,175,227,PEO-H__0124,PE O-18:0_20:3,0.005047922438331527,True,True,False,3.393638267380199e-07,0.26090867432576414,0.9859286893262592,0.9522858960339339,PE,0.04429875057547855,,155,singleton_control,,,,,,,,,152,,0.7303443264893795,175,CAL_R1_K175,MILD,COMPUTED,True,True
MILD__CAL_R1_K175,CAL,R1,K175,175,228,PEO-H__0125,PE O-18:0_20:4,0.014981744532808384,True,True,False,1.8770009404467961e-06,0.4891883874519232,0.9831942612973099,0.859074789633042,PE,0.022661693936118332,B7_U20_U40,40,spectral_easy_spatial_high,0.15807553366174054,0.15053530377668312,0.15053530377668312,0.15807553366174054,0.0,0.0,0.0,0.0,295,0.9857360113034312,1.8682084992203376,175,CAL_R1_K175,MILD,COMPUTED,True,True
MILD__CAL_R1_K175,CAL,R1,K175,175,229,PEO-H__0126,PE O-18:0_20:5,0.0010886766183496328,False,False,False,0.0,0.6919909071159304,0.9215313010613547,0.5604614119842438,PE,0.1361896321849082,,,UNASSIGNED_FALSE_POSITIVE,,,,,,,,,,,,175,CAL_R1_K175,MILD,COMPUTED,True,False
MILD__CAL_R1_K175,CAL,R1,K175,175,230,PEO-H__0128,PE O-18:0_22:1,0.013968519163772121,True,True,False,1.3133139724078649e-05,0.20944781852532984,0.9825549173152562,0.9730776501152054,PE,0.021029700652289512,B5_U15_U96,96,spectral_easy_spatial_low,0.22036124794745482,0.2168210180623974,0.2168210180623974,0.22036124794745482,0.0,0.0,0.0,0.0,84,-0.1747359520268898,1.8682084992203376,175,CAL_R1_K175,MILD,COMPUTED,True,True
MILD__CAL_R1_K175,CAL,R1,K175,175,231,PEO-H__0129,PE O-18:0_22:2,0.01788389863043329,True,True,False,8.58717091147951e-09,0.19149650312872654,0.9844718359888617,0.9674555954753647,PE,0.06154434492432473,B5_U6_U163,163,spectral_easy_spatial_high,0.21064696223316914,0.21167816091954023,0.21064696223316914,0.21167816091954023,0.0,0.0,0.0,0.0,247,0.995593477827043,2.0,175,CAL_R1_K175,MILD,COMPUTED,True,True
MILD__CAL_R1_K175,CAL,R1,K175,175,232,PEO-H__0130,PE O-18:0_22:3,0.002657864534383585,False,False,False,3.4178502734822995e-19,0.17092763078541914,0.9848176901850096,0.9529791162203358,PE,0.13210834735563867,,,UNASSIGNED_FALSE_POSITIVE,,,,,,,,,,,,175,CAL_R1_K175,MILD,COMPUTED,True,False
MILD__CAL_R1_K175,CAL,R1,K175,175,234,PEO-H__0132,PE O-18:0_22:5,0.0019030351882925076,False,False,False,7.661112424326702e-07,0.43559350264218133,0.9521162343234528,0.8503791620761236,PE,0.09057688868244451,,,UNASSIGNED_FALSE_POSITIVE,,,,,,,,,,,,175,CAL_R1_K175,MILD,COMPUTED,True,False
MILD__CAL_R1_K175,CAL,R1,K175,175,235,PEO-H__0133,PE O-18:0_22:6,0.0027079671253341722,False,False,False,0.0,0.5753436233533816,0.900438885889574,0.6568414230886067,PE,0.17868511941106635,,,UNASSIGNED_FALSE_POSITIVE,,,,,,,,,,,,175,CAL_R1_K175,MILD,COMPUTED,True,False
MILD__CAL_R1_K175,CAL,R1,K175,175,236,PEO-H__0150,PE O-18:1_20:1,0.004225149220114031,True,True,False,5.805108576425772e-07,0.39089349908072424,0.9853143544809311,0.8646103224644689,PE,0.11154952285100395,B4_U116_U137,116,spectral_hard_spatial_low,0.6693924466338259,0.6958177339901479,0.6693924466338259,0.6958177339901479,0.02320366760317818,0.06956521739130435,0.005662981390286769,0.0,321,-0.24714801648750084,0.5,175,CAL_R1_K175,MILD,COMPUTED,True,True
MILD__CAL_R1_K175,CAL,R1,K175,175,237,PEO-H__0151,PE O-18:1_20:2,0.005655423884541365,False,False,False,0.0,0.23640856435982596,0.9860488591567219,0.9580837481030324,PE,0.05007971048025392,,,UNASSIGNED_FALSE_POSITIVE,,,,,,,,,,,,175,CAL_R1_K175,MILD,COMPUTED,True,False
MILD__CAL_R1_K175,CAL,R1,K175,175,238,PEO-H__0152,PE O-18:1_20:3,0.0047820126243379455,False,False,False,0.0,0.17248031845796863,0.9828895828332406,0.9764529162651794,PE,0.04325030597265456,,,UNASSIGNED_FALSE_POSITIVE,,,,,,,,,,,,175,CAL_R1_K175,MILD,COMPUTED,True,False
MILD__CAL_R1_K175,CAL,R1,K175,175,239,PEO-H__0153,PE O-18:1_20:4,0.006597250944360137,True,True,False,1.0339597976461684e-07,0.24144300871075103,0.9790660598691365,0.9453508535750196,PE,0.08461183889158391,B3_U149_U167,149,spectral_hard_spatial_high,0.931169129720854,0.8823284072249589,0.8823284072249589,0.931169129720854,0.9152079059871879,0.35714285714285715,0.8796100794621347,0.0024602488365893832,234,0.9969096604356702,1.0760213163243861,175,CAL_R1_K175,MILD,COMPUTED,True,True
MILD__CAL_R1_K175,CAL,R1,K175,175,241,PEO-H__0156,PE O-18:1_22:1,0.0037564885797790565,True,True,False,0.0,0.16641771598064747,0.9825549173152562,0.9730776501152054,PE,0.06405980319697188,B1_U124_U148,124,spectral_hard_spatial_high,0.8463940886699508,0.9021313628899836,0.8463940886699508,0.9021313628899836,0.031464558172073644,0.3409090909090909,0.03144905276992591,0.00324548036067953,248,0.996899003983082,0.5,175,CAL_R1_K175,MILD,COMPUTED,True,True
MILD__CAL_R1_K175,CAL,R1,K175,175,242,PEO-H__0157,PE O-18:1_22:2,0.024270311702385177,True,True,False,2.471517781441358e-06,0.1397728776659262,0.9852875191058946,0.9852489905480893,PE,0.0313540536569106,B3_U44_U157,157,spectral_easy_spatial_low,0.25750410509031196,0.2556781609195402,0.2556781609195402,0.25750410509031196,0.0,0.0,0.0,0.0,146,-0.13767961333297224,1.2101381550740857,175,CAL_R1_K175,MILD,COMPUTED,True,True
MILD__CAL_R1_K175,CAL,R1,K175,175,243,PEO-H__0158,PE O-18:1_22:3,0.01028253967952262,True,True,False,0.0,0.13284776908049512,0.9842916841755988,0.984242653129889,PE,0.043975305657608654,B4_U126_U171,171,spectral_hard_spatial_low,0.7525139573070609,0.8976781609195403,0.7525139573070609,0.8976781609195403,0.02992790631716465,0.10227272727272728,0.029587357908151594,0.0,228,-0.19905542646220367,0.7303443264893795,175,CAL_R1_K175,MILD,COMPUTED,True,True
MILD__CAL_R1_K175,CAL,R1,K175,175,244,PEO-H__0159,PE O-18:1_22:4,0.004627982205969111,True,True,False,0.0,0.1591848957034343,0.9787777211837311,0.9761218381725482,PE,0.05803885309638207,,118,singleton_control,,,,,,,,,85,,2.0,175,CAL_R1_K175,MILD,COMPUTED,True,True
MILD__CAL_R1_K175,CAL,R1,K175,175,245,PEO-H__0160,PE O-18:1_22:5,0.0054004708708430904,True,True,False,3.742491818516053e-06,0.29720123032042856,0.9512253791165726,0.9093100642922111,PE,0.11891799175047629,,93,singleton_control,,,,,,,,,339,,0.8939526432607221,175,CAL_R1_K175,MILD,COMPUTED,True,True
MILD__CAL_R1_K175,CAL,R1,K175,175,246,PEO-H__0161,PE O-18:1_22:6,0.006426643536569957,True,True,False,0.0,0.5117301540657673,0.8911899884564419,0.7441668185523289,PE,0.1562636678859819,,76,singleton_control,,,,,,,,,107,,0.5,175,CAL_R1_K175,MILD,COMPUTED,True,True
MILD__CAL_R1_K175,CAL,R1,K175,175,247,PEO-H__0231,PE O-20:0_18:2,0.018148423006692786,True,True,False,1.4448892030141298e-06,0.42571487661894175,0.9910296758828884,0.8236347989916191,PE,0.14140567307929947,B2_U70_U101,101,spectral_easy_spatial_low,0.20378981937602628,0.20139244663382594,0.20139244663382594,0.20378981937602628,0.0,0.0,0.0,0.0,213,-0.3454720889085783,2.0,175,CAL_R1_K175,MILD,COMPUTED,True,True
MILD__CAL_R1_K175,CAL,R1,K175,175,248,PEO-H__0259,PE O-20:1_18:2,0.0027479856910261223,False,False,False,2.3725499536893808e-08,0.4351737905876049,0.9895861653945057,0.8236347989916191,PE,0.1319467591106363,,,UNASSIGNED_FALSE_POSITIVE,,,,,,,,,,,,175,CAL_R1_K175,MILD,COMPUTED,True,False
MILD__CAL_R1_K175,CAL,R1,K175,175,249,PEO-H__0179,PE O-18:2_20:2,0.009117460451032818,True,True,False,0.0,0.17873488478864286,0.9878558096053639,0.9751699462496085,PE,0.04272295754604538,B4_U104_U161,161,spectral_hard_spatial_high,0.7374532019704434,0.7812118226600986,0.7374532019704434,0.7812118226600986,0.02432721425754833,0.11363636363636363,0.023836859555820926,0.0,159,0.996212914495482,1.4538436095675817,175,CAL_R1_K175,MILD,COMPUTED,True,True
MILD__CAL_R1_K175,CAL,R1,K175,175,251,PEO-H__0181,PE O-18:2_20:4,0.02017246835188795,True,True,False,5.259010302362667e-07,0.20161747503517874,0.9802229335768837,0.9715405518090002,PE,0.035255816390138695,,117,singleton_control,,,,,,,,,212,,2.0,175,CAL_R1_K175,MILD,COMPUTED,True,True
MILD__CAL_R1_K175,CAL,R1,K175,175,252,PEO-H__0183,PE O-18:2_22:0,0.0051017504844216004,True,True,False,0.0,0.6092428422951907,0.9909569381714911,0.6718844687566582,PE,0.13141312415858952,B3_U24_U71,71,spectral_easy_spatial_low,0.21500985221674876,0.1539638752052545,0.1539638752052545,0.21500985221674876,0.0,0.0,1.1952550981648553e-18,2.7908281293347514e-17,175,-0.2863965484478912,0.8939526432607221,175,CAL_R1_K175,MILD,COMPUTED,True,True
MILD__CAL_R1_K175,CAL,R1,K175,175,254,PEO-H__0185,PE O-18:2_22:2,0.012096340341019949,True,True,False,0.0,0.12665676335127843,0.9852875191058946,0.9852489905480893,PE,0.044470167971558366,B1_U124_U148,148,spectral_hard_spatial_high,0.8463940886699508,0.9021313628899836,0.8463940886699508,0.9021313628899836,0.031464558172073644,0.3409090909090909,0.03144905276992591,0.00324548036067953,248,0.996899003983082,1.0000000000000002,175,CAL_R1_K175,MILD,COMPUTED,True,True
MILD__CAL_R1_K175,CAL,R1,K175,175,257,PEO-H__0188,PE O-18:2_22:5,0.003976424300234042,False,False,False,1.0315162925155172e-05,0.26103860623460656,0.9522818262826038,0.935978921601904,PE,0.09101743804944895,,,UNASSIGNED_FALSE_POSITIVE,,,,,,,,,,,,175,CAL_R1_K175,MILD,COMPUTED,True,False
MILD__CAL_R1_K175,CAL,R1,K175,175,258,PEO-H__0189,PE O-18:2_22:6,0.01396454146054601,True,True,False,1.7964088616814373e-05,0.4310647780235847,0.8859525621257368,0.8285086731249719,PE,0.12891145232614937,,38,singleton_control,,,,,,,,,86,,2.0,175,CAL_R1_K175,MILD,COMPUTED,True,True
MILD__CAL_R1_K175,CAL,R1,K175,175,259,PEO-H__0208,PE O-18:3_20:3,0.0025750906190540935,False,False,False,0.0,0.14272429629361114,0.9852235586914223,0.9837096338633671,PE,0.03704042840064109,,,UNASSIGNED_FALSE_POSITIVE,,,,,,,,,,,,175,CAL_R1_K175,MILD,COMPUTED,True,False
MILD__CAL_R1_K175,CAL,R1,K175,175,260,PEO-H__0211,PE O-18:3_22:0,0.004516210389824125,True,True,False,1.278138674987597e-06,0.6471690508908507,0.9909569381714911,0.4799427523048661,PE,0.2301307579031726,B4_U31_U61,31,spectral_easy_spatial_low,0.1672183908045977,0.15510673234811168,0.15510673234811168,0.1672183908045977,0.0,0.0,0.0,0.0,211,-0.2083302803849885,0.5,175,CAL_R1_K175,MILD,COMPUTED,True,True
MILD__CAL_R1_K175,CAL,R1,K175,175,261,PEO-H__0214,PE O-18:3_22:3,0.004967116077081532,False,False,False,0.0,0.12439321564387905,0.986523537683374,0.9865062605034273,PE,0.03933032569194751,,,UNASSIGNED_FALSE_POSITIVE,,,,,,,,,,,,175,CAL_R1_K175,MILD,COMPUTED,True,False
MILD__CAL_R1_K175,CAL,R1,K175,175,262,PEO-H__0215,PE O-18:3_22:4,0.005710985693876361,True,True,False,0.0,0.1395747875215276,0.9809547878114457,0.9808689663219521,PE,0.05509434435742558,B6_U131_U143,131,spectral_hard_spatial_high,0.7625665024630542,0.8978866995073893,0.7625665024630542,0.8978866995073893,0.029825952369767195,0.09411764705882353,0.02982334257553857,0.0,319,0.9897720996411972,2.0,175,CAL_R1_K175,MILD,COMPUTED,True,True
MILD__CAL_R1_K175,CAL,R1,K175,175,263,PEO-H__0216,PE O-18:3_22:5,0.012508436690667615,False,False,False,1.0953056706859196e-05,0.24245622912169137,0.9538166594574129,0.944720452955995,PE,0.08542067730299038,,,UNASSIGNED_FALSE_POSITIVE,,,,,,,,,,,,175,CAL_R1_K175,MILD,COMPUTED,True,False
MILD__CAL_R1_K175,CAL,R1,K175,175,264,PEO-H__0217,PE O-18:3_22:6,0.0028042945807403553,True,True,False,0.0,0.4000023234384312,0.8826794057114574,0.8285086731249719,PE,0.15997390691130292,,41,singleton_control,,,,,,,,,218,,0.5,175,CAL_R1_K175,MILD,COMPUTED,True,True
MILD__CAL_R1_K175,CAL,R1,K175,175,265,PEO-H__0235,PE O-20:0_20:2,0.004382872501832733,False,False,False,1.617466515659441e-06,0.3574277360579778,0.9885666181646524,0.8711158084674012,PE,0.13364990366733687,,,UNASSIGNED_FALSE_POSITIVE,,,,,,,,,,,,175,CAL_R1_K175,MILD,COMPUTED,True,False
MILD__CAL_R1_K175,CAL,R1,K175,175,266,PEO-H__0236,PE O-20:0_20:3,0.01817006812793235,True,True,False,4.976342442378744e-07,0.2665585874291982,0.9884825101246301,0.8455359439593595,PE,0.2673599152214919,,109,singleton_control,,,,,,,,,361,,2.0,175,CAL_R1_K175,MILD,COMPUTED,True,True
MILD__CAL_R1_K175,CAL,R1,K175,175,268,PEO-H__0262,PE O-20:1_20:1,0.0021376773158024187,False,False,False,1.7251581698930408e-08,0.300364327002164,0.9853143544809311,0.8874848501864849,PE,0.16047256463030118,,,UNASSIGNED_FALSE_POSITIVE,,,,,,,,,,,,175,CAL_R1_K175,MILD,COMPUTED,True,False
MILD__CAL_R1_K175,CAL,R1,K175,175,271,PEO-H__0265,PE O-20:1_20:4,0.003668807563890722,True,True,False,6.835700546964599e-19,0.3379492442482309,0.9772760589772699,0.9190309912079919,PE,0.056236038581120695,B7_U78_U122,78,spectral_hard_spatial_low,0.8752824302134646,0.9022348111658457,0.8752824302134646,0.9022348111658457,0.9772760589772699,0.3225806451612903,0.9190309912079919,0.0,283,-0.2519892501498217,0.5,175,CAL_R1_K175,MILD,COMPUTED,True,True
MILD__CAL_R1_K175,CAL,R1,K175,175,272,PEO-H__0291,PE O-20:2_20:2,0.003858380731481766,True,True,False,2.3601803833964637e-08,0.16900636562700858,0.9845263698240004,0.9803192870333286,PE,0.02841221371765762,B6_U1_U164,164,spectral_easy_spatial_high,0.21636124794745484,0.21167816091954023,0.21167816091954023,0.21636124794745484,0.0,0.0,0.0,0.0,136,0.9828658561746136,0.5,175,CAL_R1_K175,MILD,COMPUTED,True,True
MILD__CAL_R1_K175,CAL,R1,K175,175,273,PEO-H__0292,PE O-20:2_20:3,0.0047513291355210235,False,False,False,0.0,0.1699072530804405,0.9836260273963529,0.9795654235086326,PE,0.031218531110331932,,,UNASSIGNED_FALSE_POSITIVE,,,,,,,,,,,,175,CAL_R1_K175,MILD,COMPUTED,True,False
MILD__CAL_R1_K175,CAL,R1,K175,175,274,PEO-H__0293,PE O-20:2_20:4,0.0028896115577554476,True,True,False,2.4727007989148025e-07,0.24665164194411826,0.9798178695906962,0.9504794809695133,PE,0.0641356748111262,,100,singleton_control,,,,,,,,,288,,0.689110922829001,175,CAL_R1_K175,MILD,COMPUTED,True,True
MILD__CAL_R1_K175,CAL,R1,K175,175,276,PEO-H__0321,PE O-20:3_20:4,0.0011459910075598437,False,False,False,2.4807333668641263e-08,0.2145730867610224,0.9824124426110163,0.9692667770392721,PE,0.03143893515640733,,,UNASSIGNED_FALSE_POSITIVE,,,,,,,,,,,,175,CAL_R1_K175,MILD,COMPUTED,True,False
MILD__CAL_R1_K175,CAL,R1,K175,175,277,PG-H__0044,PG 14:0_20:0,0.0030590980637230595,False,False,False,3.4178502734822995e-19,0.7233219574944608,0.7740328453451822,0.5980499698063078,PG,0.0781368584247818,,,UNASSIGNED_FALSE_POSITIVE,,,,,,,,,,,,175,CAL_R1_K175,MILD,COMPUTED,True,False
MILD__CAL_R1_K175,CAL,R1,K175,175,279,PG-H__0051,PG 14:0_22:5,0.0018133196088530054,False,False,False,0.0,0.3916326572569566,0.8740294125875786,0.7074638893034806,PG,0.3151168353722158,,,UNASSIGNED_FALSE_POSITIVE,,,,,,,,,,,,175,CAL_R1_K175,MILD,COMPUTED,True,False
MILD__CAL_R1_K175,CAL,R1,K175,175,281,PG-H__0053,PG 16:1_20:4,0.005142080567698297,True,True,False,2.037420625177996e-07,0.42128232363155954,0.9327341411025302,0.7074638893034806,PG,0.2854671689976129,B5_U87_U129,87,spectral_hard_spatial_low,0.8012939244663384,0.8002692939244664,0.8002692939244664,0.8012939244663384,0.8987186161090558,0.23846153846153847,0.43680095925433426,0.0,145,-0.446971011986587,0.6170676298438253,175,CAL_R1_K175,MILD,COMPUTED,True,True
MILD__CAL_R1_K175,CAL,R1,K175,175,282,PG-H__0054,PG 18:2_18:3,0.0027724410164092447,True,True,False,3.6033310325794057e-07,0.3382696779534152,0.8248460600779068,0.7122906679448936,PG,0.3636149310519521,B7_U2_U103,103,spectral_easy_spatial_high,0.2920147783251231,0.2561346469622332,0.2561346469622332,0.2920147783251231,2.6941481371247336e-11,0.016129032258064516,2.443077965862909e-11,0.0,283,0.9939889750074107,0.5,175,CAL_R1_K175,MILD,COMPUTED,True,True
MILD__CAL_R1_K175,CAL,R1,K175,175,283,PG-H__0056,PG 14:0_22:4,0.0015529894524096044,False,False,False,0.0,0.16089959008702454,0.9416726959262552,0.9505858327305802,PG,0.14956228295362672,,,UNASSIGNED_FALSE_POSITIVE,,,,,,,,,,,,175,CAL_R1_K175,MILD,COMPUTED,True,False
MILD__CAL_R1_K175,CAL,R1,K175,175,284,PG-H__0057,PG 16:0_20:4,0.004101766844269734,False,False,False,1.1365396478352933e-09,0.14379851807726615,0.9374555358323216,0.8955038721004012,PG,0.30125520345889656,,,UNASSIGNED_FALSE_POSITIVE,,,,,,,,,,,,175,CAL_R1_K175,MILD,COMPUTED,True,False
MILD__CAL_R1_K175,CAL,R1,K175,175,285,PG-H__0058,PG 16:1_20:3,0.0019823057057960984,False,False,False,0.0,0.22255220982248494,0.9604470093424138,0.9505858327305802,PG,0.08790966321816632,,,UNASSIGNED_FALSE_POSITIVE,,,,,,,,,,,,175,CAL_R1_K175,MILD,COMPUTED,True,False
MILD__CAL_R1_K175,CAL,R1,K175,175,286,PG-H__0059,PG 18:1_18:3,0.012612732053911304,True,True,False,8.079122907555829e-07,0.2765752615706676,0.817951549214987,0.6479205988486453,PG,0.4851326204862354,,75,singleton_control,,,,,,,,,299,,1.4538436095675817,175,CAL_R1_K175,MILD,COMPUTED,True,True
MILD__CAL_R1_K175,CAL,R1,K175,175,287,PG-H__0060,PG 18:2_18:2,0.003188157576816002,True,True,False,0.0,0.18259721218393685,0.9910296758828884,0.7729457639795125,PG,0.4518748880270398,,160,singleton_control,,,,,,,,,378,,1.0760213163243861,175,CAL_R1_K175,MILD,COMPUTED,True,True
MILD__CAL_R1_K175,CAL,R1,K175,175,288,PG-H__0062,PG 14:0_22:3,0.003928579682236313,False,False,False,7.784434424011696e-08,0.08672432217020402,0.9402021823761977,0.9838117810560387,PG,0.09248053115510325,,,UNASSIGNED_FALSE_POSITIVE,,,,,,,,,,,,175,CAL_R1_K175,MILD,COMPUTED,True,False
MILD__CAL_R1_K175,CAL,R1,K175,175,289,PG-H__0063,PG 16:0_20:3,0.016960416977974804,True,True,False,3.4178502734822995e-19,0.08072333624957098,0.945604719735853,0.9733932857889159,PG,0.14841747456565207,B3_U102_U170,170,spectral_hard_spatial_low,0.7658210180623974,0.7055155993431855,0.7055155993431855,0.7658210180623974,0.03085693327679168,0.171875,0.006477920006387038,0.0,260,-0.25005750554930434,1.8682084992203376,175,CAL_R1_K175,MILD,COMPUTED,True,True
MILD__CAL_R1_K175,CAL,R1,K175,175,291,PG-H__0065,PG 18:0_18:3,0.016069809474088946,True,True,False,4.86967642192827e-07,0.2545735512048524,0.8165137245448504,0.6169711287365801,PG,0.5324122341213569,,114,singleton_control,,,,,,,,,327,,1.2101381550740857,175,CAL_R1_K175,MILD,COMPUTED,True,True
MILD__CAL_R1_K175,CAL,R1,K175,175,292,PG-H__0066,PG 18:1_18:2,0.0035075708330244773,False,False,False,0.0,0.18514361914509317,0.8693484458976806,0.6250586943098834,PG,0.5954341339760317,,,UNASSIGNED_FALSE_POSITIVE,,,,,,,,,,,,175,CAL_R1_K175,MILD,COMPUTED,True,False
MILD__CAL_R1_K175,CAL,R1,K175,175,293,PG-H__0068,PG 14:0_22:2,0.004998287155276491,True,True,False,0.0,0.06638483445544971,0.9265835270984321,0.9917278076514663,PG,0.06197386424010526,,132,singleton_control,,,,,,,,,338,,1.0000000000000002,175,CAL_R1_K175,MILD,COMPUTED,True,True
MILD__CAL_R1_K175,CAL,R1,K175,175,294,PG-H__0069,PG 16:0_20:2,0.010300837903891545,False,False,False,5.95589430956906e-08,0.06404391649487126,0.9219327136957365,0.9793705984567973,PG,0.1380284242110617,,,UNASSIGNED_FALSE_POSITIVE,,,,,,,,,,,,175,CAL_R1_K175,MILD,COMPUTED,True,False
MILD__CAL_R1_K175,CAL,R1,K175,175,296,PG-H__0071,PG 18:0_18:2,0.012491212030834713,True,True,False,1.0878390827627e-07,0.17839411678077585,0.8899710102713989,0.6336685217403919,PG,0.595210565570195,,106,singleton_control,,,,,,,,,133,,2.0,175,CAL_R1_K175,MILD,COMPUTED,True,True
MILD__CAL_R1_K175,CAL,R1,K175,175,298,PG-H__0074,PG 14:0_22:1,0.004466588450360642,True,True,False,2.1290071197110778e-07,0.2477557680566548,0.871228342388368,0.9631691173504493,PG,0.02114059001157273,B2_U58_U139,58,spectral_easy_spatial_low,0.2837898193760263,0.2425353037766831,0.2425353037766831,0.2837898193760263,0.0,0.0,0.0,0.0,101,-0.11740715949168594,0.5,175,CAL_R1_K175,MILD,COMPUTED,True,True
MILD__CAL_R1_K175,CAL,R1,K175,175,300,PG-H__0076,PG 20:0_16:1,0.002668898570310771,False,False,False,0.0,0.27509463736924117,0.8206488603123235,0.698936050874339,PG,0.4400895324696777,,,UNASSIGNED_FALSE_POSITIVE,,,,,,,,,,,,175,CAL_R1_K175,MILD,COMPUTED,True,False
MILD__CAL_R1_K175,CAL,R1,K175,175,301,PG-H__0077,PG 18:0_18:1,0.008562967196583112,False,False,False,1.0308532760644166e-08,0.22385302590484416,0.857321011866293,0.6334015594256638,PG,0.5499702514118422,,,UNASSIGNED_FALSE_POSITIVE,,,,,,,,,,,,175,CAL_R1_K175,MILD,COMPUTED,True,False
MILD__CAL_R1_K175,CAL,R1,K175,175,304,PG-H__0081,PG 18:0_18:0,0.0019532111289282065,False,False,False,0.0,0.27746580180873914,0.8568501347183278,0.7773785184240168,PG,0.3515672967583239,,,UNASSIGNED_FALSE_POSITIVE,,,,,,,,,,,,175,CAL_R1_K175,MILD,COMPUTED,True,False
MILD__CAL_R1_K175,CAL,R1,K175,175,305,PG-H__0083,PG 16:1_22:6,0.00359898713776043,True,True,False,3.024706129950538e-05,0.3058230202104568,0.9780045750710121,0.9234151866260575,PG,0.07797952421618376,,72,singleton_control,,,,,,,,,84,,1.0760213163243861,175,CAL_R1_K175,MILD,COMPUTED,True,True
MILD__CAL_R1_K175,CAL,R1,K175,175,306,PG-H__0084,PG 18:2_20:5,0.003815450412469726,False,False,False,0.0,0.45600375389372205,0.9631467226016989,0.8063714203716793,PG,0.13540569175942307,,,UNASSIGNED_FALSE_POSITIVE,,,,,,,,,,,,175,CAL_R1_K175,MILD,COMPUTED,True,False
MILD__CAL_R1_K175,CAL,R1,K175,175,307,PG-H__0085,PG 18:3_20:4,0.013780327253010774,True,True,False,0.0,0.36662092140260855,0.9796724074104938,0.8883052400815383,PG,0.09263260383555505,,86,singleton_control,,,,,,,,,256,,1.2101381550740857,175,CAL_R1_K175,MILD,COMPUTED,True,True
MILD__CAL_R1_K175,CAL,R1,K175,175,308,PG-H__0087,PG 16:0_22:6,0.0037377522206565035,False,False,False,3.06619415211872e-06,0.42771565508602566,0.9755490303044848,0.7991402195004995,PG,0.17342901101082447,,,UNASSIGNED_FALSE_POSITIVE,,,,,,,,,,,,175,CAL_R1_K175,MILD,COMPUTED,True,False
MILD__CAL_R1_K175,CAL,R1,K175,175,311,PG-H__0090,PG 18:2_20:4,0.0039042415209976605,True,True,False,0.0,0.34092969232903264,0.9616518591994055,0.8407820069293783,PG,0.2004441312197301,B6_U98_U173,98,spectral_hard_spatial_low,0.8597422003284073,0.8148932676518884,0.8148932676518884,0.8597422003284073,0.9616518591994055,0.24060150375939848,0.8407820069293783,0.0,220,-0.16317626825645523,0.5,175,CAL_R1_K175,MILD,COMPUTED,True,True
MILD__CAL_R1_K175,CAL,R1,K175,175,313,PG-H__0094,PG 16:1_22:4,0.006279057585137819,True,True,False,0.0,0.3345858310837336,0.9872300880237134,0.7237928267837014,PG,0.35543151934773115,B5_U49_U110,110,spectral_easy_spatial_low,0.21407553366174054,0.19910673234811166,0.19910673234811166,0.21407553366174054,0.0,0.0,0.0,0.0,182,-0.2824004715126184,0.5,175,CAL_R1_K175,MILD,COMPUTED,True,True
MILD__CAL_R1_K175,CAL,R1,K175,175,314,PG-H__0095,PG 18:0_20:5,0.0080911929375638,False,False,False,9.829848843789453e-07,0.3912132251385195,0.9850297730134422,0.6681402735052041,PG,0.3528221066303361,,,UNASSIGNED_FALSE_POSITIVE,,,,,,,,,,,,175,CAL_R1_K175,MILD,COMPUTED,True,False
MILD__CAL_R1_K175,CAL,R1,K175,175,315,PG-H__0096,PG 18:1_20:4,0.01637450646936409,True,True,False,8.370249324191577e-07,0.3168478513612436,0.9304715731040568,0.7322783668462833,PG,0.3641575769937292,,130,singleton_control,,,,,,,,,285,,2.0,175,CAL_R1_K175,MILD,COMPUTED,True,True
MILD__CAL_R1_K175,CAL,R1,K175,175,316,PG-H__0097,PG 18:2_20:3,0.02065394890628299,True,True,False,7.187549379217473e-07,0.30467147072044287,0.9537646675247846,0.7413210216841658,PG,0.36647914040134144,,79,singleton_control,,,,,,,,,298,,1.8682084992203376,175,CAL_R1_K175,MILD,COMPUTED,True,True
MILD__CAL_R1_K175,CAL,R1,K175,175,317,PG-H__0098,PG 20:2_18:3,0.014642280954652562,True,True,False,0.0,0.29870029929230885,0.7015593202838116,0.6351189111575694,PG,0.47371407699157647,,91,singleton_control,,,,,,,,,330,,0.5,175,CAL_R1_K175,MILD,COMPUTED,True,True
MILD__CAL_R1_K175,CAL,R1,K175,175,319,PG-H__0100,PG 16:0_22:4,0.0024373816382808845,False,False,False,0.0,0.20371874124768685,0.9923755383909935,0.7623938636553828,PG,0.44339453837236364,,,UNASSIGNED_FALSE_POSITIVE,,,,,,,,,,,,175,CAL_R1_K175,MILD,COMPUTED,True,False
MILD__CAL_R1_K175,CAL,R1,K175,175,320,PG-H__0101,PG 16:1_22:3,0.002869059731828657,False,False,False,0.0,0.23838939494724698,0.9816952449555878,0.8489350701121507,PG,0.29010776373355207,,,UNASSIGNED_FALSE_POSITIVE,,,,,,,,,,,,175,CAL_R1_K175,MILD,COMPUTED,True,False
MILD__CAL_R1_K175,CAL,R1,K175,175,321,PG-H__0102,PG 18:0_20:4,0.008133672913516932,True,True,False,0.0,0.208514138364971,0.9681638035480906,0.7129302431802385,PG,0.4927208210879688,,168,singleton_control,,,,,,,,,258,,2.0,175,CAL_R1_K175,MILD,COMPUTED,True,True
MILD__CAL_R1_K175,CAL,R1,K175,175,322,PG-H__0103,PG 18:1_20:3,0.008709451526177036,True,True,False,0.0,0.20356606656639115,0.9658056478918986,0.7232937501766658,PG,0.4869744108535607,B5_U140_U172,140,spectral_easy_spatial_high,0.45007881773399017,0.2859638752052545,0.2859638752052545,0.45007881773399017,2.858119256201316e-08,0.03333333333333333,1.8356064506542944e-08,0.0,329,0.9957442371552778,1.0000000000000002,175,CAL_R1_K175,MILD,COMPUTED,True,True
MILD__CAL_R1_K175,CAL,R1,K175,175,323,PG-H__0104,PG 18:2_20:2,0.008154357959524981,False,False,False,1.513129252584547e-06,0.26810270421335247,0.9325718345250835,0.8489350701121507,PG,0.2603944544674466,,,UNASSIGNED_FALSE_POSITIVE,,,,,,,,,,,,175,CAL_R1_K175,MILD,COMPUTED,True,False
MILD__CAL_R1_K175,CAL,R1,K175,175,324,PG-H__0105,PG 20:1_18:3,0.0040949786298460035,False,False,False,0.0,0.23811465068961957,0.9659907277452849,0.7775930923942953,PG,0.39065317821122125,,,UNASSIGNED_FALSE_POSITIVE,,,,,,,,,,,,175,CAL_R1_K175,MILD,COMPUTED,True,False
MILD__CAL_R1_K175,CAL,R1,K175,175,326,PG-H__0456,PG 17:0_18:1,0.013983974132067258,True,True,False,5.940597041080122e-07,0.6327722887636469,0.9100871245491317,0.6128588478055358,PG,0.15742011354510166,,11,singleton_control,,,,,,,,,227,,1.2101381550740857,175,CAL_R1_K175,MILD,COMPUTED,True,True
MILD__CAL_R1_K175,CAL,R1,K175,175,327,PG-H__0457,PG 17:0_18:2,0.008313581302993596,False,False,False,4.784356651964478e-08,0.3764851143957298,0.9263229165510191,0.6317309645620319,PG,0.3987025973319038,,,UNASSIGNED_FALSE_POSITIVE,,,,,,,,,,,,175,CAL_R1_K175,MILD,COMPUTED,True,False
MILD__CAL_R1_K175,CAL,R1,K175,175,329,PG-H__0460,PG 17:0_20:1,0.0021152137117245694,False,False,False,0.0,0.7656382983426151,0.9467690930810565,0.46725613989146997,PG,0.11848369535153747,,,UNASSIGNED_FALSE_POSITIVE,,,,,,,,,,,,175,CAL_R1_K175,MILD,COMPUTED,True,False
MILD__CAL_R1_K175,CAL,R1,K175,175,330,PG-H__0461,PG 17:0_20:2,0.018512868194929838,True,True,False,5.787176948536614e-07,0.10023340318631115,0.9691815015571644,0.9589290654283743,PG,0.18341258652033826,B4_U116_U137,137,spectral_hard_spatial_low,0.6693924466338259,0.6958177339901479,0.6693924466338259,0.6958177339901479,0.02320366760317818,0.06956521739130435,0.005662981390286769,0.0,93,-0.24714801648750084,2.0,175,CAL_R1_K175,MILD,COMPUTED,True,True
MILD__CAL_R1_K175,CAL,R1,K175,175,331,PG-H__0462,PG 17:0_20:3,0.006454458611657983,False,False,False,3.1642439553355487e-07,0.15645235358917814,0.9898819477902964,0.9156445871464431,PG,0.24553643982354834,,,UNASSIGNED_FALSE_POSITIVE,,,,,,,,,,,,175,CAL_R1_K175,MILD,COMPUTED,True,False
MILD__CAL_R1_K175,CAL,R1,K175,175,332,PG-H__0463,PG 17:0_20:4,0.004910547217916587,False,False,False,1.1433015386649224e-07,0.333380957182523,0.9887826418894832,0.7722623353641875,PG,0.3019228169112968,,,UNASSIGNED_FALSE_POSITIVE,,,,,,,,,,,,175,CAL_R1_K175,MILD,COMPUTED,True,False
MILD__CAL_R1_K175,CAL,R1,K175,175,333,PG-H__0464,PG 17:0_20:5,0.0021910380078699393,True,True,False,0.0,0.4773765897889221,0.9811934844127886,0.7108936864274412,PG,0.2259228959194089,B3_U12_U42,42,spectral_easy_spatial_high,0.1672183908045977,0.3398193760262726,0.1672183908045977,0.3398193760262726,0.0,0.0,0.0,0.0,313,0.9906211951871,0.7303443264893795,175,CAL_R1_K175,MILD,COMPUTED,True,True
MILD__CAL_R1_K175,CAL,R1,K175,175,334,PG-H__0477,PG 18:0_17:1,0.009919694487861543,True,True,False,5.235712502118075e-06,0.4056545540310176,0.8369962841799066,0.7298783637230274,PG,0.2779224892998685,,89,singleton_control,,,,,,,,,223,,1.0760213163243861,175,CAL_R1_K175,MILD,COMPUTED,True,True
MILD__CAL_R1_K175,CAL,R1,K175,175,335,PG-H__0478,PG 17:1_18:1,0.014542692364288705,True,True,False,5.990306355981752e-07,0.6168343533979017,0.9481350834683965,0.6317309645620319,PG,0.15835335832973185,B7_U20_U40,20,spectral_easy_spatial_high,0.15807553366174054,0.15053530377668312,0.15053530377668312,0.15807553366174054,0.0,0.0,0.0,0.0,295,0.9857360113034312,2.0,175,CAL_R1_K175,MILD,COMPUTED,True,True
MILD__CAL_R1_K175,CAL,R1,K175,175,336,PG-H__0479,PG 17:1_18:2,0.02100213146368847,True,True,False,0.0008321199267684375,0.7709258001816848,0.9438998760729628,0.5482473093294393,PG,0.06539046045960517,B5_U6_U163,6,spectral_easy_spatial_high,0.21064696223316914,0.21167816091954023,0.21064696223316914,0.21167816091954023,0.0,0.0,0.0,0.0,247,0.995593477827043,2.0,175,CAL_R1_K175,MILD,COMPUTED,True,True
MILD__CAL_R1_K175,CAL,R1,K175,175,337,PG-H__0481,PG 20:0_17:1,0.014549565604491969,True,True,False,5.742853466870953e-06,0.2654323776683324,0.9829394646770109,0.8238355564584399,PG,0.3013964994319903,B1_U18_U144,144,spectral_easy_spatial_low,0.20493267651888342,0.2025353037766831,0.2025353037766831,0.20493267651888342,0.0,0.0,0.0,0.0,320,-0.1648993041493533,1.8682084992203376,175,CAL_R1_K175,MILD,COMPUTED,True,True
MILD__CAL_R1_K175,CAL,R1,K175,175,339,PG-H__0483,PG 17:1_20:2,0.013913593979673075,True,True,False,0.0,0.3618393165271139,0.9965803996234099,0.9156445871464431,PG,0.0401494768856126,,63,singleton_control,,,,,,,,,277,,2.0,175,CAL_R1_K175,MILD,COMPUTED,True,True
MILD__CAL_R1_K175,CAL,R1,K175,175,340,PG-H__0484,PG 17:1_20:3,0.0021314531543293533,True,True,False,3.4178502734822995e-19,0.47559446497964003,0.9942019114139844,0.7722623353641875,PG,0.15970930911417974,B4_U25_U52,52,spectral_easy_spatial_low,0.33451067323481115,0.16996387520525452,0.16996387520525452,0.33451067323481115,0.0,0.0,0.04481270302025489,0.42752415751716705,154,-0.2774429418448202,0.5,175,CAL_R1_K175,MILD,COMPUTED,True,True
MILD__CAL_R1_K175,CAL,R1,K175,175,341,PG-H__0485,PG 17:1_20:4,0.006414013634783704,False,False,False,8.430766840689655e-07,0.4831275545644737,0.9853779862370524,0.7051431660870239,PG,0.22593740389897193,,,UNASSIGNED_FALSE_POSITIVE,,,,,,,,,,,,175,CAL_R1_K175,MILD,COMPUTED,True,False
MILD__CAL_R1_K175,CAL,R1,K175,175,342,PG-H__0502,PG 17:0_17:0,0.0062855594623480015,True,True,False,7.96541962499235e-06,0.31615195069938173,0.8879810420856676,0.8460604591945621,PG,0.21693500223370843,,119,singleton_control,,,,,,,,,47,,2.0,175,CAL_R1_K175,MILD,COMPUTED,True,True
MILD__CAL_R1_K175,CAL,R1,K175,175,344,PC+HCOO__0033,PC 14:0_18:1,0.0011769729817684902,False,False,False,0.0,0.2403996776773795,0.8770364515462538,0.8770285044290003,PC,0.24003866635755597,,,UNASSIGNED_FALSE_POSITIVE,,,,,,,,,,,,175,CAL_R1_K175,MILD,COMPUTED,True,False
MILD__CAL_R1_K175,CAL,R1,K175,175,350,PCO+HCOO__0083,PC O-16:1_18:0,0.007302013550584429,True,True,False,5.903493869349474e-05,0.578408761742055,0.8511856151913196,0.7773785184240168,PC,0.050624336825008,B1_U35_U46,46,spectral_easy_spatial_low,0.18836124794745485,0.20310673234811166,0.18836124794745485,0.20310673234811166,0.0,0.0,0.0,0.0,145,-0.1940322936148857,0.8939526432607221,175,CAL_R1_K175,MILD,COMPUTED,True,True
MILD__CAL_R1_K175,CAL,R1,K175,175,352,PCO+HCOO__0085,PC O-16:1_18:2,0.011961861748967677,True,True,False,0.00031357654705774446,0.905898646108516,0.4240431892510307,0.3829831503726599,PC,0.017856682174158922,B6_U1_U164,1,spectral_easy_spatial_high,0.21636124794745484,0.21167816091954023,0.21167816091954023,0.21636124794745484,0.0,0.0,0.0,0.0,136,0.9828658561746136,1.0000000000000002,175,CAL_R1_K175,MILD,COMPUTED,True,True
MILD__CAL_R1_K175,CAL,R1,K175,175,365,PCO+CH3COO__0476,PC O-16:1_17:1,0.007807625055736241,True,True,False,6.762303954848722e-05,0.5790731778499716,0.7915991695954587,0.762421793483903,PC,0.06800719491742169,,8,singleton_control,,,,,,,,,371,,0.7802037075442214,175,CAL_R1_K175,MILD,COMPUTED,True,True
MILD__CAL_R1_K175,CAL,R1,K175,175,369,PC+Cl__0169,PC 14:0_18:2,0.009341148076510625,True,True,False,6.5609526181467995e-06,0.5260423696444757,0.5944314846262744,0.5375980922793575,PC,0.31715884666014715,,10,singleton_control,,,,,,,,,285,,0.6170676298438253,175,CAL_R1_K175,MILD,COMPUTED,True,True
MILD__CAL_R1_K175,CAL,R1,K175,175,370,PC+Cl__0176,PC 14:0_20:0,0.0031001863725120837,True,True,False,3.3114890241406633e-06,0.5174354081656964,0.6471130837014081,0.649754555119047,PC,0.24270866903417843,B3_U12_U42,12,spectral_easy_spatial_high,0.1672183908045977,0.3398193760262726,0.1672183908045977,0.3398193760262726,0.0,0.0,0.0,0.0,313,0.9906211951871,0.7802037075442214,175,CAL_R1_K175,MILD,COMPUTED,True,True
MILD__CAL_R1_K175,CAL,R1,K175,175,371,PC+Cl__0177,PC 14:0_20:1,0.0029473237551355634,True,True,False,0.0,0.40061504805859177,0.6352892103486674,0.6068571090230462,PC,0.3941959038212817,,21,singleton_control,,,,,,,,,352,,0.5340342571614348,175,CAL_R1_K175,MILD,COMPUTED,True,True
MILD__CAL_R1_K175,CAL,R1,K175,175,372,PC+Cl__0178,PC 14:0_20:2,0.001997457604126794,False,False,False,0.0,0.3254331442131747,0.6041425983942957,0.6039971767841417,PC,0.4715533114037237,,,UNASSIGNED_FALSE_POSITIVE,,,,,,,,,,,,175,CAL_R1_K175,MILD,COMPUTED,True,False
MILD__CAL_R1_K175,CAL,R1,K175,175,373,PC+Cl__0179,PC 14:0_20:3,0.017365981382774395,True,True,False,1.2714152100210503e-05,0.39431987909766586,0.7479417800620244,0.7441651284998448,PC,0.27367582562266346,B5_U49_U110,49,spectral_easy_spatial_low,0.21407553366174054,0.19910673234811166,0.19910673234811166,0.21407553366174054,0.0,0.0,0.0,0.0,146,-0.2824004715126184,2.0,175,CAL_R1_K175,MILD,COMPUTED,True,True
MILD__CAL_R1_K175,CAL,R1,K175,175,375,PC+Cl__0219,PC 14:1_17:1,0.006188063210668789,True,True,False,7.814165148213114e-05,0.8078312049387865,0.36304209523983627,0.3495144909050598,PC,0.129099753375313,B7_U2_U103,2,spectral_easy_spatial_high,0.2920147783251231,0.2561346469622332,0.2561346469622332,0.2920147783251231,2.6941481371247336e-11,0.016129032258064516,2.443077965862909e-11,0.0,283,0.9939889750074107,0.689110922829001,175,CAL_R1_K175,MILD,COMPUTED,True,True
MILD__CAL_R1_K175,CAL,R1,K175,175,376,PC+Cl__0793,PC 18:0_14:1,0.02100654862365215,True,True,False,3.171498977771115e-05,0.5302390072873353,0.615682288510722,0.6154179406395242,PC,0.2579619558806927,B4_U19_U138,19,spectral_easy_spatial_high,0.21293267651888342,0.18482101806239737,0.18482101806239737,0.21293267651888342,0.0,0.0,0.0,0.0,378,0.9962357394529731,2.0,175,CAL_R1_K175,MILD,COMPUTED,True,True
MILD__CAL_R1_K175,CAL,R1,K175,175,377,PC+Cl__1186,PC 20:0_14:1,0.0016510570186508478,False,False,False,1.3982244437584526e-06,0.593367589246976,0.47707361889437966,0.4777580009686473,PC,0.2851238976272237,,,UNASSIGNED_FALSE_POSITIVE,,,,,,,,,,,,175,CAL_R1_K175,MILD,COMPUTED,True,False
MILD__CAL_R1_K175,CAL,R1,K175,175,381,PC+Cl__0390,PC 16:0_18:0,0.0020415760161721216,False,False,False,0.0,0.49212912704514206,0.6471130837014081,0.649754555119047,PC,0.2680149501547328,,,UNASSIGNED_FALSE_POSITIVE,,,,,,,,,,,,175,CAL_R1_K175,MILD,COMPUTED,True,False
MILD__CAL_R1_K175,CAL,R1,K175,175,384,PC+Cl__0435,PC 16:1_16:1,0.004913580025461827,True,True,False,4.512309470909574e-07,0.5387988106372762,0.6371790012593744,0.5915900402481294,PC,0.26744012682432805,B6_U26_U82,26,spectral_easy_spatial_high,0.19121839080459768,0.41874220032840725,0.19121839080459768,0.41874220032840725,0.0,0.0,0.0,0.0,180,0.9964852610604907,0.8939526432607221,175,CAL_R1_K175,MILD,COMPUTED,True,True
MILD__CAL_R1_K175,CAL,R1,K175,175,386,PC+Cl__0443,PC 16:1_18:1,0.0018703609640467137,False,False,False,0.0,0.3710824945274597,0.6900215947371616,0.6898906281562027,PC,0.3528311199198995,,,UNASSIGNED_FALSE_POSITIVE,,,,,,,,,,,,175,CAL_R1_K175,MILD,COMPUTED,True,False
MILD__CAL_R1_K175,CAL,R1,K175,175,387,PC+Cl__0444,PC 16:1_18:2,0.003352625671014037,False,False,False,0.0,0.6451321224456396,0.494520891089959,0.49342467993636147,PC,0.2246564065829395,,,UNASSIGNED_FALSE_POSITIVE,,,,,,,,,,,,175,CAL_R1_K175,MILD,COMPUTED,True,False
MILD__CAL_R1_K175,CAL,R1,K175,175,388,PC+Cl__0657,PC 17:0_17:0,0.022839973523707847,True,True,False,2.2033192382047193e-05,0.3349749352720744,0.807407271036795,0.7788483732494292,PC,0.2922373186633201,B1_U35_U46,35,spectral_easy_spatial_low,0.18836124794745485,0.20310673234811166,0.18836124794745485,0.20310673234811166,0.0,0.0,0.0,0.0,107,-0.1940322936148857,2.0,175,CAL_R1_K175,MILD,COMPUTED,True,True
MILD__CAL_R1_K175,CAL,R1,K175,175,390,PC+Cl__0706,PC 17:1_17:1,0.01572971039105299,True,True,False,3.756777227082933e-06,0.32843304652277755,0.6440510617032883,0.6203139041110748,PC,0.4559206111894029,,33,singleton_control,,,,,,,,,293,,2.0,175,CAL_R1_K175,MILD,COMPUTED,True,True
