dataset_id,split,replicate,complexity_condition,global_truth_K,candidate_index,candidate_id,lipid_name,X_hat,candidate_truth,molecular_truth,same_lipid_alternative_candidate,rho_zero,reportable_truth,cone_isolation,max_fragment_cosine,max_full_cosine,lipid_class,collective_gain,pair_id,unit_id,role,spectral_score_CAL,spectral_score_HOLD,joint_hard_score,joint_easy_score,fragment_cosine,fragment_support_jaccard,full_cosine,parent_cosine,base_template_id,realized_spatial_correlation,abundance_multiplier,K
CAL_R2_K100,CAL,R2,K100,100,0,PA-H__0075,PA 16:0_24:0,0.031690102784671444,True,True,False,6.474878376153955e-05,True,0.729606198131629,0.7748217721703936,0.44170172724713597,PA,0.16755576280234685,B2_U7_U22,7,spectral_easy_spatial_high,0.16836124794745483,0.15682101806239737,0.15682101806239737,0.16836124794745483,0.0,0.0,0.0,0.0,136,0.9833781955801629,2.0,100
CAL_R2_K100,CAL,R2,K100,100,1,PA-H__0076,PA 16:0_24:1,0.001278418462230051,False,False,False,2.087422776496761e-20,False,0.5504804076642431,0.883487638633687,0.6654546118919494,PA,0.19595790828137805,,,UNASSIGNED_FALSE_POSITIVE,,,,,,,,,,,,100
CAL_R2_K100,CAL,R2,K100,100,3,PA-H__0080,PA 16:0_24:5,0.0027105866677127836,False,False,False,0.0,False,0.22923411741411742,0.9171280506076233,0.9158818256178151,PA,0.17221386365314145,,,UNASSIGNED_FALSE_POSITIVE,,,,,,,,,,,,100
CAL_R2_K100,CAL,R2,K100,100,5,PA-H__0117,PA 18:0_22:0,0.005572388558489993,False,False,False,3.5858037020513485e-20,False,0.3381799302246325,0.7789494468002593,0.6213615663357793,PA,0.44534403487199864,,,UNASSIGNED_FALSE_POSITIVE,,,,,,,,,,,,100
CAL_R2_K100,CAL,R2,K100,100,6,PA-H__0118,PA 18:0_22:1,0.014075111994522186,False,False,False,1.5518524663867283e-19,False,0.3291126428847987,0.854010491337717,0.7758194394971382,PA,0.30184234544507127,,,UNASSIGNED_FALSE_POSITIVE,,,,,,,,,,,,100
CAL_R2_K100,CAL,R2,K100,100,8,PA-H__0120,PA 18:0_22:3,0.010276822659755632,True,True,False,1.688804529146994e-07,True,0.26685411549166754,0.7994055605507371,0.7822770241404187,PA,0.35607658490927657,B1_U95_U125,125,spectral_hard_spatial_low,0.7451149425287357,0.8009901477832513,0.7451149425287357,0.8009901477832513,0.05022587307821144,0.0661764705882353,0.05302766559774588,0.11301892928657031,102,-0.22838524714375422,0.6170676298438253,100
CAL_R2_K100,CAL,R2,K100,100,9,PA-H__0121,PA 18:0_22:4,0.003687290981371431,False,False,False,8.170124399174256e-21,False,0.18925162859522815,0.8691673191165914,0.8645836840369737,PA,0.31323723028330897,,,UNASSIGNED_FALSE_POSITIVE,,,,,,,,,,,,100
CAL_R2_K100,CAL,R2,K100,100,10,PA-H__0122,PA 18:0_22:5,0.00725161379518171,True,True,False,7.931542019771204e-08,True,0.13936661280823676,0.9374908882297373,0.9345818680853585,PA,0.21638151697754526,B4_U64_U141,141,spectral_hard_spatial_high,0.7657668308702792,0.7451904761904762,0.7451904761904762,0.7657668308702792,0.07496740643032661,0.23423423423423423,0.07025785758396863,0.0,223,0.9960356756974041,0.5,100
CAL_R2_K100,CAL,R2,K100,100,11,PA-H__0124,PA 18:0_24:0,0.008223264217080525,True,True,False,5.62902890101953e-05,True,0.5363596171784565,0.7271532361366108,0.6313329291237251,PA,0.239152299302559,B3_U13_U90,13,spectral_hard_spatial_high,0.7239244663382594,0.6166551724137932,0.6166551724137932,0.7239244663382594,0.17572525850461496,0.11711711711711711,0.1511902006158474,0.0,180,0.9962595110502747,0.5,100
CAL_R2_K100,CAL,R2,K100,100,13,PA-H__0128,PA 18:0_24:4,0.0012157833076048951,True,True,False,1.8542380786050352e-07,True,0.19065424453428229,0.8372950741847822,0.832749852444057,PA,0.362995178164235,B2_U23_U146,146,spectral_hard_spatial_low,0.6574581280788178,0.6583152709359607,0.6574581280788178,0.6583152709359607,0.04355266034180107,0.06944444444444445,0.043333667178812665,0.0,141,-0.4025547907021363,0.7303443264893795,100
CAL_R2_K100,CAL,R2,K100,100,16,PA-H__0140,PA 22:0_18:1,0.007395492998487059,True,True,False,2.8891739579565434e-06,True,0.3671639070922606,0.7050099452951126,0.6113032030767289,PA,0.42423257628894034,B4_U64_U141,64,spectral_hard_spatial_high,0.7657668308702792,0.7451904761904762,0.7451904761904762,0.7657668308702792,0.07496740643032661,0.23423423423423423,0.07025785758396863,0.0,223,0.9960356756974041,0.689110922829001,100
CAL_R2_K100,CAL,R2,K100,100,18,PA-H__0142,PA 18:1_22:2,0.03353304819407933,True,True,False,2.1269182628431936e-06,True,0.40366716929733215,0.9248799886279087,0.7196223801768364,PA,0.2906984620156129,B2_U60_U84,84,spectral_hard_spatial_low,0.8323037766830871,0.8063054187192118,0.8063054187192118,0.8323037766830871,0.8432257966252498,0.7037037037037037,0.39242033148640376,0.11301891386763883,145,-0.2325639304394289,2.0,100
CAL_R2_K100,CAL,R2,K100,100,19,PA-H__0143,PA 18:1_22:3,0.004836125156936127,False,False,False,2.625731479291573e-23,False,0.26035456632127724,0.8639124793194024,0.8037028144235677,PA,0.33467634555443054,,,UNASSIGNED_FALSE_POSITIVE,,,,,,,,,,,,100
CAL_R2_K100,CAL,R2,K100,100,20,PA-H__0144,PA 18:1_22:4,0.0072647766508895486,False,False,False,4.8611090102906766e-21,False,0.23118051955905902,0.7349039762795926,0.7251473077432745,PA,0.45741325188581883,,,UNASSIGNED_FALSE_POSITIVE,,,,,,,,,,,,100
CAL_R2_K100,CAL,R2,K100,100,23,PA-H__0151,PA 18:1_24:4,0.0027681806873274526,False,False,False,4.7508333220463076e-20,False,0.2590661626283403,0.770029563231097,0.7660750464750595,PA,0.383684973635327,,,UNASSIGNED_FALSE_POSITIVE,,,,,,,,,,,,100
CAL_R2_K100,CAL,R2,K100,100,24,PA-H__0152,PA 18:1_24:5,0.005451328633501601,True,True,False,1.8468289237301403e-07,True,0.2403872498285696,0.8248123478924629,0.8214327614182942,PA,0.3299181231679643,,135,singleton_control,,,,,,,,,218,,0.5,100
CAL_R2_K100,CAL,R2,K100,100,28,PA-H__0164,PA 18:2_22:2,0.014093531146191291,True,True,False,1.263559570748484e-06,True,0.47866516502254414,0.8685597534716455,0.7219248581633445,PA,0.21330629332370504,B2_U60_U84,60,spectral_hard_spatial_low,0.8323037766830871,0.8063054187192118,0.8063054187192118,0.8323037766830871,0.8432257966252498,0.7037037037037037,0.39242033148640376,0.11301891386763883,390,-0.2325639304394289,0.7802037075442214,100
CAL_R2_K100,CAL,R2,K100,100,29,PA-H__0165,PA 18:2_22:3,0.0141509018457755,True,True,False,3.3459471119983797e-07,True,0.40654814292933356,0.8361365785941115,0.722889225295104,PA,0.2844157982081504,,51,singleton_control,,,,,,,,,136,,1.0760213163243861,100
CAL_R2_K100,CAL,R2,K100,100,32,PA-H__0173,PA 18:2_24:4,0.005168485535618469,False,False,False,7.414595616938524e-20,False,0.33277246997096527,0.6495701338678831,0.6430180714358019,PA,0.4330785336890039,,,UNASSIGNED_FALSE_POSITIVE,,,,,,,,,,,,100
CAL_R2_K100,CAL,R2,K100,100,36,PA-H__0198,PA 20:0_20:1,0.018801882306028188,True,True,False,2.5085258784802396e-06,True,0.2700502904887188,0.7565930817931681,0.6960378383676507,PA,0.447954812251149,B3_U62_U111,111,spectral_hard_spatial_low,0.6664384236453202,0.7616584564860427,0.6664384236453202,0.7616584564860427,0.07934268832688471,0.06349206349206349,0.06222121571833724,0.0,237,-0.2927295663961525,2.0,100
CAL_R2_K100,CAL,R2,K100,100,38,PA-H__0200,PA 20:0_20:3,0.0031744289061841477,False,False,False,0.0,False,0.28594755195446475,0.8048190171061798,0.7203920412647556,PA,0.4076195370011738,,,UNASSIGNED_FALSE_POSITIVE,,,,,,,,,,,,100
CAL_R2_K100,CAL,R2,K100,100,39,PA-H__0201,PA 20:0_20:4,0.011762709867207803,False,False,False,7.735789508616871e-22,False,0.1645114953783594,0.8957566529041909,0.8619613486853611,PA,0.3424625013635971,,,UNASSIGNED_FALSE_POSITIVE,,,,,,,,,,,,100
CAL_R2_K100,CAL,R2,K100,100,40,PA-H__0202,PA 20:0_20:5,0.001135518963204305,False,False,False,0.0,False,0.18367672004065808,0.9361340206999159,0.9175683792240663,PA,0.2139012841901092,,,UNASSIGNED_FALSE_POSITIVE,,,,,,,,,,,,100
CAL_R2_K100,CAL,R2,K100,100,48,PA-H__0218,PA 20:1_20:2,0.00773431404929102,True,True,False,4.1697243243134283e-07,True,0.4799544894237642,0.9253440230489325,0.6127851649721114,PA,0.31029505444836114,B1_U9_U37,37,spectral_easy_spatial_high,0.15578981937602626,0.15053530377668312,0.15053530377668312,0.15578981937602626,0.0,0.0,0.0,0.0,159,0.9959390505017323,0.5340342571614348,100
CAL_R2_K100,CAL,R2,K100,100,49,PA-H__0219,PA 20:1_20:3,0.024548416018617243,True,True,False,4.44025843722662e-07,True,0.2950230689775499,0.8311619582958673,0.670144021014576,PA,0.44720802111394947,B1_U95_U125,95,spectral_hard_spatial_low,0.7451149425287357,0.8009901477832513,0.7451149425287357,0.8009901477832513,0.05022587307821144,0.0661764705882353,0.05302766559774588,0.11301892928657031,248,-0.22838524714375422,2.0,100
CAL_R2_K100,CAL,R2,K100,100,50,PA-H__0220,PA 20:1_20:4,0.028408098502094994,True,True,False,1.0139371722518996e-05,True,0.3008190275753367,0.858855563387748,0.7773054894334199,PA,0.3283043117601799,,92,singleton_control,,,,,,,,,215,,2.0,100
CAL_R2_K100,CAL,R2,K100,100,51,PA-H__0222,PA 22:0_20:1,0.001055687911239225,False,False,False,0.0,False,0.4020166500263304,0.8495611434984474,0.7558192210470013,PA,0.2527636987135384,,,UNASSIGNED_FALSE_POSITIVE,,,,,,,,,,,,100
CAL_R2_K100,CAL,R2,K100,100,53,PA-H__0224,PA 20:1_22:2,0.018674038816809655,True,True,False,8.665286237473764e-06,True,0.34352237197995034,0.9019786006016902,0.8163714083818836,PA,0.2340048772270285,,94,singleton_control,,,,,,,,,319,,1.8682084992203376,100
CAL_R2_K100,CAL,R2,K100,100,54,PA-H__0225,PA 20:1_22:3,0.00156668002304339,False,False,False,1.4632866401550993e-20,False,0.33476954438953394,0.8781031661032047,0.8136488404920164,PA,0.24658711409645712,,,UNASSIGNED_FALSE_POSITIVE,,,,,,,,,,,,100
CAL_R2_K100,CAL,R2,K100,100,55,PA-H__0226,PA 20:1_22:4,0.008301274009117846,False,False,False,1.6296450035179773e-27,False,0.34668458838690386,0.780619943822926,0.7254488250437023,PA,0.3415915206294644,,,UNASSIGNED_FALSE_POSITIVE,,,,,,,,,,,,100
CAL_R2_K100,CAL,R2,K100,100,56,PA-H__0227,PA 20:1_22:5,0.005956955375400832,False,False,False,0.0,False,0.22030580527220145,0.8930555529932804,0.8753112931195504,PA,0.2632540567277174,,,UNASSIGNED_FALSE_POSITIVE,,,,,,,,,,,,100
CAL_R2_K100,CAL,R2,K100,100,57,PA-H__0228,PA 20:1_22:6,0.00618530291671932,False,False,False,4.700896833149137e-29,False,0.23670331410171605,0.9753576763078726,0.8753112931195504,PA,0.2468565478982028,,,UNASSIGNED_FALSE_POSITIVE,,,,,,,,,,,,100
CAL_R2_K100,CAL,R2,K100,100,58,PA-H__0236,PA 20:2_20:2,0.01181818605959429,True,True,False,9.432942948686937e-07,True,0.4107496994340883,0.9505388151236878,0.7219248581633445,PA,0.2812217589121609,B1_U59_U80,80,spectral_hard_spatial_low,0.679983579638752,0.7071789819376026,0.679983579638752,0.7071789819376026,0.12131038262682024,0.13592233009708737,0.062262277778382835,0.0,86,-0.20829698475144195,0.5,100
CAL_R2_K100,CAL,R2,K100,100,59,PA-H__0237,PA 20:2_20:3,0.004229215519711691,False,False,False,3.785022212768878e-20,False,0.5731558925579161,0.7541480424155057,0.5477421399094071,PA,0.2634913139559546,,,UNASSIGNED_FALSE_POSITIVE,,,,,,,,,,,,100
CAL_R2_K100,CAL,R2,K100,100,60,PA-H__0241,PA 22:1_20:2,0.007288212663673691,False,False,False,4.2181139795591e-27,False,0.43337633237958284,0.8789327040599717,0.709852279634953,PA,0.27097424872123554,,,UNASSIGNED_FALSE_POSITIVE,,,,,,,,,,,,100
CAL_R2_K100,CAL,R2,K100,100,61,PA-H__0244,PA 20:2_22:4,0.015949738330920154,True,True,False,1.5053164121026789e-06,True,0.37047771471182533,0.7482238559770684,0.6566445052131067,PA,0.3837225198236953,B3_U27_U48,48,spectral_easy_spatial_high,0.1769326765188834,0.1802495894909688,0.1769326765188834,0.1802495894909688,0.0,0.0,0.0,0.0,171,0.99072692293003,1.4538436095675817,100
CAL_R2_K100,CAL,R2,K100,100,69,PA-H__0274,PA 22:1_20:4,0.006975633873434028,True,True,False,9.92677418392008e-07,True,0.4982506449670433,0.7912873858859593,0.6692801545595407,PA,0.24475949945411957,B1_U59_U80,59,spectral_hard_spatial_low,0.679983579638752,0.7071789819376026,0.679983579638752,0.7071789819376026,0.12131038262682024,0.13592233009708737,0.062262277778382835,0.0,229,-0.20829698475144195,0.7303443264893795,100
CAL_R2_K100,CAL,R2,K100,100,70,PA-H__0275,PA 22:2_20:4,0.021919300642175166,True,True,False,2.805796786519615e-06,True,0.47434523544092577,0.782540752402415,0.5657478608154209,PA,0.35023305555561457,B3_U62_U111,62,spectral_hard_spatial_low,0.6664384236453202,0.7616584564860427,0.6664384236453202,0.7616584564860427,0.07934268832688471,0.06349206349206349,0.06222121571833724,0.0,81,-0.2927295663961525,1.0000000000000002,100
CAL_R2_K100,CAL,R2,K100,100,71,PA-H__0276,PA 22:3_20:4,0.035595491985027046,True,True,False,0.0001545988242003538,True,0.5133313032763523,0.857899231006412,0.7294435960195339,PA,0.17070966057456427,,28,singleton_control,,,,,,,,,260,,2.0,100
CAL_R2_K100,CAL,R2,K100,100,72,PA-H__0277,PA 20:4_22:4,0.0014037641343453472,False,False,False,0.0,False,0.48634054946811606,0.6664725514235691,0.6353761278352141,PA,0.28586225820427874,,,UNASSIGNED_FALSE_POSITIVE,,,,,,,,,,,,100
CAL_R2_K100,CAL,R2,K100,100,76,PA-H__0344,PA 22:3_22:6,0.0014065989895732812,False,False,False,1.7610943446155152e-22,False,0.27640168722125424,0.8781031661032047,0.8510618155395758,PA,0.24866381929243875,,,UNASSIGNED_FALSE_POSITIVE,,,,,,,,,,,,100
CAL_R2_K100,CAL,R2,K100,100,77,PA-H__0353,PA 22:4_22:5,0.010576446795110028,True,True,False,1.0792939538801564e-05,True,0.3689568116282089,0.8791048786261756,0.824277161053695,PA,0.19722969630469922,B2_U43_U133,43,spectral_hard_spatial_high,0.896121510673235,0.8493119868637111,0.8493119868637111,0.896121510673235,0.8791048786261756,0.7721518987341772,0.824277161053695,0.12927863446635213,316,0.996582436906362,0.689110922829001,100
CAL_R2_K100,CAL,R2,K100,100,78,PA-H__0354,PA 22:4_22:6,0.008446902223608999,True,True,False,1.0698696470382486e-06,True,0.21443724145284473,0.8791048786261756,0.824277161053695,PA,0.35174926648006344,B2_U43_U133,133,spectral_hard_spatial_high,0.896121510673235,0.8493119868637111,0.8493119868637111,0.896121510673235,0.8791048786261756,0.7721518987341772,0.824277161053695,0.12927863446635213,316,0.996582436906362,0.5,100
CAL_R2_K100,CAL,R2,K100,100,83,PS-H__0037,PS 14:0_20:1,0.030912336397146675,True,True,False,0.0004373641750091203,True,0.6452509214029478,0.5669019742880855,0.5507237251352834,PS,0.1894366719953947,,5,singleton_control,,,,,,,,,361,,2.0,100
CAL_R2_K100,CAL,R2,K100,100,89,PS-H__0058,PS 16:0_18:0,0.03182137760640451,True,True,False,0.00028301436692104004,True,0.5338078555993598,0.5969269143482696,0.5956843784845582,PS,0.2694107455482141,B1_U18_U144,18,spectral_easy_spatial_low,0.20493267651888342,0.2025353037766831,0.2025353037766831,0.20493267651888342,0.0,0.0,0.0,0.0,260,-0.22266067809064802,2.0,100
CAL_R2_K100,CAL,R2,K100,100,91,PS-H__0060,PS 16:0_18:2,0.009000200090623765,True,True,False,2.202512566415259e-05,True,0.6781582371045598,0.5040174672653055,0.5002817714157587,PS,0.18770442474725524,B2_U4_U74,4,spectral_hard_spatial_high,0.753344827586207,0.5892348111658455,0.5892348111658455,0.753344827586207,0.3843112909970413,0.29357798165137616,0.1885816482983016,0.0,237,0.9961806289925322,0.5,100
CAL_R2_K100,CAL,R2,K100,100,92,PS-H__0062,PS 16:0_20:0,0.009603122098021895,True,True,False,4.237411000317105e-06,True,0.5982023461058829,0.4966771953016806,0.46881418646450934,PS,0.2850944661659719,B2_U23_U146,23,spectral_hard_spatial_low,0.6574581280788178,0.6583152709359607,0.6574581280788178,0.6583152709359607,0.04355266034180107,0.06944444444444445,0.043333667178812665,0.0,236,-0.4025547907021363,0.5340342571614348,100
CAL_R2_K100,CAL,R2,K100,100,94,PS-H__0064,PS 16:0_20:2,0.0026514961287268752,False,False,False,3.676226742916163e-21,False,0.4254264414636681,0.6085440292908172,0.6058878288272445,PS,0.3701236442499894,,,UNASSIGNED_FALSE_POSITIVE,,,,,,,,,,,,100
CAL_R2_K100,CAL,R2,K100,100,96,PS-H__0066,PS 16:0_20:4,0.009271869769367017,True,True,False,2.350999400000107e-06,True,0.28261631942641324,0.543623575220217,0.9003462122557829,PS,0.1525580112465536,B2_U4_U74,74,spectral_hard_spatial_high,0.753344827586207,0.5892348111658455,0.5892348111658455,0.753344827586207,0.3843112909970413,0.29357798165137616,0.1885816482983016,0.0,237,0.9961806289925322,0.5,100
CAL_R2_K100,CAL,R2,K100,100,99,PS-H__0084,PS 16:1_18:1,0.008833406841910387,True,True,False,1.3071380022498407e-05,True,0.5162932804885375,0.7088748688362516,0.7013033019364238,PS,0.1965697348889397,,14,singleton_control,,,,,,,,,339,,0.5340342571614348,100
CAL_R2_K100,CAL,R2,K100,100,105,PS-H__0107,PS 18:0_18:0,0.0023201912335020724,False,False,False,3.0930296021311817e-20,False,0.4331045541325963,0.7822407069839156,0.7805572307978421,PS,0.19197976773862468,,,UNASSIGNED_FALSE_POSITIVE,,,,,,,,,,,,100
CAL_R2_K100,CAL,R2,K100,100,107,PS-H__0109,PS 18:0_18:2,0.003493550246742322,False,False,False,3.069566373231084e-20,False,0.541157843513578,0.6351598729298585,0.6058878288272445,PS,0.2543922422000795,,,UNASSIGNED_FALSE_POSITIVE,,,,,,,,,,,,100
CAL_R2_K100,CAL,R2,K100,100,109,PS-H__0131,PS 18:1_18:1,0.029274587050081926,True,True,False,5.635354373323276e-05,True,0.40966522110944875,0.7550139637638565,0.7530106946391664,PS,0.24834305677088325,B4_U31_U61,61,spectral_easy_spatial_low,0.1672183908045977,0.15510673234811168,0.15510673234811168,0.1672183908045977,0.0,0.0,0.0,0.0,109,-0.29095927378783115,2.0,100
CAL_R2_K100,CAL,R2,K100,100,110,PS-H__0132,PS 18:1_18:2,0.009903830189287933,True,True,False,1.3618472073445092e-05,True,0.5035381539353998,0.5475678123279634,0.5450127737114232,PS,0.33488958683382175,B3_U24_U71,24,spectral_easy_spatial_low,0.21500985221674876,0.1539638752052545,0.1539638752052545,0.21500985221674876,0.0,0.0,1.1952550981648553e-18,2.7908281293347514e-17,197,-0.15993526896655974,0.6170676298438253,100
CAL_R2_K100,CAL,R2,K100,100,112,PS-H__0154,PS 18:2_18:2,0.008838016670608396,True,True,False,1.1263516354370804e-05,True,0.48970262007816334,0.7776225381848841,0.7708922887506152,PS,0.14726290422031718,B4_U25_U52,25,spectral_easy_spatial_low,0.33451067323481115,0.16996387520525452,0.16996387520525452,0.33451067323481115,0.0,0.0,0.04481270302025489,0.42752415751716705,81,-0.22693333239390043,0.5,100
CAL_R2_K100,CAL,R2,K100,100,114,PS-H__0457,PS 17:0_18:2,0.041274269239152436,True,True,False,0.0029703606538555565,True,0.8592744291053689,0.42774736234787014,0.42497146944658676,PS,0.04593231532178621,B1_U3_U136,3,spectral_easy_spatial_high,0.20836124794745484,0.2082495894909688,0.2082495894909688,0.20836124794745484,0.0,0.0,0.0,0.0,141,0.9819920928165091,2.0,100
CAL_R2_K100,CAL,R2,K100,100,116,PE-H__0069,PE 16:0_22:1,0.0016290772456069023,False,False,False,0.0,False,0.20454583643989277,0.8508967724619106,0.8469294720807093,PE,0.32715941021570594,,,UNASSIGNED_FALSE_POSITIVE,,,,,,,,,,,,100
CAL_R2_K100,CAL,R2,K100,100,117,PE-H__0070,PE 16:0_22:2,0.0010169234692842491,False,False,False,0.0,False,0.1886425381510025,0.8572487991575071,0.8549196417105,PE,0.3301179135196991,,,UNASSIGNED_FALSE_POSITIVE,,,,,,,,,,,,100
CAL_R2_K100,CAL,R2,K100,100,118,PE-H__0071,PE 16:0_22:3,0.0012057816566262522,False,False,False,0.0,False,0.17057139729731954,0.8795843067259717,0.8777723219286147,PE,0.3085066243818726,,,UNASSIGNED_FALSE_POSITIVE,,,,,,,,,,,,100
CAL_R2_K100,CAL,R2,K100,100,119,PE-H__0072,PE 16:0_22:4,0.002477339210188442,False,False,False,0.0,False,0.15895469448868532,0.9923755383909935,0.9175531099957062,PE,0.2386585476665622,,,UNASSIGNED_FALSE_POSITIVE,,,,,,,,,,,,100
CAL_R2_K100,CAL,R2,K100,100,121,PE-H__0074,PE 16:0_22:6,0.007798486570960788,True,True,False,2.108746683603118e-06,True,0.314182126552006,0.9755490303044848,0.7991402195004995,PE,0.28696253954484413,B4_U73_U152,152,spectral_easy_spatial_high,0.24607553366174056,0.23967816091954022,0.23967816091954022,0.24607553366174056,0.0,0.0,0.0,0.0,284,0.9963190100856536,0.7802037075442214,100
CAL_R2_K100,CAL,R2,K100,100,132,PE-H__0111,PE 18:0_20:0,0.030508940008095665,True,True,False,0.00033474688392122205,True,0.40021591861516753,0.8568501347183278,0.7562161979702491,PE,0.2541059149861736,B2_U7_U22,22,spectral_easy_spatial_high,0.16836124794745483,0.15682101806239737,0.15682101806239737,0.16836124794745483,0.0,0.0,0.0,0.0,136,0.9833781955801629,2.0,100
CAL_R2_K100,CAL,R2,K100,100,136,PE-H__0115,PE 18:0_20:4,0.028702611292610578,True,True,False,2.7143575984916954e-06,True,0.22953824843435902,0.9681638035480906,0.9143115872726723,PE,0.17547325927736837,,85,singleton_control,,,,,,,,,287,,2.0,100
CAL_R2_K100,CAL,R2,K100,100,138,PE-H__0120,PE 18:0_22:3,0.03227879902063511,True,True,False,2.4700496940448285e-07,True,0.13894652703571336,0.9701015028997059,0.9625813127302882,PE,0.13204649203015678,,169,singleton_control,,,,,,,,,361,,1.2101381550740857,100
CAL_R2_K100,CAL,R2,K100,100,139,PE-H__0121,PE 18:0_22:4,0.008825161376979869,True,True,False,1.123320658250392e-07,True,0.18017532391550736,0.9584828806991764,0.9476228644253383,PE,0.1392161393679012,B4_U126_U171,126,spectral_hard_spatial_low,0.7525139573070609,0.8976781609195403,0.7525139573070609,0.8976781609195403,0.02992790631716465,0.10227272727272728,0.029587357908151594,0.0,102,-0.1567198845147421,0.6170676298438253,100
CAL_R2_K100,CAL,R2,K100,100,140,PE-H__0122,PE 18:0_22:5,0.02499836472866548,True,True,False,2.1481457379630566e-06,True,0.21456025597759804,0.9193711031721301,0.901852911837853,PE,0.21748294256808653,B3_U13_U90,90,spectral_hard_spatial_high,0.7239244663382594,0.6166551724137932,0.6166551724137932,0.7239244663382594,0.17572525850461496,0.11711711711711711,0.1511902006158474,0.0,180,0.9962595110502747,2.0,100
CAL_R2_K100,CAL,R2,K100,100,141,PE-H__0123,PE 18:0_22:6,0.029260299054054587,True,True,False,1.7691154848683745e-05,True,0.3578455473352584,0.8518939235283789,0.8004891666672417,PE,0.2415016759405193,,50,singleton_control,,,,,,,,,107,,2.0,100
CAL_R2_K100,CAL,R2,K100,100,145,PE-H__0137,PE 18:1_20:3,0.004727365706258281,True,True,False,6.654763758235737e-08,True,0.17948687007626737,0.9658056478918986,0.9200954043558142,PE,0.2122074583015007,B4_U104_U161,104,spectral_hard_spatial_high,0.7374532019704434,0.7812118226600986,0.7374532019704434,0.7812118226600986,0.02432721425754833,0.11363636363636363,0.023836859555820926,0.0,146,0.9851598029163144,1.0000000000000002,100
CAL_R2_K100,CAL,R2,K100,100,147,PE-H__0139,PE 18:1_20:5,0.0016465859750533416,False,False,False,0.0,False,0.3998586987063159,0.9724669479844656,0.7719148349631345,PE,0.2358672544872255,,,UNASSIGNED_FALSE_POSITIVE,,,,,,,,,,,,100
CAL_R2_K100,CAL,R2,K100,100,149,PE-H__0143,PE 18:1_22:3,0.00827651810328095,False,False,False,3.9928193551808203e-22,False,0.10400557506001402,0.9605256779361461,0.9604944850033889,PE,0.1742934444820513,,,UNASSIGNED_FALSE_POSITIVE,,,,,,,,,,,,100
CAL_R2_K100,CAL,R2,K100,100,152,PE-H__0146,PE 18:1_22:6,0.003587757734411747,False,False,False,0.0,False,0.3159564682544253,0.8033916799379116,0.7760340770949737,PE,0.3147345109004634,,,UNASSIGNED_FALSE_POSITIVE,,,,,,,,,,,,100
CAL_R2_K100,CAL,R2,K100,100,155,PE-H__0158,PE 18:2_20:2,0.004711345965273527,False,False,False,1.1912513075730086e-22,False,0.18632332063996887,0.930785287256962,0.7430427070574672,PE,0.4829206823131476,,,UNASSIGNED_FALSE_POSITIVE,,,,,,,,,,,,100
CAL_R2_K100,CAL,R2,K100,100,156,PE-H__0159,PE 18:2_20:3,0.0043540208371534135,False,False,False,5.960806306798009e-27,False,0.14518288049439587,0.9537646675247846,0.7427822111270515,PE,0.5243502305861603,,,UNASSIGNED_FALSE_POSITIVE,,,,,,,,,,,,100
CAL_R2_K100,CAL,R2,K100,100,157,PE-H__0160,PE 18:2_20:4,0.0015383793223018398,False,False,False,0.0,False,0.14619914077909651,0.9616518591994055,0.9130395109281053,PE,0.2616719803905277,,,UNASSIGNED_FALSE_POSITIVE,,,,,,,,,,,,100
CAL_R2_K100,CAL,R2,K100,100,159,PE-H__0163,PE 22:1_18:2,0.0413199149414964,True,True,False,4.620797442101856e-05,True,0.5331745268800695,0.8840894589858442,0.6735070252941758,PE,0.20600629462397246,,45,singleton_control,,,,,,,,,119,,2.0,100
CAL_R2_K100,CAL,R2,K100,100,160,PE-H__0164,PE 18:2_22:2,0.005767804602651317,False,False,False,0.0,False,0.1271355008514916,0.9008257061441529,0.9005744438179483,PE,0.3075663178035413,,,UNASSIGNED_FALSE_POSITIVE,,,,,,,,,,,,100
CAL_R2_K100,CAL,R2,K100,100,161,PE-H__0165,PE 18:2_22:3,0.015507535698447579,True,True,False,2.5332785870703053e-06,True,0.12289383117903037,0.8792970872952994,0.8792923996515524,PE,0.35338851776434027,,112,singleton_control,,,,,,,,,133,,2.0,100
CAL_R2_K100,CAL,R2,K100,100,163,PE-H__0167,PE 18:2_22:5,0.0018977431592961174,False,False,False,1.817952758145897e-27,False,0.16453696138061585,0.9332832381772025,0.9254990815922642,PE,0.21421289006737537,,,UNASSIGNED_FALSE_POSITIVE,,,,,,,,,,,,100
CAL_R2_K100,CAL,R2,K100,100,166,PE-H__0178,PE 20:1_18:3,0.0040349131461276935,False,False,False,9.538982868343021e-22,False,0.4489705865818388,0.9659907277452849,0.7775930923942953,PE,0.17979724231900202,,,UNASSIGNED_FALSE_POSITIVE,,,,,,,,,,,,100
CAL_R2_K100,CAL,R2,K100,100,170,PE-H__0200,PE 20:0_20:3,0.0032712078887058493,False,False,False,0.0,False,0.23032749244938702,0.9788474233762352,0.94467750434353,PE,0.09767313679891157,,,UNASSIGNED_FALSE_POSITIVE,,,,,,,,,,,,100
CAL_R2_K100,CAL,R2,K100,100,172,PE-H__0202,PE 20:0_20:5,0.002267657481830687,False,False,False,8.50719589116468e-27,False,0.42609430792144315,0.8451414828957593,0.6792961262597426,PE,0.30776996621138847,,,UNASSIGNED_FALSE_POSITIVE,,,,,,,,,,,,100
CAL_R2_K100,CAL,R2,K100,100,173,PE-H__0218,PE 20:1_20:2,0.01833851835282391,True,True,False,3.12173689832965e-07,True,0.20294033552387394,0.9253440230489325,0.8845567029435504,PE,0.2634923383719795,,151,singleton_control,,,,,,,,,109,,1.4538436095675817,100
CAL_R2_K100,CAL,R2,K100,100,175,PE-H__0220,PE 20:1_20:4,0.0027161148881876106,False,False,False,3.1574023601002884e-23,False,0.22946614386916517,0.9422890778439277,0.9190388079823439,PE,0.1647009138898418,,,UNASSIGNED_FALSE_POSITIVE,,,,,,,,,,,,100
CAL_R2_K100,CAL,R2,K100,100,176,PE-H__0221,PE 20:1_20:5,0.0021089806903788737,False,False,False,2.359497110160151e-27,False,0.3973599004661181,0.7993795604865694,0.6792961262597426,PE,0.33650437366671354,,,UNASSIGNED_FALSE_POSITIVE,,,,,,,,,,,,100
CAL_R2_K100,CAL,R2,K100,100,177,PE-H__0236,PE 20:2_20:2,0.010287111944208975,True,True,False,6.485247089492387e-08,True,0.13796437864051098,0.9885666181646524,0.9803192870333286,PE,0.05945420070415522,,175,singleton_control,,,,,,,,,93,,0.5,100
CAL_R2_K100,CAL,R2,K100,100,178,PE-H__0237,PE 20:2_20:3,0.0033677711216415283,False,False,False,8.831308745335126e-23,False,0.10342592469336877,0.8809502880689941,0.8757642268764254,PE,0.37931315485534245,,,UNASSIGNED_FALSE_POSITIVE,,,,,,,,,,,,100
CAL_R2_K100,CAL,R2,K100,100,179,PE-H__0238,PE 20:2_20:4,0.010712298924085062,True,True,False,1.6397547809706402e-07,True,0.18995619886808268,0.9559925050099088,0.9369316641113805,PE,0.15955640002569,B3_U102_U170,102,spectral_hard_spatial_low,0.7658210180623974,0.7055155993431855,0.7055155993431855,0.7658210180623974,0.03085693327679168,0.171875,0.006477920006387038,0.0,283,-0.13899964246571633,0.5,100
CAL_R2_K100,CAL,R2,K100,100,180,PE-H__0239,PE 20:2_20:5,0.025988490929372134,True,True,False,7.321894316086456e-05,True,0.3893851070272266,0.798793448092428,0.6606806154113212,PE,0.36128201255356196,B3_U44_U157,44,spectral_easy_spatial_low,0.25750410509031196,0.2556781609195402,0.2556781609195402,0.25750410509031196,0.0,0.0,0.0,0.0,320,-0.12985281532301127,2.0,100
CAL_R2_K100,CAL,R2,K100,100,181,PE-H__0254,PE 20:3_20:3,0.003264566630830928,False,False,False,5.085514984201684e-27,False,0.11972298568219342,0.9884825101246301,0.9837096338633671,PE,0.06004173901205881,,,UNASSIGNED_FALSE_POSITIVE,,,,,,,,,,,,100
CAL_R2_K100,CAL,R2,K100,100,182,PE-H__0255,PE 20:3_20:4,0.008415382328121489,False,False,False,3.255544001474506e-21,False,0.12448475029069515,0.9204161266642652,0.9128348333325689,PE,0.2838442433586674,,,UNASSIGNED_FALSE_POSITIVE,,,,,,,,,,,,100
CAL_R2_K100,CAL,R2,K100,100,183,PE-H__0256,PE 20:3_20:5,0.013541662324963587,True,True,False,1.9124992006682757e-05,True,0.33900755670745725,0.7617570615123257,0.6460284911629157,PE,0.42430573978734804,B2_U70_U101,70,spectral_easy_spatial_low,0.20378981937602628,0.20139244663382594,0.20139244663382594,0.20378981937602628,0.0,0.0,0.0,0.0,371,-0.13499395884195403,1.0000000000000002,100
CAL_R2_K100,CAL,R2,K100,100,184,PE-H__0271,PE 20:4_20:4,0.00271006098695613,False,False,False,3.5588771875814443e-22,False,0.12143494692201809,0.9845400250879618,0.9715405518090002,PE,0.11543834450329934,,,UNASSIGNED_FALSE_POSITIVE,,,,,,,,,,,,100
CAL_R2_K100,CAL,R2,K100,100,186,PE-H__0459,PE 17:0_20:0,0.013341482766962062,False,False,False,2.1132808993065142e-22,False,0.2698075638945543,0.9206618024583055,0.8460604591945621,PE,0.26327938903853587,,,UNASSIGNED_FALSE_POSITIVE,,,,,,,,,,,,100
CAL_R2_K100,CAL,R2,K100,100,187,PE-H__0460,PE 17:0_20:1,0.010032887804741784,False,False,False,1.9355876523445335e-20,False,0.21935078912512027,0.9551170493571611,0.9037729092166604,PE,0.20866151042485073,,,UNASSIGNED_FALSE_POSITIVE,,,,,,,,,,,,100
CAL_R2_K100,CAL,R2,K100,100,188,PE-H__0461,PE 17:0_20:2,0.009393583315195443,True,True,False,6.125650313267678e-08,True,0.1630015495704311,0.9691815015571644,0.9500581444976401,PE,0.1490713939439036,B2_U88_U158,158,spectral_easy_spatial_high,0.28778981937602627,0.265392446633826,0.265392446633826,0.28778981937602627,0.0,0.0,0.0,0.0,246,0.9857523292651524,0.5,100
CAL_R2_K100,CAL,R2,K100,100,189,PE-H__0462,PE 17:0_20:3,0.00872923845166579,True,True,False,1.1453550780949553e-07,True,0.15187039632663366,0.9898819477902964,0.9455757956032335,PE,0.17353153170900668,B2_U58_U139,139,spectral_easy_spatial_low,0.2837898193760263,0.2425353037766831,0.2425353037766831,0.2837898193760263,0.0,0.0,0.0,0.0,329,-0.2307182720743274,0.8939526432607221,100
CAL_R2_K100,CAL,R2,K100,100,190,PE-H__0463,PE 17:0_20:4,0.019000025136513738,True,True,False,1.5479802485876302e-07,True,0.1628046691202565,0.9887826418894832,0.9240092007107269,PE,0.21956556638706384,B3_U149_U167,167,spectral_hard_spatial_high,0.931169129720854,0.8823284072249589,0.8823284072249589,0.931169129720854,0.9152079059871879,0.35714285714285715,0.8796100794621347,0.0024602488365893832,339,0.9951153550026256,0.5,100
CAL_R2_K100,CAL,R2,K100,100,191,PE-H__0464,PE 17:0_20:5,0.02101841037607962,True,True,False,8.111251709965329e-05,True,0.34361334142228894,0.9811934844127886,0.7108936864274412,PE,0.35968614428604206,,127,singleton_control,,,,,,,,,47,,2.0,100
CAL_R2_K100,CAL,R2,K100,100,194,PE-H__0468,PE 17:0_22:3,0.0017127400490922326,False,False,False,3.2032793886483947e-25,False,0.12944258217526786,0.9493851963105262,0.9459213048199246,PE,0.1949536032026912,,,UNASSIGNED_FALSE_POSITIVE,,,,,,,,,,,,100
CAL_R2_K100,CAL,R2,K100,100,196,PE-H__0470,PE 17:0_22:5,0.00207944974637788,False,False,False,2.228349519169517e-28,False,0.20553202250395822,0.9211023236447361,0.903597002570837,PE,0.22285151703158326,,,UNASSIGNED_FALSE_POSITIVE,,,,,,,,,,,,100
CAL_R2_K100,CAL,R2,K100,100,198,PE-H__0481,PE 20:0_17:1,0.02246416185429389,True,True,False,6.703853217123948e-05,True,0.3521808615762064,0.9829394646770109,0.8238355564584399,PE,0.21464801552411628,,128,singleton_control,,,,,,,,,216,,2.0,100
CAL_R2_K100,CAL,R2,K100,100,200,PE-H__0483,PE 17:1_20:2,0.007688264947022753,False,False,False,7.949531012322893e-21,False,0.18976008058885643,0.9965803996234099,0.9135491254421633,PE,0.2169683243742819,,,UNASSIGNED_FALSE_POSITIVE,,,,,,,,,,,,100
CAL_R2_K100,CAL,R2,K100,100,201,PE-H__0484,PE 17:1_20:3,0.003913383133570487,False,False,False,0.0,False,0.17058675100295786,0.9942019114139844,0.91474606264425,PE,0.23344250644858108,,,UNASSIGNED_FALSE_POSITIVE,,,,,,,,,,,,100
CAL_R2_K100,CAL,R2,K100,100,202,PE-H__0485,PE 17:1_20:4,0.024177674784435187,True,True,False,2.319589968432999e-07,True,0.17664660802052665,0.9853779862370524,0.9110162578782207,PE,0.23572382967059016,B1_U55_U166,166,spectral_hard_spatial_high,0.6350459770114942,0.4994794745484401,0.4994794745484401,0.6350459770114942,8.269231022895112e-05,0.14705882352941177,7.388365332041578e-06,0.0,378,0.9952953984757973,0.5,100
CAL_R2_K100,CAL,R2,K100,100,203,PE-H__0488,PE 17:1_22:1,0.025057807293513493,True,True,False,2.632482868034551e-05,True,0.25190782559573593,0.7015424004109266,0.6921065620053083,PE,0.46988751023651537,B4_U73_U152,73,spectral_easy_spatial_high,0.24607553366174056,0.23967816091954022,0.23967816091954022,0.24607553366174056,0.0,0.0,0.0,0.0,284,0.9963190100856536,2.0,100
CAL_R2_K100,CAL,R2,K100,100,204,PE-H__0490,PE 17:1_22:3,0.014466702207244109,False,False,False,0.0,False,0.10570325194754038,0.9599558000648393,0.9599528994369606,PE,0.17445818519642592,,,UNASSIGNED_FALSE_POSITIVE,,,,,,,,,,,,100
CAL_R2_K100,CAL,R2,K100,100,207,PE-H__0493,PE 17:1_22:6,0.0010115557816794418,False,False,False,0.0,False,0.2805102678681988,0.8065738667783828,0.7806595188417996,PE,0.34444630313629093,,,UNASSIGNED_FALSE_POSITIVE,,,,,,,,,,,,100
CAL_R2_K100,CAL,R2,K100,100,208,PEO-H__0072,PE O-16:0_22:1,0.0010739542766382653,False,False,False,0.0,False,0.25810380084870377,0.9626827699537985,0.9563306222117823,PE,0.034183285797328655,,,UNASSIGNED_FALSE_POSITIVE,,,,,,,,,,,,100
CAL_R2_K100,CAL,R2,K100,100,209,PEO-H__0073,PE O-16:0_22:2,0.011248492870851603,True,True,False,3.080517739946998e-08,True,0.22163710097107966,0.9697963545701745,0.9660075973064259,PE,0.03687657747991838,B4_U19_U138,138,spectral_easy_spatial_high,0.21293267651888342,0.18482101806239737,0.18482101806239737,0.21293267651888342,0.0,0.0,0.0,0.0,288,0.9962770419536965,0.5,100
CAL_R2_K100,CAL,R2,K100,100,210,PEO-H__0074,PE O-16:0_22:3,0.006503384649890296,True,True,False,2.1108894327038062e-07,True,0.19242974363625995,0.9756545054698517,0.9718809394238797,PE,0.04304305645869205,B1_U3_U136,136,spectral_easy_spatial_high,0.20836124794745484,0.2082495894909688,0.2082495894909688,0.20836124794745484,0.0,0.0,0.0,0.0,141,0.9819920928165091,2.0,100
CAL_R2_K100,CAL,R2,K100,100,211,PEO-H__0075,PE O-16:0_22:4,0.00820396567895853,False,False,False,1.8220592437312414e-21,False,0.21233553953653375,0.9788297262879938,0.96428133306626,PE,0.0525446422437508,,,UNASSIGNED_FALSE_POSITIVE,,,,,,,,,,,,100
CAL_R2_K100,CAL,R2,K100,100,212,PEO-H__0076,PE O-16:0_22:5,0.009232283949294451,False,False,False,3.1371391292956854e-22,False,0.2748935194643735,0.9595548171321114,0.9099757812121108,PE,0.1397678816901211,,,UNASSIGNED_FALSE_POSITIVE,,,,,,,,,,,,100
CAL_R2_K100,CAL,R2,K100,100,213,PEO-H__0077,PE O-16:0_22:6,0.0035324966242138945,False,False,False,6.090700947669896e-23,False,0.48470573742722234,0.900438885889574,0.7632124702069613,PE,0.1614418659271415,,,UNASSIGNED_FALSE_POSITIVE,,,,,,,,,,,,100
CAL_R2_K100,CAL,R2,K100,100,214,PEO-H__0099,PE O-16:1_22:0,0.010323059836032258,True,True,False,4.835619044110392e-06,True,0.5895517686839958,0.9743633702676963,0.6718844687566582,PE,0.15110419776978434,B3_U27_U48,27,spectral_easy_spatial_high,0.1769326765188834,0.1802495894909688,0.1769326765188834,0.1802495894909688,0.0,0.0,0.0,0.0,171,0.99072692293003,0.5340342571614348,100
CAL_R2_K100,CAL,R2,K100,100,215,PEO-H__0100,PE O-16:1_22:1,0.0029122021890237953,False,False,False,0.0,False,0.3096547237703799,0.9753848425333608,0.924433450475611,PE,0.07168868530044187,,,UNASSIGNED_FALSE_POSITIVE,,,,,,,,,,,,100
CAL_R2_K100,CAL,R2,K100,100,216,PEO-H__0101,PE O-16:1_22:2,0.014852363904689478,True,True,False,1.6981605047292924e-07,True,0.19181527150552552,0.9804782409271666,0.972095163534486,PE,0.04277158454753846,,156,singleton_control,,,,,,,,,327,,1.4538436095675817,100
CAL_R2_K100,CAL,R2,K100,100,217,PEO-H__0102,PE O-16:1_22:3,0.016832096088822655,False,False,False,0.0,False,0.15301712497872955,0.978974472761994,0.9789476971502981,PE,0.05109413449543146,,,UNASSIGNED_FALSE_POSITIVE,,,,,,,,,,,,100
CAL_R2_K100,CAL,R2,K100,100,218,PEO-H__0103,PE O-16:1_22:4,0.01221237051945204,False,False,False,0.0,False,0.12973055438059183,0.9809547878114457,0.9808689663219521,PE,0.06493857749836135,,,UNASSIGNED_FALSE_POSITIVE,,,,,,,,,,,,100
CAL_R2_K100,CAL,R2,K100,100,219,PEO-H__0104,PE O-16:1_22:5,0.0170973413172893,True,True,False,2.3918104387370843e-06,True,0.21260509314897325,0.9595548171321114,0.944720452955995,PE,0.11527181327570851,B2_U88_U158,88,spectral_easy_spatial_high,0.28778981937602627,0.265392446633826,0.265392446633826,0.28778981937602627,0.0,0.0,0.0,0.0,246,0.9857523292651524,2.0,100
CAL_R2_K100,CAL,R2,K100,100,221,PEO-H__0107,PE O-16:1_24:1,0.007991838919305983,True,True,False,2.7783327179643842e-05,True,0.7013195190822913,0.7742897189559598,0.6708976550037268,PE,0.04023043642340518,B1_U9_U37,9,spectral_easy_spatial_high,0.15578981937602626,0.15053530377668312,0.15053530377668312,0.15578981937602626,0.0,0.0,0.0,0.0,159,0.9959390505017323,0.5,100
CAL_R2_K100,CAL,R2,K100,100,229,PEO-H__0126,PE O-18:0_20:5,0.0016503134728676368,False,False,False,0.0,False,0.6919909071159304,0.9215313010613547,0.5604614119842438,PE,0.1361896321849082,,,UNASSIGNED_FALSE_POSITIVE,,,,,,,,,,,,100
CAL_R2_K100,CAL,R2,K100,100,236,PEO-H__0150,PE O-18:1_20:1,0.008151727755838159,True,True,False,1.2682716623243955e-07,True,0.39089349908072424,0.9853143544809311,0.8646103224644689,PE,0.11154952285100395,B4_U116_U137,116,spectral_hard_spatial_low,0.6693924466338259,0.6958177339901479,0.6693924466338259,0.6958177339901479,0.02320366760317818,0.06956521739130435,0.005662981390286769,0.0,112,-0.18892471073227715,0.5,100
CAL_R2_K100,CAL,R2,K100,100,237,PEO-H__0151,PE O-18:1_20:2,0.011079433068839756,False,False,False,0.0,False,0.23640856435982596,0.9860488591567219,0.9580837481030324,PE,0.05007971048025392,,,UNASSIGNED_FALSE_POSITIVE,,,,,,,,,,,,100
CAL_R2_K100,CAL,R2,K100,100,238,PEO-H__0152,PE O-18:1_20:3,0.0073989473858081375,False,False,False,1.7434859320046267e-21,False,0.17248031845796863,0.9828895828332406,0.9764529162651794,PE,0.04325030597265456,,,UNASSIGNED_FALSE_POSITIVE,,,,,,,,,,,,100
CAL_R2_K100,CAL,R2,K100,100,239,PEO-H__0153,PE O-18:1_20:4,0.01257940862409579,True,True,False,4.390878832423633e-07,True,0.24144300871075103,0.9790660598691365,0.9453508535750196,PE,0.08461183889158391,B3_U149_U167,149,spectral_hard_spatial_high,0.931169129720854,0.8823284072249589,0.8823284072249589,0.931169129720854,0.9152079059871879,0.35714285714285715,0.8796100794621347,0.0024602488365893832,339,0.9951153550026256,1.0760213163243861,100
CAL_R2_K100,CAL,R2,K100,100,240,PEO-H__0154,PE O-18:1_20:5,0.00262209858238092,False,False,False,0.0,False,0.5577857427715306,0.9215313010613547,0.6612863240163824,PE,0.19234784377749203,,,UNASSIGNED_FALSE_POSITIVE,,,,,,,,,,,,100
CAL_R2_K100,CAL,R2,K100,100,241,PEO-H__0156,PE O-18:1_22:1,0.004832776529712133,True,True,False,5.9384484140390384e-08,True,0.16641771598064747,0.9825549173152562,0.9730776501152054,PE,0.06405980319697188,B1_U124_U148,124,spectral_hard_spatial_high,0.8463940886699508,0.9021313628899836,0.8463940886699508,0.9021313628899836,0.031464558172073644,0.3409090909090909,0.03144905276992591,0.00324548036067953,266,0.9973208767500338,0.5,100
CAL_R2_K100,CAL,R2,K100,100,242,PEO-H__0157,PE O-18:1_22:2,0.030413231609702582,True,True,False,1.3103373600080826e-07,True,0.1397728776659262,0.9852875191058946,0.9852489905480893,PE,0.0313540536569106,B3_U44_U157,157,spectral_easy_spatial_low,0.25750410509031196,0.2556781609195402,0.2556781609195402,0.25750410509031196,0.0,0.0,0.0,0.0,175,-0.12985281532301127,1.2101381550740857,100
CAL_R2_K100,CAL,R2,K100,100,243,PEO-H__0158,PE O-18:1_22:3,0.019119813054880114,True,True,False,8.424909050331929e-09,True,0.13284776908049512,0.9842916841755988,0.984242653129889,PE,0.043975305657608654,B4_U126_U171,171,spectral_hard_spatial_low,0.7525139573070609,0.8976781609195403,0.7525139573070609,0.8976781609195403,0.02992790631716465,0.10227272727272728,0.029587357908151594,0.0,349,-0.1567198845147421,0.7303443264893795,100
CAL_R2_K100,CAL,R2,K100,100,244,PEO-H__0159,PE O-18:1_22:4,0.006353798165884592,True,True,False,1.3530085944835468e-06,True,0.1591848957034343,0.9787777211837311,0.9761218381725482,PE,0.05803885309638207,,118,singleton_control,,,,,,,,,258,,2.0,100
CAL_R2_K100,CAL,R2,K100,100,245,PEO-H__0160,PE O-18:1_22:5,0.02153595762169104,True,True,False,6.999462849141645e-06,True,0.29720123032042856,0.9512253791165726,0.9093100642922111,PE,0.11891799175047629,,93,singleton_control,,,,,,,,,90,,0.8939526432607221,100
CAL_R2_K100,CAL,R2,K100,100,246,PEO-H__0161,PE O-18:1_22:6,0.0014813699571258414,False,False,False,3.709337399710156e-24,False,0.5117301540657673,0.8911899884564419,0.7441668185523289,PE,0.1562636678859819,,,UNASSIGNED_FALSE_POSITIVE,,,,,,,,,,,,100
CAL_R2_K100,CAL,R2,K100,100,247,PEO-H__0231,PE O-20:0_18:2,0.03076380175840322,True,True,False,1.2446468372580192e-05,True,0.42571487661894175,0.9910296758828884,0.8236347989916191,PE,0.14140567307929947,B2_U70_U101,101,spectral_easy_spatial_low,0.20378981937602628,0.20139244663382594,0.20139244663382594,0.20378981937602628,0.0,0.0,0.0,0.0,222,-0.13499395884195403,2.0,100
CAL_R2_K100,CAL,R2,K100,100,248,PEO-H__0259,PE O-20:1_18:2,0.0019757489800277645,False,False,False,1.4271274187250101e-27,False,0.4351737905876049,0.9895861653945057,0.8236347989916191,PE,0.1319467591106363,,,UNASSIGNED_FALSE_POSITIVE,,,,,,,,,,,,100
CAL_R2_K100,CAL,R2,K100,100,249,PEO-H__0179,PE O-18:2_20:2,0.007997803218317676,True,True,False,3.1163943334291373e-07,True,0.17873488478864286,0.9878558096053639,0.9751699462496085,PE,0.04272295754604538,B4_U104_U161,161,spectral_hard_spatial_high,0.7374532019704434,0.7812118226600986,0.7374532019704434,0.7812118226600986,0.02432721425754833,0.11363636363636363,0.023836859555820926,0.0,146,0.9851598029163144,1.4538436095675817,100
CAL_R2_K100,CAL,R2,K100,100,250,PEO-H__0180,PE O-18:2_20:3,0.005147901608151055,False,False,False,0.0,False,0.15389249231375365,0.982213995160686,0.9807094412163158,PE,0.04157871249447814,,,UNASSIGNED_FALSE_POSITIVE,,,,,,,,,,,,100
CAL_R2_K100,CAL,R2,K100,100,251,PEO-H__0181,PE O-18:2_20:4,0.01892254667728573,True,True,False,3.465098019019716e-06,True,0.20161747503517874,0.9802229335768837,0.9715405518090002,PE,0.035255816390138695,,117,singleton_control,,,,,,,,,323,,2.0,100
CAL_R2_K100,CAL,R2,K100,100,252,PEO-H__0183,PE O-18:2_22:0,0.015002701983813217,True,True,False,4.897945686210607e-06,True,0.6092428422951907,0.9909569381714911,0.6718844687566582,PE,0.13141312415858952,B3_U24_U71,71,spectral_easy_spatial_low,0.21500985221674876,0.1539638752052545,0.1539638752052545,0.21500985221674876,0.0,0.0,1.1952550981648553e-18,2.7908281293347514e-17,210,-0.15993526896655974,0.8939526432607221,100
CAL_R2_K100,CAL,R2,K100,100,254,PEO-H__0185,PE O-18:2_22:2,0.019224692042044834,True,True,False,5.978473909964927e-08,True,0.12665676335127843,0.9852875191058946,0.9852489905480893,PE,0.044470167971558366,B1_U124_U148,148,spectral_hard_spatial_high,0.8463940886699508,0.9021313628899836,0.8463940886699508,0.9021313628899836,0.031464558172073644,0.3409090909090909,0.03144905276992591,0.00324548036067953,266,0.9973208767500338,1.0000000000000002,100
CAL_R2_K100,CAL,R2,K100,100,255,PEO-H__0186,PE O-18:2_22:3,0.008333232099844923,False,False,False,4.3488047408527595e-21,False,0.11689533016188987,0.986523537683374,0.9865062605034273,PE,0.04682821117393669,,,UNASSIGNED_FALSE_POSITIVE,,,,,,,,,,,,100
CAL_R2_K100,CAL,R2,K100,100,256,PEO-H__0187,PE O-18:2_22:4,0.008736867877670567,False,False,False,0.0,False,0.14828595476682938,0.9790243416279218,0.9787667375621356,PE,0.05669129626843439,,,UNASSIGNED_FALSE_POSITIVE,,,,,,,,,,,,100
CAL_R2_K100,CAL,R2,K100,100,257,PEO-H__0188,PE O-18:2_22:5,0.005570313166747347,False,False,False,0.0,False,0.26103860623460656,0.9522818262826038,0.935978921601904,PE,0.09101743804944895,,,UNASSIGNED_FALSE_POSITIVE,,,,,,,,,,,,100
CAL_R2_K100,CAL,R2,K100,100,258,PEO-H__0189,PE O-18:2_22:6,0.0029757523478484587,False,False,False,5.2234687163408025e-23,False,0.4310647780235847,0.8859525621257368,0.8285086731249719,PE,0.12891145232614937,,,UNASSIGNED_FALSE_POSITIVE,,,,,,,,,,,,100
CAL_R2_K100,CAL,R2,K100,100,259,PEO-H__0208,PE O-18:3_20:3,0.004053537795788831,False,False,False,0.0,False,0.14272429629361114,0.9852235586914223,0.9837096338633671,PE,0.03704042840064109,,,UNASSIGNED_FALSE_POSITIVE,,,,,,,,,,,,100
CAL_R2_K100,CAL,R2,K100,100,260,PEO-H__0211,PE O-18:3_22:0,0.009340753360536783,True,True,False,9.296119368764126e-07,True,0.6471690508908507,0.9909569381714911,0.4799427523048661,PE,0.2301307579031726,B4_U31_U61,31,spectral_easy_spatial_low,0.1672183908045977,0.15510673234811168,0.15510673234811168,0.1672183908045977,0.0,0.0,0.0,0.0,222,-0.29095927378783115,0.5,100
CAL_R2_K100,CAL,R2,K100,100,262,PEO-H__0215,PE O-18:3_22:4,0.006109420915082875,False,False,False,0.0,False,0.1395747875215276,0.9809547878114457,0.9808689663219521,PE,0.05509434435742558,,,UNASSIGNED_FALSE_POSITIVE,,,,,,,,,,,,100
CAL_R2_K100,CAL,R2,K100,100,263,PEO-H__0216,PE O-18:3_22:5,0.0010399713355544135,False,False,False,0.0,False,0.24245622912169137,0.9538166594574129,0.944720452955995,PE,0.08542067730299038,,,UNASSIGNED_FALSE_POSITIVE,,,,,,,,,,,,100
CAL_R2_K100,CAL,R2,K100,100,264,PEO-H__0217,PE O-18:3_22:6,0.0036373300702232914,True,True,False,5.938726227155854e-06,True,0.4000023234384312,0.8826794057114574,0.8285086731249719,PE,0.15997390691130292,,41,singleton_control,,,,,,,,,171,,0.5,100
CAL_R2_K100,CAL,R2,K100,100,272,PEO-H__0291,PE O-20:2_20:2,0.006943261418895793,False,False,False,0.0,False,0.16900636562700858,0.9845263698240004,0.9803192870333286,PE,0.02841221371765762,,,UNASSIGNED_FALSE_POSITIVE,,,,,,,,,,,,100
CAL_R2_K100,CAL,R2,K100,100,273,PEO-H__0292,PE O-20:2_20:3,0.0061339490690198156,False,False,False,1.7331668242105056e-21,False,0.1699072530804405,0.9836260273963529,0.9795654235086326,PE,0.031218531110331932,,,UNASSIGNED_FALSE_POSITIVE,,,,,,,,,,,,100
CAL_R2_K100,CAL,R2,K100,100,274,PEO-H__0293,PE O-20:2_20:4,0.0038455149562201738,True,True,False,1.8966340326675754e-07,True,0.24665164194411826,0.9798178695906962,0.9504794809695133,PE,0.0641356748111262,,100,singleton_control,,,,,,,,,382,,0.689110922829001,100
CAL_R2_K100,CAL,R2,K100,100,277,PG-H__0044,PG 14:0_20:0,0.001437140858603367,False,False,False,0.0,False,0.7233219574944608,0.7740328453451822,0.5980499698063078,PG,0.0781368584247818,,,UNASSIGNED_FALSE_POSITIVE,,,,,,,,,,,,100
CAL_R2_K100,CAL,R2,K100,100,278,PG-H__0045,PG 16:0_18:0,0.0022542697051699053,False,False,False,5.501147188347042e-27,False,0.2730282086736678,0.7320003904966144,0.5980499698063078,PG,0.5284306072455749,,,UNASSIGNED_FALSE_POSITIVE,,,,,,,,,,,,100
CAL_R2_K100,CAL,R2,K100,100,284,PG-H__0057,PG 16:0_20:4,0.0028862743123556143,False,False,False,1.3536744224563078e-26,False,0.14379851807726615,0.9374555358323216,0.8955038721004012,PG,0.30125520345889656,,,UNASSIGNED_FALSE_POSITIVE,,,,,,,,,,,,100
CAL_R2_K100,CAL,R2,K100,100,286,PG-H__0059,PG 18:1_18:3,0.003320975544484555,False,False,False,0.0,False,0.2765752615706676,0.817951549214987,0.6479205988486453,PG,0.4851326204862354,,,UNASSIGNED_FALSE_POSITIVE,,,,,,,,,,,,100
CAL_R2_K100,CAL,R2,K100,100,287,PG-H__0060,PG 18:2_18:2,0.014219797414769045,True,True,False,5.261390630469178e-07,True,0.18259721218393685,0.9910296758828884,0.7729457639795125,PG,0.4518748880270398,,160,singleton_control,,,,,,,,,228,,1.0760213163243861,100
CAL_R2_K100,CAL,R2,K100,100,288,PG-H__0062,PG 14:0_22:3,0.012242846483411687,False,False,False,6.55307182149753e-21,False,0.08672432217020402,0.9402021823761977,0.9838117810560387,PG,0.09248053115510325,,,UNASSIGNED_FALSE_POSITIVE,,,,,,,,,,,,100
CAL_R2_K100,CAL,R2,K100,100,289,PG-H__0063,PG 16:0_20:3,0.028283443838505843,True,True,False,5.098042581909959e-07,True,0.08072333624957098,0.945604719735853,0.9733932857889159,PG,0.14841747456565207,B3_U102_U170,170,spectral_hard_spatial_low,0.7658210180623974,0.7055155993431855,0.7055155993431855,0.7658210180623974,0.03085693327679168,0.171875,0.006477920006387038,0.0,390,-0.13899964246571633,1.8682084992203376,100
CAL_R2_K100,CAL,R2,K100,100,290,PG-H__0064,PG 16:1_20:2,0.0014647543123950777,True,True,False,1.2711309776827812e-08,True,0.12567904821660042,0.9496476461038932,0.9838117810560387,PG,0.05352580510870686,B1_U55_U166,55,spectral_hard_spatial_high,0.6350459770114942,0.4994794745484401,0.4994794745484401,0.6350459770114942,8.269231022895112e-05,0.14705882352941177,7.388365332041578e-06,0.0,378,0.9952953984757973,0.5,100
CAL_R2_K100,CAL,R2,K100,100,291,PG-H__0065,PG 18:0_18:3,0.015275457392845344,True,True,False,1.4678726563174733e-06,True,0.2545735512048524,0.8165137245448504,0.6169711287365801,PG,0.5324122341213569,,114,singleton_control,,,,,,,,,266,,1.2101381550740857,100
CAL_R2_K100,CAL,R2,K100,100,294,PG-H__0069,PG 16:0_20:2,0.007929393744648364,False,False,False,0.0,False,0.06404391649487126,0.9219327136957365,0.9793705984567973,PG,0.1380284242110617,,,UNASSIGNED_FALSE_POSITIVE,,,,,,,,,,,,100
CAL_R2_K100,CAL,R2,K100,100,295,PG-H__0070,PG 16:1_20:1,0.001036449350887751,False,False,False,0.0,False,0.09626468926765062,0.9360510343034749,0.9917278076514663,PG,0.032094009427904344,,,UNASSIGNED_FALSE_POSITIVE,,,,,,,,,,,,100
CAL_R2_K100,CAL,R2,K100,100,296,PG-H__0071,PG 18:0_18:2,0.024950658738023337,True,True,False,3.502821743922017e-06,True,0.17839411678077585,0.8899710102713989,0.6336685217403919,PG,0.595210565570195,,106,singleton_control,,,,,,,,,308,,2.0,100
CAL_R2_K100,CAL,R2,K100,100,298,PG-H__0074,PG 14:0_22:1,0.014470791595745608,True,True,False,5.189116136448735e-08,True,0.2477557680566548,0.871228342388368,0.9631691173504493,PG,0.02114059001157273,B2_U58_U139,58,spectral_easy_spatial_low,0.2837898193760263,0.2425353037766831,0.2425353037766831,0.2837898193760263,0.0,0.0,0.0,0.0,375,-0.2307182720743274,0.5,100
CAL_R2_K100,CAL,R2,K100,100,299,PG-H__0075,PG 16:0_20:1,0.00426356207063575,True,True,False,1.4273507679916955e-07,True,0.10277086760820646,0.9061811884274051,0.9631691173504493,PG,0.16612549046002106,,162,singleton_control,,,,,,,,,330,,0.689110922829001,100
CAL_R2_K100,CAL,R2,K100,100,301,PG-H__0077,PG 18:0_18:1,0.001238279342070871,False,False,False,9.92589671758824e-28,False,0.22385302590484416,0.857321011866293,0.6334015594256638,PG,0.5499702514118422,,,UNASSIGNED_FALSE_POSITIVE,,,,,,,,,,,,100
CAL_R2_K100,CAL,R2,K100,100,304,PG-H__0081,PG 18:0_18:0,0.003667748652540615,False,False,False,4.3349918343351034e-27,False,0.27746580180873914,0.8568501347183278,0.7773785184240168,PG,0.3515672967583239,,,UNASSIGNED_FALSE_POSITIVE,,,,,,,,,,,,100
CAL_R2_K100,CAL,R2,K100,100,306,PG-H__0084,PG 18:2_20:5,0.011124460747784897,False,False,False,5.969456719978229e-22,False,0.45600375389372205,0.9631467226016989,0.8063714203716793,PG,0.13540569175942307,,,UNASSIGNED_FALSE_POSITIVE,,,,,,,,,,,,100
CAL_R2_K100,CAL,R2,K100,100,307,PG-H__0085,PG 18:3_20:4,0.013159133662133608,True,True,False,3.8155586290392e-06,True,0.36662092140260855,0.9796724074104938,0.8883052400815383,PG,0.09263260383555505,,86,singleton_control,,,,,,,,,106,,1.2101381550740857,100
CAL_R2_K100,CAL,R2,K100,100,312,PG-H__0093,PG 16:0_22:5,0.01165472774047408,True,True,False,2.0478857711107082e-07,True,0.3489957354663407,0.989185985750406,0.7094802301100912,PG,0.35572960328836306,,123,singleton_control,,,,,,,,,293,,0.5,100
CAL_R2_K100,CAL,R2,K100,100,314,PG-H__0095,PG 18:0_20:5,0.01366422989343018,False,False,False,4.037906885097805e-21,False,0.3912132251385195,0.9850297730134422,0.6681402735052041,PG,0.3528221066303361,,,UNASSIGNED_FALSE_POSITIVE,,,,,,,,,,,,100
CAL_R2_K100,CAL,R2,K100,100,315,PG-H__0096,PG 18:1_20:4,0.0025046422263408762,False,False,False,0.0,False,0.3168478513612436,0.9304715731040568,0.7322783668462833,PG,0.3641575769937292,,,UNASSIGNED_FALSE_POSITIVE,,,,,,,,,,,,100
CAL_R2_K100,CAL,R2,K100,100,316,PG-H__0097,PG 18:2_20:3,0.017188505343466012,True,True,False,4.427327117160413e-06,True,0.30467147072044287,0.9537646675247846,0.7413210216841658,PG,0.36647914040134144,,79,singleton_control,,,,,,,,,146,,1.8682084992203376,100
CAL_R2_K100,CAL,R2,K100,100,317,PG-H__0098,PG 20:2_18:3,0.005422283092032716,True,True,False,2.0155169139296695e-07,True,0.29870029929230885,0.7015593202838116,0.6351189111575694,PG,0.47371407699157647,,91,singleton_control,,,,,,,,,284,,0.5,100
CAL_R2_K100,CAL,R2,K100,100,321,PG-H__0102,PG 18:0_20:4,0.023599602073263597,True,True,False,5.739351729588051e-06,True,0.208514138364971,0.9681638035480906,0.7129302431802385,PG,0.4927208210879688,,168,singleton_control,,,,,,,,,210,,2.0,100
CAL_R2_K100,CAL,R2,K100,100,322,PG-H__0103,PG 18:1_20:3,0.001120124728592257,False,False,False,0.0,False,0.20356606656639115,0.9658056478918986,0.7232937501766658,PG,0.4869744108535607,,,UNASSIGNED_FALSE_POSITIVE,,,,,,,,,,,,100
CAL_R2_K100,CAL,R2,K100,100,323,PG-H__0104,PG 18:2_20:2,0.0027359747171966913,False,False,False,0.0,False,0.26810270421335247,0.9325718345250835,0.8489350701121507,PG,0.2603944544674466,,,UNASSIGNED_FALSE_POSITIVE,,,,,,,,,,,,100
CAL_R2_K100,CAL,R2,K100,100,324,PG-H__0105,PG 20:1_18:3,0.009150459379000478,False,False,False,0.0,False,0.23811465068961957,0.9659907277452849,0.7775930923942953,PG,0.39065317821122125,,,UNASSIGNED_FALSE_POSITIVE,,,,,,,,,,,,100
CAL_R2_K100,CAL,R2,K100,100,326,PG-H__0456,PG 17:0_18:1,0.0038898792764666397,False,False,False,0.0,False,0.6327722887636469,0.9100871245491317,0.6128588478055358,PG,0.15742011354510166,,,UNASSIGNED_FALSE_POSITIVE,,,,,,,,,,,,100
CAL_R2_K100,CAL,R2,K100,100,329,PG-H__0460,PG 17:0_20:1,0.0033591415379832104,False,False,False,0.0,False,0.7656382983426151,0.9467690930810565,0.46725613989146997,PG,0.11848369535153747,,,UNASSIGNED_FALSE_POSITIVE,,,,,,,,,,,,100
CAL_R2_K100,CAL,R2,K100,100,330,PG-H__0461,PG 17:0_20:2,0.03618375252713994,True,True,False,7.909627262973746e-07,True,0.10023340318631115,0.9691815015571644,0.9589290654283743,PG,0.18341258652033826,B4_U116_U137,137,spectral_hard_spatial_low,0.6693924466338259,0.6958177339901479,0.6693924466338259,0.6958177339901479,0.02320366760317818,0.06956521739130435,0.005662981390286769,0.0,152,-0.18892471073227715,2.0,100
CAL_R2_K100,CAL,R2,K100,100,331,PG-H__0462,PG 17:0_20:3,0.01807156363411318,False,False,False,0.0,False,0.15645235358917814,0.9898819477902964,0.9156445871464431,PG,0.24553643982354834,,,UNASSIGNED_FALSE_POSITIVE,,,,,,,,,,,,100
CAL_R2_K100,CAL,R2,K100,100,332,PG-H__0463,PG 17:0_20:4,0.0061240565361212395,False,False,False,5.443580938752923e-21,False,0.333380957182523,0.9887826418894832,0.7722623353641875,PG,0.3019228169112968,,,UNASSIGNED_FALSE_POSITIVE,,,,,,,,,,,,100
CAL_R2_K100,CAL,R2,K100,100,333,PG-H__0464,PG 17:0_20:5,0.008316703962873486,True,True,False,9.150415035113164e-07,True,0.4773765897889221,0.9811934844127886,0.7108936864274412,PG,0.2259228959194089,B3_U12_U42,42,spectral_easy_spatial_high,0.1672183908045977,0.3398193760262726,0.1672183908045977,0.3398193760262726,0.0,0.0,0.0,0.0,349,0.9956088213149427,0.7303443264893795,100
CAL_R2_K100,CAL,R2,K100,100,334,PG-H__0477,PG 18:0_17:1,0.018194449187223717,True,True,False,7.493533549393881e-06,True,0.4056545540310176,0.8369962841799066,0.7298783637230274,PG,0.2779224892998685,,89,singleton_control,,,,,,,,,221,,1.0760213163243861,100
CAL_R2_K100,CAL,R2,K100,100,337,PG-H__0481,PG 20:0_17:1,0.02757166054742122,True,True,False,3.094421897091829e-05,True,0.2654323776683324,0.9829394646770109,0.8238355564584399,PG,0.3013964994319903,B1_U18_U144,144,spectral_easy_spatial_low,0.20493267651888342,0.2025353037766831,0.2025353037766831,0.20493267651888342,0.0,0.0,0.0,0.0,285,-0.22266067809064802,1.8682084992203376,100
CAL_R2_K100,CAL,R2,K100,100,339,PG-H__0483,PG 17:1_20:2,0.021615967849028483,True,True,False,6.751296754118629e-07,True,0.3618393165271139,0.9965803996234099,0.9156445871464431,PG,0.0401494768856126,,63,singleton_control,,,,,,,,,327,,2.0,100
CAL_R2_K100,CAL,R2,K100,100,340,PG-H__0484,PG 17:1_20:3,0.004189728837780069,True,True,False,1.3020898281918667e-07,True,0.47559446497964003,0.9942019114139844,0.7722623353641875,PG,0.15970930911417974,B4_U25_U52,52,spectral_easy_spatial_low,0.33451067323481115,0.16996387520525452,0.16996387520525452,0.33451067323481115,0.0,0.0,0.04481270302025489,0.42752415751716705,229,-0.22693333239390043,0.5,100
CAL_R2_K100,CAL,R2,K100,100,341,PG-H__0485,PG 17:1_20:4,0.007588368434711168,False,False,False,9.367868523133062e-21,False,0.4831275545644737,0.9853779862370524,0.7051431660870239,PG,0.22593740389897193,,,UNASSIGNED_FALSE_POSITIVE,,,,,,,,,,,,100
CAL_R2_K100,CAL,R2,K100,100,342,PG-H__0502,PG 17:0_17:0,0.018381351643015294,True,True,False,2.926656478683222e-05,True,0.31615195069938173,0.8879810420856676,0.8460604591945621,PG,0.21693500223370843,,119,singleton_control,,,,,,,,,166,,2.0,100
CAL_R2_K100,CAL,R2,K100,100,343,PC+HCOO__0032,PC 14:0_18:0,0.0010651534744521775,False,False,False,0.0,False,0.4124557378851926,0.7261090115981036,0.7261069425354261,PC,0.2751260448882135,,,UNASSIGNED_FALSE_POSITIVE,,,,,,,,,,,,100
CAL_R2_K100,CAL,R2,K100,100,350,PCO+HCOO__0083,PC O-16:1_18:0,0.015192408418333286,True,True,False,0.00023527376457097742,True,0.578408761742055,0.8511856151913196,0.7773785184240168,PC,0.050624336825008,B1_U35_U46,46,spectral_easy_spatial_low,0.18836124794745485,0.20310673234811166,0.18836124794745485,0.20310673234811166,0.0,0.0,0.0,0.0,47,-0.515237694786358,0.8939526432607221,100
CAL_R2_K100,CAL,R2,K100,100,365,PCO+CH3COO__0476,PC O-16:1_17:1,0.013927498394771408,True,True,False,0.00018312078328235997,True,0.5790731778499716,0.7915991695954587,0.762421793483903,PC,0.06800719491742169,,8,singleton_control,,,,,,,,,375,,0.7802037075442214,100
CAL_R2_K100,CAL,R2,K100,100,369,PC+Cl__0169,PC 14:0_18:2,0.012910799996542119,True,True,False,8.107063604760289e-05,True,0.5260423696444757,0.5944314846262744,0.5375980922793575,PC,0.31715884666014715,,10,singleton_control,,,,,,,,,295,,0.6170676298438253,100
CAL_R2_K100,CAL,R2,K100,100,370,PC+Cl__0176,PC 14:0_20:0,0.0107687963783332,True,True,False,1.1161160594955408e-05,True,0.5174354081656964,0.6471130837014081,0.649754555119047,PC,0.24270866903417843,B3_U12_U42,12,spectral_easy_spatial_high,0.1672183908045977,0.3398193760262726,0.1672183908045977,0.3398193760262726,0.0,0.0,0.0,0.0,349,0.9956088213149427,0.7802037075442214,100
CAL_R2_K100,CAL,R2,K100,100,376,PC+Cl__0793,PC 18:0_14:1,0.03116962619055271,True,True,False,0.0007984986975775993,True,0.5302390072873353,0.615682288510722,0.6154179406395242,PC,0.2579619558806927,B4_U19_U138,19,spectral_easy_spatial_high,0.21293267651888342,0.18482101806239737,0.18482101806239737,0.21293267651888342,0.0,0.0,0.0,0.0,288,0.9962770419536965,2.0,100
CAL_R2_K100,CAL,R2,K100,100,381,PC+Cl__0390,PC 16:0_18:0,0.0014643500780748976,False,False,False,0.0,False,0.49212912704514206,0.6471130837014081,0.649754555119047,PC,0.2680149501547328,,,UNASSIGNED_FALSE_POSITIVE,,,,,,,,,,,,100
CAL_R2_K100,CAL,R2,K100,100,388,PC+Cl__0657,PC 17:0_17:0,0.04189969469768288,True,True,False,9.900286964132729e-05,True,0.3349749352720744,0.807407271036795,0.7788483732494292,PC,0.2922373186633201,B1_U35_U46,35,spectral_easy_spatial_low,0.18836124794745485,0.20310673234811166,0.18836124794745485,0.20310673234811166,0.0,0.0,0.0,0.0,121,-0.515237694786358,2.0,100
