threshold,N_retained,TP,FP,FN,FDR,FDR_lower95,FDR_upper95,precision,raw_solver_TP,raw_solver_FP,raw_solver_FN,filtered_TP,filtered_FP,filtered_FN,true_positive_retention,TP_retention,filter_induced_true_loss,filter_induced_true_loss_fraction,all_truth_recall,reportable_truth_recall,coverage
0.0018883523458977627,1,1,0,374,0.0,0.0,0.7934506856227626,1.0,375,0,0,1,0,374,0.0026666666666666666,0.0026666666666666666,374,0.9973333333333333,0.0026666666666666666,0.0026666666666666666,0.0026666666666666666
0.0018883523418814303,2,2,0,373,0.0,0.0,0.6576197724933469,1.0,375,0,0,2,0,373,0.005333333333333333,0.005333333333333333,373,0.9946666666666667,0.005333333333333333,0.005333333333333333,0.005333333333333333
0.0018883523379025634,3,3,0,372,0.0,5.551115123125783e-17,0.5614970317550454,1.0,375,0,0,3,0,372,0.008,0.008,372,0.992,0.008,0.008,0.008
0.00036526838030503906,4,4,0,371,0.0,0.0,0.4898908364545973,1.0,375,0,0,4,0,371,0.010666666666666666,0.010666666666666666,371,0.9893333333333333,0.010666666666666666,0.010666666666666666,0.010666666666666666
0.00036526837979243765,5,5,0,370,0.0,0.0,0.43448246478317476,1.0,375,0,0,5,0,370,0.013333333333333334,0.013333333333333334,370,0.9866666666666667,0.013333333333333334,0.013333333333333334,0.013333333333333334
0.0003652683797109638,6,6,0,369,0.0,2.7755575615628914e-17,0.3903342879021653,1.0,375,0,0,6,0,369,0.016,0.016,369,0.984,0.016,0.016,0.016
0.00023889994600549108,7,7,0,368,0.0,5.551115123125783e-17,0.35433043506668743,1.0,375,0,0,7,0,368,0.018666666666666668,0.018666666666666668,368,0.9813333333333333,0.018666666666666668,0.018666666666666668,0.018666666666666668
0.00023889994440716544,8,8,0,367,0.0,0.0,0.32440756488388023,1.0,375,0,0,8,0,367,0.021333333333333333,0.021333333333333333,367,0.9786666666666667,0.021333333333333333,0.021333333333333333,0.021333333333333333
0.0002388999435741184,9,9,0,366,0.0,0.0,0.2991450484195441,1.0,375,0,0,9,0,366,0.024,0.024,366,0.976,0.024,0.024,0.024
0.00016661032509632676,10,10,0,365,0.0,0.0,0.2775327998628892,1.0,375,0,0,10,0,365,0.02666666666666667,0.02666666666666667,365,0.9733333333333334,0.02666666666666667,0.02666666666666667,0.02666666666666667
0.00016661032377904332,11,11,0,364,0.0,0.0,0.2588329669680317,1.0,375,0,0,11,0,364,0.029333333333333333,0.029333333333333333,364,0.9706666666666667,0.029333333333333333,0.029333333333333333,0.029333333333333333
0.0001666103233947051,12,12,0,363,0.0,2.7755575615628914e-17,0.24249400665524085,1.0,375,0,0,12,0,363,0.032,0.032,363,0.968,0.032,0.032,0.032
0.00016208680093166347,13,13,0,362,0.0,0.0,0.22809537235419838,1.0,375,0,0,13,0,362,0.034666666666666665,0.034666666666666665,362,0.9653333333333334,0.034666666666666665,0.034666666666666665,0.034666666666666665
0.0001620868001889608,14,14,0,361,0.0,1.3877787807814457e-17,0.2153108027376358,1.0,375,0,0,14,0,361,0.037333333333333336,0.037333333333333336,361,0.9626666666666667,0.037333333333333336,0.037333333333333336,0.037333333333333336
0.00016208679990964168,15,15,0,360,0.0,0.0,0.20388330103584862,1.0,375,0,0,15,0,360,0.04,0.04,360,0.96,0.04,0.04,0.04
0.0001369571743244471,16,16,0,359,0.0,0.0,0.1936076805344365,1.0,375,0,0,16,0,359,0.042666666666666665,0.042666666666666665,359,0.9573333333333334,0.042666666666666665,0.042666666666666665,0.042666666666666665
0.0001369571741867492,17,17,0,358,0.0,0.0,0.1843181350088518,1.0,375,0,0,17,0,358,0.04533333333333334,0.04533333333333334,358,0.9546666666666667,0.04533333333333334,0.04533333333333334,0.04533333333333334
0.0001369571735889825,18,18,0,357,0.0,0.0,0.17587922364665765,1.0,375,0,0,18,0,357,0.048,0.048,357,0.952,0.048,0.048,0.048
0.00011504672615720309,19,19,0,356,0.0,0.0,0.16817922405261626,1.0,375,0,0,19,0,356,0.050666666666666665,0.050666666666666665,356,0.9493333333333334,0.050666666666666665,0.050666666666666665,0.050666666666666665
0.00011504672589875759,20,20,0,355,0.0,0.0,0.16112515805281938,1.0,375,0,0,20,0,355,0.05333333333333334,0.05333333333333334,355,0.9466666666666667,0.05333333333333334,0.05333333333333334,0.05333333333333334
0.00011504672560525665,21,21,0,354,0.0,0.0,0.154639018924847,1.0,375,0,0,21,0,354,0.056,0.056,354,0.944,0.056,0.056,0.056
0.00011220401735775431,22,22,0,353,0.0,0.0,0.14865487460862087,1.0,375,0,0,22,0,353,0.058666666666666666,0.058666666666666666,353,0.9413333333333334,0.058666666666666666,0.058666666666666666,0.058666666666666666
0.00011220401516686925,23,23,0,352,0.0,0.0,0.14311661845042686,1.0,375,0,0,23,0,352,0.06133333333333333,0.06133333333333333,352,0.9386666666666666,0.06133333333333333,0.06133333333333333,0.06133333333333333
0.00011220401418093088,24,24,0,351,0.0,1.3877787807814457e-17,0.13797620467498017,1.0,375,0,0,24,0,351,0.064,0.064,351,0.936,0.064,0.064,0.064
0.00010881734427876079,25,25,0,350,0.0,1.3877787807814457e-17,0.13319225093904846,1.0,375,0,0,25,0,350,0.06666666666666667,0.06666666666666667,350,0.9333333333333333,0.06666666666666667,0.06666666666666667,0.06666666666666667
0.00010881734111275002,26,26,0,349,0.0,0.0,0.1287289218592153,1.0,375,0,0,26,0,349,0.06933333333333333,0.06933333333333333,349,0.9306666666666666,0.06933333333333333,0.06933333333333333,0.06933333333333333
0.00010881733857389448,27,27,0,348,0.0,0.0,0.12455502974186705,1.0,375,0,0,27,0,348,0.072,0.072,348,0.928,0.072,0.072,0.072
6.510549975396614e-05,28,28,0,347,0.0,1.3877787807814457e-17,0.12064330476584563,1.0,375,0,0,28,0,347,0.07466666666666667,0.07466666666666667,347,0.9253333333333333,0.07466666666666667,0.07466666666666667,0.07466666666666667
6.510549957727624e-05,29,29,0,346,0.0,0.0,0.11696979849974075,1.0,375,0,0,29,0,346,0.07733333333333334,0.07733333333333334,346,0.9226666666666666,0.07733333333333334,0.07733333333333334,0.07733333333333334
6.510549936168286e-05,30,30,0,345,0.0,0.0,0.11351339317396876,1.0,375,0,0,30,0,345,0.08,0.08,345,0.92,0.08,0.08,0.08
5.498378016216466e-05,31,31,0,344,0.0,0.0,0.11025539546043596,1.0,375,0,0,31,0,344,0.08266666666666667,0.08266666666666667,344,0.9173333333333333,0.08266666666666667,0.08266666666666667,0.08266666666666667
5.4983779906888384e-05,32,32,0,343,0.0,0.0,0.1071791982550706,1.0,375,0,0,32,0,343,0.08533333333333333,0.08533333333333333,343,0.9146666666666666,0.08533333333333333,0.08533333333333333,0.08533333333333333
5.4983779670285865e-05,33,33,0,342,0.0,0.0,0.10426999754245206,1.0,375,0,0,33,0,342,0.088,0.088,342,0.912,0.088,0.088,0.088
5.369553637034985e-05,34,34,0,341,0.0,0.0,0.10151455415332376,1.0,375,0,0,34,0,341,0.09066666666666667,0.09066666666666667,341,0.9093333333333333,0.09066666666666667,0.09066666666666667,0.09066666666666667
5.369553623938381e-05,35,35,0,340,0.0,6.938893903907228e-18,0.09890099232440402,1.0,375,0,0,35,0,340,0.09333333333333334,0.09333333333333334,340,0.9066666666666666,0.09333333333333334,0.09333333333333334,0.09333333333333334
5.369553614306204e-05,36,36,0,339,0.0,0.0,0.09641862859446367,1.0,375,0,0,36,0,339,0.096,0.096,339,0.904,0.096,0.096,0.096
4.4636327178823494e-05,37,37,0,338,0.0,0.0,0.09405782583720251,1.0,375,0,0,37,0,338,0.09866666666666667,0.09866666666666667,338,0.9013333333333333,0.09866666666666667,0.09866666666666667,0.09866666666666667
4.4636326938630205e-05,38,38,0,337,0.0,0.0,0.09180986822558396,1.0,375,0,0,38,0,337,0.10133333333333333,0.10133333333333333,337,0.8986666666666666,0.10133333333333333,0.10133333333333333,0.10133333333333333
4.463632688116342e-05,39,39,0,336,0.0,0.0,0.08966685370757144,1.0,375,0,0,39,0,336,0.104,0.104,336,0.896,0.104,0.104,0.104
4.317378639365238e-05,40,40,0,335,0.0,0.0,0.08762160119728664,1.0,375,0,0,40,0,335,0.10666666666666667,0.10666666666666667,335,0.8933333333333333,0.10666666666666667,0.10666666666666667,0.10666666666666667
4.3173786263825506e-05,41,41,0,334,0.0,0.0,0.08566757018443186,1.0,375,0,0,41,0,334,0.10933333333333334,0.10933333333333334,334,0.8906666666666667,0.10933333333333334,0.10933333333333334,0.10933333333333334
4.317378610185334e-05,42,42,0,333,0.0,0.0,0.08379879086570391,1.0,375,0,0,42,0,333,0.112,0.112,333,0.888,0.112,0.112,0.112
3.7193675736664786e-05,43,43,0,332,0.0,0.0,0.08200980322579117,1.0,375,0,0,43,0,332,0.11466666666666667,0.11466666666666667,332,0.8853333333333333,0.11466666666666667,0.11466666666666667,0.11466666666666667
3.719367569417799e-05,44,44,0,331,0.0,0.0,0.08029560375848066,1.0,375,0,0,44,0,331,0.11733333333333333,0.11733333333333333,331,0.8826666666666667,0.11733333333333333,0.11733333333333333,0.11733333333333333
3.719367554829431e-05,45,45,0,330,0.0,0.0,0.07865159873288836,1.0,375,0,0,45,0,330,0.12,0.12,330,0.88,0.12,0.12,0.12
3.343719043066345e-05,46,46,0,329,0.0,0.0,0.07707356308558039,1.0,375,0,0,46,0,329,0.12266666666666666,0.12266666666666666,329,0.8773333333333333,0.12266666666666666,0.12266666666666666,0.12266666666666666
3.343719036396213e-05,47,47,0,328,0.0,0.0,0.07555760416399632,1.0,375,0,0,47,0,328,0.12533333333333332,0.12533333333333332,328,0.8746666666666667,0.12533333333333332,0.12533333333333332,0.12533333333333332
3.343719026436067e-05,48,48,0,327,0.0,6.938893903907228e-18,0.07410012966611748,1.0,375,0,0,48,0,327,0.128,0.128,327,0.872,0.128,0.128,0.128
2.3737987016541374e-05,49,49,0,326,0.0,6.938893903907228e-18,0.07269781922049637,1.0,375,0,0,49,0,326,0.13066666666666665,0.13066666666666665,326,0.8693333333333333,0.13066666666666665,0.13066666666666665,0.13066666666666665
2.373798678160196e-05,50,50,0,325,0.0,6.938893903907228e-18,0.07134759913335872,1.0,375,0,0,50,0,325,0.13333333333333333,0.13333333333333333,325,0.8666666666666667,0.13333333333333333,0.13333333333333333,0.13333333333333333
2.3737986776914405e-05,51,51,0,324,0.0,0.0,0.07004661989853143,1.0,375,0,0,51,0,324,0.136,0.136,324,0.864,0.136,0.136,0.136
2.05521961937088e-05,52,52,0,323,0.0,0.0,0.06879223612386234,1.0,375,0,0,52,0,323,0.13866666666666666,0.13866666666666666,323,0.8613333333333333,0.13866666666666666,0.13866666666666666,0.13866666666666666
2.055219608974318e-05,53,53,0,322,0.0,0.0,0.06758198857654187,1.0,375,0,0,53,0,322,0.14133333333333334,0.14133333333333334,322,0.8586666666666667,0.14133333333333334,0.14133333333333334,0.14133333333333334
2.0552196028522722e-05,54,54,0,321,0.0,0.0,0.0664135880908964,1.0,375,0,0,54,0,321,0.144,0.144,321,0.856,0.144,0.144,0.144
1.1436833721208826e-05,55,55,0,320,0.0,0.0,0.06528490111708637,1.0,375,0,0,55,0,320,0.14666666666666667,0.14666666666666667,320,0.8533333333333334,0.14666666666666667,0.14666666666666667,0.14666666666666667
1.1436833711488721e-05,56,56,0,319,0.0,6.938893903907228e-18,0.06419393671876342,1.0,375,0,0,56,0,319,0.14933333333333335,0.14933333333333335,319,0.8506666666666667,0.14933333333333335,0.14933333333333335,0.14933333333333335
1.143683180436087e-05,57,57,0,318,0.0,0.0,0.06313883485297894,1.0,375,0,0,57,0,318,0.152,0.152,318,0.848,0.152,0.152,0.152
1.074694417222036e-05,58,58,0,317,0.0,0.0,0.062117855787202914,1.0,375,0,0,58,0,317,0.15466666666666667,0.15466666666666667,317,0.8453333333333334,0.15466666666666667,0.15466666666666667,0.15466666666666667
1.0746943868128789e-05,59,59,0,316,0.0,0.0,0.061129370526788386,1.0,375,0,0,59,0,316,0.15733333333333333,0.15733333333333333,316,0.8426666666666667,0.15733333333333333,0.15733333333333333,0.15733333333333333
1.0746943838887212e-05,60,60,0,315,0.0,0.0,0.06017185214208986,1.0,375,0,0,60,0,315,0.16,0.16,315,0.84,0.16,0.16,0.16
1.013124866496723e-05,61,61,0,314,0.0,0.0,0.05924386789811283,1.0,375,0,0,61,0,314,0.16266666666666665,0.16266666666666665,314,0.8373333333333334,0.16266666666666665,0.16266666666666665,0.16266666666666665
1.0131248499305719e-05,62,62,0,313,0.0,0.0,0.058344072101372484,1.0,375,0,0,62,0,313,0.16533333333333333,0.16533333333333333,313,0.8346666666666667,0.16533333333333333,0.16533333333333333,0.16533333333333333
1.0131248482028368e-05,63,63,0,312,0.0,3.469446951953614e-18,0.05747119958885172,1.0,375,0,0,63,0,312,0.168,0.168,312,0.832,0.168,0.168,0.168
9.889215008303406e-06,64,64,0,311,0.0,0.0,0.05662405979280534,1.0,375,0,0,64,0,311,0.17066666666666666,0.17066666666666666,311,0.8293333333333334,0.17066666666666666,0.17066666666666666,0.17066666666666666
9.889215003463992e-06,65,65,0,310,0.0,0.0,0.05580153132285689,1.0,375,0,0,65,0,310,0.17333333333333334,0.17333333333333334,310,0.8266666666666667,0.17333333333333334,0.17333333333333334,0.17333333333333334
9.889214946390302e-06,66,66,0,309,0.0,0.0,0.05500255701354129,1.0,375,0,0,66,0,309,0.176,0.176,309,0.824,0.176,0.176,0.176
9.262583037073321e-06,67,67,0,308,0.0,0.0,0.05422613939130178,1.0,375,0,0,67,0,308,0.17866666666666667,0.17866666666666667,308,0.8213333333333334,0.17866666666666667,0.17866666666666667,0.17866666666666667
9.262582954825041e-06,68,68,0,307,0.0,0.0,0.053471336520070537,1.0,375,0,0,68,0,307,0.18133333333333335,0.18133333333333335,307,0.8186666666666667,0.18133333333333335,0.18133333333333335,0.18133333333333335
9.262582773892878e-06,69,69,0,306,0.0,3.469446951953614e-18,0.05273725818905173,1.0,375,0,0,69,0,306,0.184,0.184,306,0.816,0.184,0.184,0.184
8.98978049722467e-06,70,70,0,305,0.0,0.0,0.05202306241026692,1.0,375,0,0,70,0,305,0.18666666666666668,0.18666666666666668,305,0.8133333333333334,0.18666666666666668,0.18666666666666668,0.18666666666666668
8.989780320536258e-06,71,71,0,304,0.0,0.0,0.05132795219689034,1.0,375,0,0,71,0,304,0.18933333333333333,0.18933333333333333,304,0.8106666666666666,0.18933333333333333,0.18933333333333333,0.18933333333333333
8.989779876433682e-06,72,72,0,303,0.0,0.0,0.05065117259645781,1.0,375,0,0,72,0,303,0.192,0.192,303,0.808,0.192,0.192,0.192
8.868056735307755e-06,73,73,0,302,0.0,0.0,0.0499920079557311,1.0,375,0,0,73,0,302,0.19466666666666665,0.19466666666666665,302,0.8053333333333333,0.19466666666666665,0.19466666666666665,0.19466666666666665
8.868056015972314e-06,74,74,0,301,0.0,0.0,0.04934977939638607,1.0,375,0,0,74,0,301,0.19733333333333333,0.19733333333333333,301,0.8026666666666666,0.19733333333333333,0.19733333333333333,0.19733333333333333
8.868055739216388e-06,75,75,0,300,0.0,3.469446951953614e-18,0.04872384248280587,1.0,375,0,0,75,0,300,0.2,0.2,300,0.8,0.2,0.2,0.2
7.95150282424308e-06,76,76,0,299,0.0,0.0,0.048113585065137326,1.0,375,0,0,76,0,299,0.20266666666666666,0.20266666666666666,299,0.7973333333333333,0.20266666666666666,0.20266666666666666,0.20266666666666666
7.951502800550705e-06,77,77,0,298,0.0,0.0,0.04751842528243408,1.0,375,0,0,77,0,298,0.20533333333333334,0.20533333333333334,298,0.7946666666666666,0.20533333333333334,0.20533333333333334,0.20533333333333334
7.95150270881232e-06,78,78,0,297,0.0,0.0,0.04693780971219429,1.0,375,0,0,78,0,297,0.208,0.208,297,0.792,0.208,0.208,0.208
6.819010618156945e-06,79,79,0,296,0.0,0.0,0.04637121165392266,1.0,375,0,0,79,0,296,0.21066666666666667,0.21066666666666667,296,0.7893333333333333,0.21066666666666667,0.21066666666666667,0.21066666666666667
6.819010449452097e-06,80,80,0,295,0.0,0.0,0.0458181295355271,1.0,375,0,0,80,0,295,0.21333333333333335,0.21333333333333335,295,0.7866666666666666,0.21333333333333335,0.21333333333333335,0.21333333333333335
6.819010334214218e-06,81,81,0,294,0.0,0.0,0.045278085432415204,1.0,375,0,0,81,0,294,0.216,0.216,294,0.784,0.216,0.216,0.216
5.825538188156858e-06,82,82,0,293,0.0,0.0,0.04475062369010033,1.0,375,0,0,82,0,293,0.21866666666666668,0.21866666666666668,293,0.7813333333333333,0.21866666666666668,0.21866666666666668,0.21866666666666668
5.825538073260202e-06,83,83,0,292,0.0,3.469446951953614e-18,0.04423530964197385,1.0,375,0,0,83,0,292,0.22133333333333333,0.22133333333333333,292,0.7786666666666666,0.22133333333333333,0.22133333333333333,0.22133333333333333
5.825538033110387e-06,84,84,0,291,0.0,0.0,0.04373172841465989,1.0,375,0,0,84,0,291,0.224,0.224,291,0.776,0.224,0.224,0.224
5.326780757262504e-06,85,85,0,290,0.0,0.0,0.04323948381405149,1.0,375,0,0,85,0,290,0.22666666666666666,0.22666666666666666,290,0.7733333333333333,0.22666666666666666,0.22666666666666666,0.22666666666666666
5.326780649191289e-06,86,86,0,289,0.0,0.0,0.042758197285742226,1.0,375,0,0,86,0,289,0.22933333333333333,0.22933333333333333,289,0.7706666666666667,0.22933333333333333,0.22933333333333333,0.22933333333333333
5.326780342513135e-06,87,87,0,288,0.0,0.0,0.04228750694412034,1.0,375,0,0,87,0,288,0.232,0.232,288,0.768,0.232,0.232,0.232
5.313580510296577e-06,88,88,0,287,0.0,0.0,0.0418270666648922,1.0,375,0,0,88,0,287,0.23466666666666666,0.23466666666666666,287,0.7653333333333333,0.23466666666666666,0.23466666666666666,0.23466666666666666
5.313580443976685e-06,89,89,0,286,0.0,3.469446951953614e-18,0.04137654523625252,1.0,375,0,0,89,0,286,0.23733333333333334,0.23733333333333334,286,0.7626666666666667,0.23733333333333334,0.23733333333333334,0.23733333333333334
5.313580283363994e-06,90,90,0,285,0.0,0.0,0.04093562556432678,1.0,375,0,0,90,0,285,0.24,0.24,285,0.76,0.24,0.24,0.24
5.109267077775534e-06,91,91,0,284,0.0,0.0,0.04050400392888021,1.0,375,0,0,91,0,284,0.24266666666666667,0.24266666666666667,284,0.7573333333333333,0.24266666666666667,0.24266666666666667,0.24266666666666667
5.1092668772880754e-06,92,92,0,283,0.0,0.0,0.04008138928562172,1.0,375,0,0,92,0,283,0.24533333333333332,0.24533333333333332,283,0.7546666666666667,0.24533333333333332,0.24533333333333332,0.24533333333333332
5.109266697541641e-06,93,93,0,282,0.0,0.0,0.03966750261173514,1.0,375,0,0,93,0,282,0.248,0.248,282,0.752,0.248,0.248,0.248
4.635859459723826e-06,94,94,0,281,0.0,0.0,0.03926207629154474,1.0,375,0,0,94,0,281,0.25066666666666665,0.25066666666666665,281,0.7493333333333333,0.25066666666666665,0.25066666666666665,0.25066666666666665
4.635859404915984e-06,95,95,0,280,0.0,0.0,0.038864853539472964,1.0,375,0,0,95,0,280,0.25333333333333335,0.25333333333333335,280,0.7466666666666667,0.25333333333333335,0.25333333333333335,0.25333333333333335
4.6358593163562936e-06,96,96,0,279,0.0,3.469446951953614e-18,0.038475587857675686,1.0,375,0,0,96,0,279,0.256,0.256,279,0.744,0.256,0.256,0.256
4.525045378345461e-06,97,97,0,278,0.0,0.0,0.03809404252594769,1.0,375,0,0,97,0,278,0.25866666666666666,0.25866666666666666,278,0.7413333333333333,0.25866666666666666,0.25866666666666666,0.25866666666666666
4.525045338641378e-06,98,98,0,277,0.0,3.469446951953614e-18,0.037719990121680605,1.0,375,0,0,98,0,277,0.2613333333333333,0.2613333333333333,277,0.7386666666666667,0.2613333333333333,0.2613333333333333,0.2613333333333333
4.5250452814539674e-06,99,99,0,276,0.0,0.0,0.03735321206782739,1.0,375,0,0,99,0,276,0.264,0.264,276,0.736,0.264,0.264,0.264
4.301144577973645e-06,100,100,0,275,0.0,3.469446951953614e-18,0.03699349820698568,1.0,375,0,0,100,0,275,0.26666666666666666,0.26666666666666666,275,0.7333333333333333,0.26666666666666666,0.26666666666666666,0.26666666666666666
4.301144493248898e-06,101,101,0,274,0.0,0.0,0.03664064639985608,1.0,375,0,0,101,0,274,0.2693333333333333,0.2693333333333333,274,0.7306666666666667,0.2693333333333333,0.2693333333333333,0.2693333333333333
4.301144394358808e-06,102,102,0,273,0.0,0.0,0.03629446214646319,1.0,375,0,0,102,0,273,0.272,0.272,273,0.728,0.272,0.272,0.272
4.0687910937333955e-06,103,103,0,272,0.0,0.0,0.03595475822864816,1.0,375,0,0,103,0,272,0.27466666666666667,0.27466666666666667,272,0.7253333333333334,0.27466666666666667,0.27466666666666667,0.27466666666666667
4.068791034379165e-06,104,104,0,271,0.0,0.0,0.03562135437245191,1.0,375,0,0,104,0,271,0.2773333333333333,0.2773333333333333,271,0.7226666666666667,0.2773333333333333,0.2773333333333333,0.2773333333333333
4.068790781078938e-06,105,105,0,270,0.0,0.0,0.035294076929109894,1.0,375,0,0,105,0,270,0.28,0.28,270,0.72,0.28,0.28,0.28
3.433871721770331e-06,106,106,0,269,0.0,0.0,0.034972758573472214,1.0,375,0,0,106,0,269,0.2826666666666667,0.2826666666666667,269,0.7173333333333334,0.2826666666666667,0.2826666666666667,0.2826666666666667
3.4338715905369807e-06,107,107,0,268,0.0,0.0,0.03465723801874867,1.0,375,0,0,107,0,268,0.2853333333333333,0.2853333333333333,268,0.7146666666666667,0.2853333333333333,0.2853333333333333,0.2853333333333333
3.4338714915723494e-06,108,108,0,267,0.0,0.0,0.034347359746557025,1.0,375,0,0,108,0,267,0.288,0.288,267,0.712,0.288,0.288,0.288
3.4262505009658333e-06,109,109,0,266,0.0,0.0,0.034042973751325124,1.0,375,0,0,109,0,266,0.2906666666666667,0.2906666666666667,266,0.7093333333333334,0.2906666666666667,0.2906666666666667,0.2906666666666667
3.4262503983073073e-06,110,110,0,265,0.0,0.0,0.033743935298164184,1.0,375,0,0,110,0,265,0.29333333333333333,0.29333333333333333,265,0.7066666666666667,0.29333333333333333,0.29333333333333333,0.29333333333333333
3.42625036590231e-06,111,111,0,264,0.0,3.469446951953614e-18,0.03345010469339235,1.0,375,0,0,111,0,264,0.296,0.296,264,0.704,0.296,0.296,0.296
3.341455697385303e-06,112,112,0,263,0.0,3.469446951953614e-18,0.033161347066943875,1.0,375,0,0,112,0,263,0.2986666666666667,0.2986666666666667,263,0.7013333333333334,0.2986666666666667,0.2986666666666667,0.2986666666666667
3.3414556539442982e-06,113,113,0,262,0.0,0.0,0.03287753216595198,1.0,375,0,0,113,0,262,0.30133333333333334,0.30133333333333334,262,0.6986666666666667,0.30133333333333334,0.30133333333333334,0.30133333333333334
3.3414555820284782e-06,114,114,0,261,0.0,0.0,0.03259853415884162,1.0,375,0,0,114,0,261,0.304,0.304,261,0.696,0.304,0.304,0.304
3.2422506590781592e-06,115,115,0,260,0.0,0.0,0.03232423144931307,1.0,375,0,0,115,0,260,0.30666666666666664,0.30666666666666664,260,0.6933333333333334,0.30666666666666664,0.30666666666666664,0.30666666666666664
3.2422506201878087e-06,116,116,0,259,0.0,0.0,0.032054506499638716,1.0,375,0,0,116,0,259,0.30933333333333335,0.30933333333333335,259,0.6906666666666667,0.30933333333333335,0.30933333333333335,0.30933333333333335
3.242250546170397e-06,117,117,0,258,0.0,0.0,0.03178924566273338,1.0,375,0,0,117,0,258,0.312,0.312,258,0.688,0.312,0.312,0.312
2.808862145128059e-06,118,118,0,257,0.0,0.0,0.03152833902249433,1.0,375,0,0,118,0,257,0.31466666666666665,0.31466666666666665,257,0.6853333333333333,0.31466666666666665,0.31466666666666665,0.31466666666666665
2.8088620403487263e-06,119,119,0,256,0.0,0.0,0.031271680241939506,1.0,375,0,0,119,0,256,0.31733333333333336,0.31733333333333336,256,0.6826666666666666,0.31733333333333336,0.31733333333333336,0.31733333333333336
2.808861985689443e-06,120,120,0,255,0.0,0.0,0.031019166418703486,1.0,375,0,0,120,0,255,0.32,0.32,255,0.68,0.32,0.32,0.32
2.1393097195505517e-06,121,121,0,254,0.0,0.0,0.03077069794747827,1.0,375,0,0,121,0,254,0.32266666666666666,0.32266666666666666,254,0.6773333333333333,0.32266666666666666,0.32266666666666666,0.32266666666666666
2.1393096843285657e-06,122,122,0,253,0.0,0.0,0.030526178389012868,1.0,375,0,0,122,0,253,0.3253333333333333,0.3253333333333333,253,0.6746666666666666,0.3253333333333333,0.3253333333333333,0.3253333333333333
2.1393096576417246e-06,123,123,0,252,0.0,0.0,0.030285514345309572,1.0,375,0,0,123,0,252,0.328,0.328,252,0.672,0.328,0.328,0.328
1.8426870999382237e-06,124,124,0,251,0.0,0.0,0.030048615340677695,1.0,375,0,0,124,0,251,0.33066666666666666,0.33066666666666666,251,0.6693333333333333,0.33066666666666666,0.33066666666666666,0.33066666666666666
1.8426870950853104e-06,125,125,0,250,0.0,1.734723475976807e-18,0.029815393708326456,1.0,375,0,0,125,0,250,0.3333333333333333,0.3333333333333333,250,0.6666666666666666,0.3333333333333333,0.3333333333333333,0.3333333333333333
1.8426870614239545e-06,126,126,0,249,0.0,1.734723475976807e-18,0.02958576448219845,1.0,375,0,0,126,0,249,0.336,0.336,249,0.664,0.336,0.336,0.336
1.4556307526304314e-06,127,127,0,248,0.0,0.0,0.029359645293763368,1.0,375,0,0,127,0,248,0.33866666666666667,0.33866666666666667,248,0.6613333333333333,0.33866666666666667,0.33866666666666667,0.33866666666666667
1.4556306468084382e-06,128,128,0,247,0.0,0.0,0.029136956273508416,1.0,375,0,0,128,0,247,0.3413333333333333,0.3413333333333333,247,0.6586666666666666,0.3413333333333333,0.3413333333333333,0.3413333333333333
1.455630561973007e-06,129,129,0,246,0.0,0.0,0.028917619956878256,1.0,375,0,0,129,0,246,0.344,0.344,246,0.656,0.344,0.344,0.344
1.3284032223093249e-06,130,130,0,245,0.0,0.0,0.028701561194431423,1.0,375,0,0,130,0,245,0.3466666666666667,0.3466666666666667,245,0.6533333333333333,0.3466666666666667,0.3466666666666667,0.3466666666666667
1.3284031597248118e-06,131,131,0,244,0.0,0.0,0.028488707065994576,1.0,375,0,0,131,0,244,0.34933333333333333,0.34933333333333333,244,0.6506666666666666,0.34933333333333333,0.34933333333333333,0.34933333333333333
1.3284031447137562e-06,132,132,0,243,0.0,0.0,0.02827898679860847,1.0,375,0,0,132,0,243,0.352,0.352,243,0.648,0.352,0.352,0.352
1.1970982973072646e-06,133,133,0,242,0.0,0.0,0.02807233168807166,1.0,375,0,0,133,0,242,0.3546666666666667,0.3546666666666667,242,0.6453333333333333,0.3546666666666667,0.3546666666666667,0.3546666666666667
1.1970982718472944e-06,134,134,0,241,0.0,0.0,0.027868675023899322,1.0,375,0,0,134,0,241,0.35733333333333334,0.35733333333333334,241,0.6426666666666667,0.35733333333333334,0.35733333333333334,0.35733333333333334
1.1970982360921452e-06,135,135,0,240,0.0,0.0,0.02766795201752491,1.0,375,0,0,135,0,240,0.36,0.36,240,0.64,0.36,0.36,0.36
1.1630423309061698e-06,136,136,0,239,0.0,0.0,0.027470099733582408,1.0,375,0,0,136,0,239,0.3626666666666667,0.3626666666666667,239,0.6373333333333333,0.3626666666666667,0.3626666666666667,0.3626666666666667
1.1630423198776424e-06,137,137,0,238,0.0,1.734723475976807e-18,0.027275057024116055,1.0,375,0,0,137,0,238,0.36533333333333334,0.36533333333333334,238,0.6346666666666667,0.36533333333333334,0.36533333333333334,0.36533333333333334
1.1630423048116887e-06,138,138,0,237,0.0,1.734723475976807e-18,0.027082764465572957,1.0,375,0,0,138,0,237,0.368,0.368,237,0.632,0.368,0.368,0.368
1.0961232591559713e-06,139,139,0,236,0.0,0.0,0.026893164298442428,1.0,375,0,0,139,0,236,0.37066666666666664,0.37066666666666664,236,0.6293333333333333,0.37066666666666664,0.37066666666666664,0.37066666666666664
1.0961232138460468e-06,140,140,0,235,0.0,1.734723475976807e-18,0.026706200369412993,1.0,375,0,0,140,0,235,0.37333333333333335,0.37333333333333335,235,0.6266666666666667,0.37333333333333335,0.37333333333333335,0.37333333333333335
1.096123174013294e-06,141,141,0,234,0.0,0.0,0.026521818075925647,1.0,375,0,0,141,0,234,0.376,0.376,234,0.624,0.376,0.376,0.376
1.0913425668839802e-06,142,142,0,233,0.0,0.0,0.02633996431300811,1.0,375,0,0,142,0,233,0.37866666666666665,0.37866666666666665,233,0.6213333333333333,0.37866666666666665,0.37866666666666665,0.37866666666666665
1.0913424484921948e-06,143,143,0,232,0.0,0.0,0.026160587422281553,1.0,375,0,0,143,0,232,0.38133333333333336,0.38133333333333336,232,0.6186666666666667,0.38133333333333336,0.38133333333333336,0.38133333333333336
1.0913422479663196e-06,144,144,0,231,0.0,0.0,0.025983637143036746,1.0,375,0,0,144,0,231,0.384,0.384,231,0.616,0.384,0.384,0.384
1.0663499543463871e-06,145,145,0,230,0.0,1.734723475976807e-18,0.02580906456528246,1.0,375,0,0,145,0,230,0.38666666666666666,0.38666666666666666,230,0.6133333333333333,0.38666666666666666,0.38666666666666666,0.38666666666666666
1.0663498411264312e-06,146,146,0,229,0.0,0.0,0.025636822084673896,1.0,375,0,0,146,0,229,0.3893333333333333,0.3893333333333333,229,0.6106666666666667,0.3893333333333333,0.3893333333333333,0.3893333333333333
1.0663498298991501e-06,147,147,0,228,0.0,0.0,0.02546686335923391,1.0,375,0,0,147,0,228,0.392,0.392,228,0.608,0.392,0.392,0.392
1.0600526850174303e-06,148,148,0,227,0.0,0.0,0.025299143267784395,1.0,375,0,0,148,0,227,0.39466666666666667,0.39466666666666667,227,0.6053333333333333,0.39466666666666667,0.39466666666666667,0.39466666666666667
1.0600526015391055e-06,149,149,0,226,0.0,1.734723475976807e-18,0.02513361787000954,1.0,375,0,0,149,0,226,0.3973333333333333,0.3973333333333333,226,0.6026666666666667,0.3973333333333333,0.3973333333333333,0.3973333333333333
1.0600525626446525e-06,150,150,0,225,0.0,1.734723475976807e-18,0.0249702443680766,1.0,375,0,0,150,0,225,0.4,0.4,225,0.6,0.4,0.4,0.4
9.499645392217035e-07,151,151,0,224,0.0,0.0,0.02480898106974387,1.0,375,0,0,151,0,224,0.4026666666666667,0.4026666666666667,224,0.5973333333333334,0.4026666666666667,0.4026666666666667,0.4026666666666667
9.499644561946019e-07,152,152,0,223,0.0,0.0,0.024649787352889047,1.0,375,0,0,152,0,223,0.4053333333333333,0.4053333333333333,223,0.5946666666666667,0.4053333333333333,0.4053333333333333,0.4053333333333333
9.499644130138217e-07,153,153,0,222,0.0,1.734723475976807e-18,0.024492623631394532,1.0,375,0,0,153,0,222,0.408,0.408,222,0.592,0.408,0.408,0.408
9.169481514946933e-07,154,154,0,221,0.0,0.0,0.024337451322329538,1.0,375,0,0,154,0,221,0.4106666666666667,0.4106666666666667,221,0.5893333333333334,0.4106666666666667,0.4106666666666667,0.4106666666666667
9.16948134758379e-07,155,155,0,220,0.0,0.0,0.024184232814371848,1.0,375,0,0,155,0,220,0.41333333333333333,0.41333333333333333,220,0.5866666666666667,0.41333333333333333,0.41333333333333333,0.41333333333333333
9.169481145132843e-07,156,156,0,219,0.0,0.0,0.024032931437414938,1.0,375,0,0,156,0,219,0.416,0.416,219,0.584,0.416,0.416,0.416
8.663652164412677e-07,157,157,0,218,0.0,0.0,0.023883511433308864,1.0,375,0,0,157,0,218,0.4186666666666667,0.4186666666666667,218,0.5813333333333334,0.4186666666666667,0.4186666666666667,0.4186666666666667
8.66365181021335e-07,158,158,0,217,0.0,0.0,0.023735937927685878,1.0,375,0,0,158,0,217,0.42133333333333334,0.42133333333333334,217,0.5786666666666667,0.42133333333333334,0.42133333333333334,0.42133333333333334
8.663651604485973e-07,159,159,0,216,0.0,0.0,0.023590176902824132,1.0,375,0,0,159,0,216,0.424,0.424,216,0.576,0.424,0.424,0.424
8.635705463122107e-07,160,160,0,215,0.0,0.0,0.02344619517150519,1.0,375,0,0,160,0,215,0.4266666666666667,0.4266666666666667,215,0.5733333333333334,0.4266666666666667,0.4266666666666667,0.4266666666666667
8.635704545166897e-07,161,161,0,214,0.0,0.0,0.023303960351823035,1.0,375,0,0,161,0,214,0.42933333333333334,0.42933333333333334,214,0.5706666666666667,0.42933333333333334,0.42933333333333334,0.42933333333333334
8.635704125129535e-07,162,162,0,213,0.0,0.0,0.023163440842904465,1.0,375,0,0,162,0,213,0.432,0.432,213,0.568,0.432,0.432,0.432
8.474756696593696e-07,163,163,0,212,0.0,0.0,0.023024605801502687,1.0,375,0,0,163,0,212,0.43466666666666665,0.43466666666666665,212,0.5653333333333334,0.43466666666666665,0.43466666666666665,0.43466666666666665
8.474756392784201e-07,164,164,0,211,0.0,0.0,0.022887425119427582,1.0,375,0,0,164,0,211,0.43733333333333335,0.43733333333333335,211,0.5626666666666666,0.43733333333333335,0.43733333333333335,0.43733333333333335
8.474755950439842e-07,165,165,0,210,0.0,0.0,0.022751869401778084,1.0,375,0,0,165,0,210,0.44,0.44,210,0.56,0.44,0.44,0.44
7.859027293072594e-07,166,166,0,209,0.0,1.734723475976807e-18,0.02261790994594346,1.0,375,0,0,166,0,209,0.44266666666666665,0.44266666666666665,209,0.5573333333333333,0.44266666666666665,0.44266666666666665,0.44266666666666665
7.859027169282925e-07,167,167,0,208,0.0,0.0,0.02248551872134217,1.0,375,0,0,167,0,208,0.44533333333333336,0.44533333333333336,208,0.5546666666666666,0.44533333333333336,0.44533333333333336,0.44533333333333336
7.859026658765493e-07,168,168,0,207,0.0,0.0,0.022354668349868052,1.0,375,0,0,168,0,207,0.448,0.448,207,0.552,0.448,0.448,0.448
7.595843878285467e-07,169,169,0,206,0.0,0.0,0.022225332087015413,1.0,375,0,0,169,0,206,0.45066666666666666,0.45066666666666666,206,0.5493333333333333,0.45066666666666666,0.45066666666666666,0.45066666666666666
7.595843164119065e-07,170,170,0,205,0.0,0.0,0.022097483803655452,1.0,375,0,0,170,0,205,0.4533333333333333,0.4533333333333333,205,0.5466666666666666,0.4533333333333333,0.4533333333333333,0.4533333333333333
7.595842848733687e-07,171,171,0,204,0.0,0.0,0.021971097968438207,1.0,375,0,0,171,0,204,0.456,0.456,204,0.544,0.456,0.456,0.456
7.438287266161361e-07,172,172,0,203,0.0,0.0,0.0218461496307948,1.0,375,0,0,172,0,203,0.45866666666666667,0.45866666666666667,203,0.5413333333333333,0.45866666666666667,0.45866666666666667,0.45866666666666667
7.438286937952316e-07,173,173,0,202,0.0,0.0,0.02172261440451652,1.0,375,0,0,173,0,202,0.4613333333333333,0.4613333333333333,202,0.5386666666666666,0.4613333333333333,0.4613333333333333,0.4613333333333333
7.438286790202882e-07,174,174,0,201,0.0,0.0,0.021600468451887907,1.0,375,0,0,174,0,201,0.464,0.464,201,0.536,0.464,0.464,0.464
7.013724182879471e-07,175,175,0,200,0.0,0.0,0.02147968846835207,1.0,375,0,0,175,0,200,0.4666666666666667,0.4666666666666667,200,0.5333333333333333,0.4666666666666667,0.4666666666666667,0.4666666666666667
7.013723504591201e-07,176,176,0,199,0.0,0.0,0.021360251667687728,1.0,375,0,0,176,0,199,0.4693333333333333,0.4693333333333333,199,0.5306666666666666,0.4693333333333333,0.4693333333333333,0.4693333333333333
7.013723442238593e-07,177,177,0,198,0.0,0.0,0.021242135767677948,1.0,375,0,0,177,0,198,0.472,0.472,198,0.528,0.472,0.472,0.472
6.80264963155348e-07,178,178,0,197,0.0,1.734723475976807e-18,0.021125318976251826,1.0,375,0,0,178,0,197,0.4746666666666667,0.4746666666666667,197,0.5253333333333333,0.4746666666666667,0.4746666666666667,0.4746666666666667
6.802649579159039e-07,179,179,0,196,0.0,0.0,0.021009779978080914,1.0,375,0,0,179,0,196,0.47733333333333333,0.47733333333333333,196,0.5226666666666666,0.47733333333333333,0.47733333333333333,0.47733333333333333
6.802649022127237e-07,180,180,0,195,0.0,0.0,0.02089549792161305,1.0,375,0,0,180,0,195,0.48,0.48,195,0.52,0.48,0.48,0.48
6.755880535452317e-07,181,181,0,194,0.0,0.0,0.02078245240652716,1.0,375,0,0,181,0,194,0.4826666666666667,0.4826666666666667,194,0.5173333333333333,0.4826666666666667,0.4826666666666667,0.4826666666666667
6.755879122520608e-07,182,182,0,193,0.0,0.0,0.020670623471593007,1.0,375,0,0,182,0,193,0.48533333333333334,0.48533333333333334,193,0.5146666666666667,0.48533333333333334,0.48533333333333334,0.48533333333333334
6.755878885565242e-07,183,183,0,192,0.0,0.0,0.02055999158292086,1.0,375,0,0,183,0,192,0.488,0.488,192,0.512,0.488,0.488,0.488
6.588419288868909e-07,184,184,0,191,0.0,0.0,0.02045053762258643,1.0,375,0,0,184,0,191,0.49066666666666664,0.49066666666666664,191,0.5093333333333333,0.49066666666666664,0.49066666666666664,0.49066666666666664
6.588418899120951e-07,185,185,0,190,0.0,0.0,0.020342242877617298,1.0,375,0,0,185,0,190,0.49333333333333335,0.49333333333333335,190,0.5066666666666667,0.49333333333333335,0.49333333333333335,0.49333333333333335
6.588418893047699e-07,186,186,0,189,0.0,0.0,0.020235089029327337,1.0,375,0,0,186,0,189,0.496,0.496,189,0.504,0.496,0.496,0.496
6.330592706811714e-07,187,187,0,188,0.0,0.0,0.020129058142986548,1.0,375,0,0,187,0,188,0.49866666666666665,0.49866666666666665,188,0.5013333333333333,0.49866666666666665,0.49866666666666665,0.49866666666666665
6.330592559240546e-07,188,188,0,187,0.0,0.0,0.02002413265781392,1.0,375,0,0,188,0,187,0.5013333333333333,0.5013333333333333,187,0.49866666666666665,0.5013333333333333,0.5013333333333333,0.5013333333333333
6.330592080071034e-07,189,189,0,186,0.0,0.0,0.019920295377281662,1.0,375,0,0,189,0,186,0.504,0.504,186,0.496,0.504,0.504,0.504
5.866926071849259e-07,190,190,0,185,0.0,0.0,0.01981752945971958,1.0,375,0,0,190,0,185,0.5066666666666667,0.5066666666666667,185,0.49333333333333335,0.5066666666666667,0.5066666666666667,0.5066666666666667
5.866926041170538e-07,191,191,0,184,0.0,0.0,0.019715818409208725,1.0,375,0,0,191,0,184,0.5093333333333333,0.5093333333333333,184,0.49066666666666664,0.5093333333333333,0.5093333333333333,0.5093333333333333
5.866926019789757e-07,192,192,0,183,0.0,1.734723475976807e-18,0.01961514606675411,1.0,375,0,0,192,0,183,0.512,0.512,183,0.488,0.512,0.512,0.512
5.765384109547578e-07,193,193,0,182,0.0,0.0,0.01951549660172641,1.0,375,0,0,193,0,182,0.5146666666666667,0.5146666666666667,182,0.48533333333333334,0.5146666666666667,0.5146666666666667,0.5146666666666667
5.765384019235561e-07,194,194,0,181,0.0,0.0,0.019416854503563286,1.0,375,0,0,194,0,181,0.5173333333333333,0.5173333333333333,181,0.4826666666666667,0.5173333333333333,0.5173333333333333,0.5173333333333333
5.765383991842777e-07,195,195,0,180,0.0,0.0,0.019319204573721077,1.0,375,0,0,195,0,180,0.52,0.52,180,0.48,0.52,0.52,0.52
5.663641926804498e-07,196,196,0,179,0.0,1.734723475976807e-18,0.019222531917868144,1.0,375,0,0,196,0,179,0.5226666666666666,0.5226666666666666,179,0.47733333333333333,0.5226666666666666,0.5226666666666666,0.5226666666666666
5.663641881612041e-07,197,197,0,178,0.0,0.0,0.019126821938311438,1.0,375,0,0,197,0,178,0.5253333333333333,0.5253333333333333,178,0.4746666666666667,0.5253333333333333,0.5253333333333333,0.5253333333333333
5.663641718795347e-07,198,198,0,177,0.0,0.0,0.019032060326648184,1.0,375,0,0,198,0,177,0.528,0.528,177,0.472,0.528,0.528,0.528
5.58488764004621e-07,199,199,0,176,0.0,0.0,0.018938233056634942,1.0,375,0,0,199,0,176,0.5306666666666666,0.5306666666666666,176,0.4693333333333333,0.5306666666666666,0.5306666666666666,0.5306666666666666
5.584887234434234e-07,200,200,0,175,0.0,1.734723475976807e-18,0.018845326377266575,1.0,375,0,0,200,0,175,0.5333333333333333,0.5333333333333333,175,0.4666666666666667,0.5333333333333333,0.5333333333333333,0.5333333333333333
5.584887189611735e-07,201,201,0,174,0.0,0.0,0.01875332680605788,1.0,375,0,0,201,0,174,0.536,0.536,174,0.464,0.536,0.536,0.536
5.510477051667318e-07,202,202,0,173,0.0,0.0,0.01866222112252115,1.0,375,0,0,202,0,173,0.5386666666666666,0.5386666666666666,173,0.4613333333333333,0.5386666666666666,0.5386666666666666,0.5386666666666666
5.510476481717327e-07,203,203,0,172,0.0,1.734723475976807e-18,0.018571996361832828,1.0,375,0,0,203,0,172,0.5413333333333333,0.5413333333333333,172,0.45866666666666667,0.5413333333333333,0.5413333333333333,0.5413333333333333
5.510476480530205e-07,204,204,0,171,0.0,0.0,0.018482639808683074,1.0,375,0,0,204,0,171,0.544,0.544,171,0.456,0.544,0.544,0.544
5.423043964771847e-07,205,205,0,170,0.0,0.0,0.01839413899130202,1.0,375,0,0,205,0,170,0.5466666666666666,0.5466666666666666,170,0.4533333333333333,0.5466666666666666,0.5466666666666666,0.5466666666666666
5.423043804651983e-07,206,206,0,169,0.0,0.0,0.018306481675656787,1.0,375,0,0,206,0,169,0.5493333333333333,0.5493333333333333,169,0.45066666666666666,0.5493333333333333,0.5493333333333333,0.5493333333333333
5.423043754044116e-07,207,207,0,168,0.0,0.0,0.018219655859813683,1.0,375,0,0,207,0,168,0.552,0.552,168,0.448,0.552,0.552,0.552
5.204276518665727e-07,208,208,0,167,0.0,0.0,0.018133649768460082,1.0,375,0,0,208,0,167,0.5546666666666666,0.5546666666666666,167,0.44533333333333336,0.5546666666666666,0.5546666666666666,0.5546666666666666
5.204276160788171e-07,209,209,0,166,0.0,0.0,0.018048451847580686,1.0,375,0,0,209,0,166,0.5573333333333333,0.5573333333333333,166,0.44266666666666665,0.5573333333333333,0.5573333333333333,0.5573333333333333
5.204275954204129e-07,210,210,0,165,0.0,0.0,0.017964050759283236,1.0,375,0,0,210,0,165,0.56,0.56,165,0.44,0.56,0.56,0.56
5.062892701639098e-07,211,211,0,164,0.0,0.0,0.017880435376768655,1.0,375,0,0,211,0,164,0.5626666666666666,0.5626666666666666,164,0.43733333333333335,0.5626666666666666,0.5626666666666666,0.5626666666666666
5.062891865873454e-07,212,212,0,163,0.0,0.0,0.017797594779441046,1.0,375,0,0,212,0,163,0.5653333333333334,0.5653333333333334,163,0.43466666666666665,0.5653333333333334,0.5653333333333334,0.5653333333333334
5.062891787633179e-07,213,213,0,162,0.0,0.0,0.017715518248153008,1.0,375,0,0,213,0,162,0.568,0.568,162,0.432,0.568,0.568,0.568
4.914352195892566e-07,214,214,0,161,0.0,0.0,0.017634195260581874,1.0,375,0,0,214,0,161,0.5706666666666667,0.5706666666666667,161,0.42933333333333334,0.5706666666666667,0.5706666666666667,0.5706666666666667
4.914351909531567e-07,215,215,0,160,0.0,0.0,0.017553615486732756,1.0,375,0,0,215,0,160,0.5733333333333334,0.5733333333333334,160,0.4266666666666667,0.5733333333333334,0.5733333333333334,0.5733333333333334
4.91435128376394e-07,216,216,0,159,0.0,0.0,0.01747376878456431,1.0,375,0,0,216,0,159,0.576,0.576,159,0.424,0.576,0.576,0.576
4.364114639415776e-07,217,217,0,158,0.0,0.0,0.017394645195733326,1.0,375,0,0,217,0,158,0.5786666666666667,0.5786666666666667,158,0.42133333333333334,0.5786666666666667,0.5786666666666667,0.5786666666666667
4.3641143040992856e-07,218,218,0,157,0.0,0.0,0.017316234941454418,1.0,375,0,0,218,0,157,0.5813333333333334,0.5813333333333334,157,0.4186666666666667,0.5813333333333334,0.5813333333333334,0.5813333333333334
4.3641142839185075e-07,219,219,0,156,0.0,0.0,0.017238528418471243,1.0,375,0,0,219,0,156,0.584,0.584,156,0.416,0.584,0.584,0.584
4.0805994498138674e-07,220,220,0,155,0.0,0.0,0.01716151619513562,1.0,375,0,0,220,0,155,0.5866666666666667,0.5866666666666667,155,0.41333333333333333,0.5866666666666667,0.5866666666666667,0.5866666666666667
4.0805993740077385e-07,221,221,0,154,0.0,0.0,0.017085189007591345,1.0,375,0,0,221,0,154,0.5893333333333334,0.5893333333333334,154,0.4106666666666667,0.5893333333333334,0.5893333333333334,0.5893333333333334
4.0805991508611617e-07,222,222,0,153,0.0,1.734723475976807e-18,0.017009537756059373,1.0,375,0,0,222,0,153,0.592,0.592,153,0.408,0.592,0.592,0.592
3.87830768244618e-07,223,223,0,152,0.0,0.0,0.016934553501221267,1.0,375,0,0,223,0,152,0.5946666666666667,0.5946666666666667,152,0.4053333333333333,0.5946666666666667,0.5946666666666667,0.5946666666666667
3.878306818119335e-07,224,224,0,151,0.0,1.734723475976807e-18,0.016860227460697846,1.0,375,0,0,224,0,151,0.5973333333333334,0.5973333333333334,151,0.4026666666666667,0.5973333333333334,0.5973333333333334,0.5973333333333334
3.8783064018671803e-07,225,225,0,150,0.0,1.734723475976807e-18,0.016786551005620237,1.0,375,0,0,225,0,150,0.6,0.6,150,0.4,0.6,0.6,0.6
3.7047956619665017e-07,226,226,0,149,0.0,0.0,0.016713515657290345,1.0,375,0,0,226,0,149,0.6026666666666667,0.6026666666666667,149,0.3973333333333333,0.6026666666666667,0.6026666666666667,0.6026666666666667
3.7047951025675526e-07,227,227,0,148,0.0,0.0,0.016641113083928197,1.0,375,0,0,227,0,148,0.6053333333333333,0.6053333333333333,148,0.39466666666666667,0.6053333333333333,0.6053333333333333,0.6053333333333333
3.704793805753185e-07,228,228,0,147,0.0,0.0,0.01656933509750344,1.0,375,0,0,228,0,147,0.608,0.608,147,0.392,0.608,0.608,0.608
3.6884036658269675e-07,229,229,0,146,0.0,1.734723475976807e-18,0.016498173650648464,1.0,375,0,0,229,0,146,0.6106666666666667,0.6106666666666667,146,0.3893333333333333,0.6106666666666667,0.6106666666666667,0.6106666666666667
3.688403586151433e-07,230,230,0,145,0.0,0.0,0.016427620833650777,1.0,375,0,0,230,0,145,0.6133333333333333,0.6133333333333333,145,0.38666666666666666,0.6133333333333333,0.6133333333333333,0.6133333333333333
3.688403115470073e-07,231,231,0,144,0.0,0.0,0.016357668871522173,1.0,375,0,0,231,0,144,0.616,0.616,144,0.384,0.616,0.616,0.616
3.2086334997548364e-07,232,232,0,143,0.0,0.0,0.016288310121142503,1.0,375,0,0,232,0,143,0.6186666666666667,0.6186666666666667,143,0.38133333333333336,0.6186666666666667,0.6186666666666667,0.6186666666666667
3.2086334289482745e-07,233,233,0,142,0.0,0.0,0.016219537068475766,1.0,375,0,0,233,0,142,0.6213333333333333,0.6213333333333333,142,0.37866666666666665,0.6213333333333333,0.6213333333333333,0.6213333333333333
3.2086332358220557e-07,234,234,0,141,0.0,0.0,0.01615134232585647,1.0,375,0,0,234,0,141,0.624,0.624,141,0.376,0.624,0.624,0.624
3.065398269432436e-07,235,235,0,140,0.0,0.0,0.016083718629344122,1.0,375,0,0,235,0,140,0.6266666666666667,0.6266666666666667,140,0.37333333333333335,0.6266666666666667,0.6266666666666667,0.6266666666666667
3.0653980496625937e-07,236,236,0,139,0.0,0.0,0.01601665883614395,1.0,375,0,0,236,0,139,0.6293333333333333,0.6293333333333333,139,0.37066666666666664,0.6293333333333333,0.6293333333333333,0.6293333333333333
3.065397639879221e-07,237,237,0,138,0.0,0.0,0.01595015592209181,1.0,375,0,0,237,0,138,0.632,0.632,138,0.368,0.632,0.632,0.632
2.8400314408421135e-07,238,238,0,137,0.0,0.0,0.015884202979201578,1.0,375,0,0,238,0,137,0.6346666666666667,0.6346666666666667,137,0.36533333333333334,0.6346666666666667,0.6346666666666667,0.6346666666666667
2.8400312114370363e-07,239,239,0,136,0.0,0.0,0.01581879321327306,1.0,375,0,0,239,0,136,0.6373333333333333,0.6373333333333333,136,0.3626666666666667,0.6373333333333333,0.6373333333333333,0.6373333333333333
2.8400311010750506e-07,240,240,0,135,0.0,0.0,0.015753919941558815,1.0,375,0,0,240,0,135,0.64,0.64,135,0.36,0.64,0.64,0.64
2.7380474349337846e-07,241,241,0,134,0.0,0.0,0.015689576590488127,1.0,375,0,0,241,0,134,0.6426666666666667,0.6426666666666667,134,0.35733333333333334,0.6426666666666667,0.6426666666666667,0.6426666666666667
2.738046978809605e-07,242,242,0,133,0.0,0.0,0.01562575669344655,1.0,375,0,0,242,0,133,0.6453333333333333,0.6453333333333333,133,0.3546666666666667,0.6453333333333333,0.6453333333333333,0.6453333333333333
2.738046958624169e-07,243,243,0,132,0.0,0.0,0.015562453888609386,1.0,375,0,0,243,0,132,0.648,0.648,132,0.352,0.648,0.648,0.648
2.7035352143978427e-07,244,244,0,131,0.0,0.0,0.015499661916827669,1.0,375,0,0,244,0,131,0.6506666666666666,0.6506666666666666,131,0.34933333333333333,0.6506666666666666,0.6506666666666666,0.6506666666666666
2.703534943735521e-07,245,245,0,130,0.0,0.0,0.015437374619565052,1.0,375,0,0,245,0,130,0.6533333333333333,0.6533333333333333,130,0.3466666666666667,0.6533333333333333,0.6533333333333333,0.6533333333333333
2.7035349429513476e-07,246,246,0,129,0.0,0.0,0.015375585936884312,1.0,375,0,0,246,0,129,0.656,0.656,129,0.344,0.656,0.656,0.656
2.552423771097708e-07,247,247,0,128,0.0,0.0,0.015314289905481962,1.0,375,0,0,247,0,128,0.6586666666666666,0.6586666666666666,128,0.3413333333333333,0.6586666666666666,0.6586666666666666,0.6586666666666666
2.552423507391725e-07,248,248,0,127,0.0,0.0,0.01525348065676972,1.0,375,0,0,248,0,127,0.6613333333333333,0.6613333333333333,127,0.33866666666666667,0.6613333333333333,0.6613333333333333,0.6613333333333333
2.552423485761365e-07,249,249,0,126,0.0,8.673617379884035e-19,0.015193152415001476,1.0,375,0,0,249,0,126,0.664,0.664,126,0.336,0.664,0.664,0.664
2.3673575038099786e-07,250,250,0,125,0.0,8.673617379884035e-19,0.015133299495444574,1.0,375,0,0,250,0,125,0.6666666666666666,0.6666666666666666,125,0.3333333333333333,0.6666666666666666,0.6666666666666666,0.6666666666666666
2.3673574302622586e-07,251,251,0,124,0.0,8.673617379884035e-19,0.015073916302594106,1.0,375,0,0,251,0,124,0.6693333333333333,0.6693333333333333,124,0.33066666666666666,0.6693333333333333,0.6693333333333333,0.6693333333333333
2.367357384507277e-07,252,252,0,123,0.0,8.673617379884035e-19,0.015014997328429099,1.0,375,0,0,252,0,123,0.672,0.672,123,0.328,0.672,0.672,0.672
2.317629158493534e-07,253,253,0,122,0.0,0.0,0.014956537150709458,1.0,375,0,0,253,0,122,0.6746666666666666,0.6746666666666666,122,0.3253333333333333,0.6746666666666666,0.6746666666666666,0.6746666666666666
2.317629106857122e-07,254,254,0,121,0.0,0.0,0.01489853043131252,1.0,375,0,0,254,0,121,0.6773333333333333,0.6773333333333333,121,0.32266666666666666,0.6773333333333333,0.6773333333333333,0.6773333333333333
2.317628705798562e-07,255,255,0,120,0.0,8.673617379884035e-19,0.014840971914608158,1.0,375,0,0,255,0,120,0.68,0.68,120,0.32,0.68,0.68,0.68
2.3153266928445344e-07,256,256,0,119,0.0,0.0,0.01478385642587143,1.0,375,0,0,256,0,119,0.6826666666666666,0.6826666666666666,119,0.31733333333333336,0.6826666666666666,0.6826666666666666,0.6826666666666666
2.315326343244766e-07,257,257,0,118,0.0,0.0,0.014727178869731728,1.0,375,0,0,257,0,118,0.6853333333333333,0.6853333333333333,118,0.31466666666666665,0.6853333333333333,0.6853333333333333,0.6853333333333333
2.315326140773685e-07,258,258,0,117,0.0,0.0,0.014670934228657465,1.0,375,0,0,258,0,117,0.688,0.688,117,0.312,0.688,0.688,0.688
2.29983120003225e-07,259,259,0,116,0.0,0.0,0.014615117561475346,1.0,375,0,0,259,0,116,0.6906666666666667,0.6906666666666667,116,0.30933333333333335,0.6906666666666667,0.6906666666666667,0.6906666666666667
2.299830386965541e-07,260,260,0,115,0.0,0.0,0.014559724001923326,1.0,375,0,0,260,0,115,0.6933333333333334,0.6933333333333334,115,0.30666666666666664,0.6933333333333334,0.6933333333333334,0.6933333333333334
2.299829939775e-07,261,261,0,114,0.0,0.0,0.01450474875723635,1.0,375,0,0,261,0,114,0.696,0.696,114,0.304,0.696,0.696,0.696
2.1483927350829197e-07,262,262,0,113,0.0,0.0,0.014450187106763993,1.0,375,0,0,262,0,113,0.6986666666666667,0.6986666666666667,113,0.30133333333333334,0.6986666666666667,0.6986666666666667,0.6986666666666667
2.1483923001965397e-07,263,263,0,112,0.0,0.0,0.014396034400619203,1.0,375,0,0,263,0,112,0.7013333333333334,0.7013333333333334,112,0.2986666666666667,0.7013333333333334,0.7013333333333334,0.7013333333333334
2.148391927163656e-07,264,264,0,111,0.0,0.0,0.01434228605835731,1.0,375,0,0,264,0,111,0.704,0.704,111,0.296,0.704,0.704,0.704
1.8205969513588604e-07,265,265,0,110,0.0,0.0,0.014288937567684516,1.0,375,0,0,265,0,110,0.7066666666666667,0.7066666666666667,110,0.29333333333333333,0.7066666666666667,0.7066666666666667,0.7066666666666667
1.8205969021969236e-07,266,266,0,109,0.0,0.0,0.014235984483195078,1.0,375,0,0,266,0,109,0.7093333333333334,0.7093333333333334,109,0.2906666666666667,0.7093333333333334,0.7093333333333334,0.7093333333333334
1.820596884771227e-07,267,267,0,108,0.0,0.0,0.014183422425136531,1.0,375,0,0,267,0,108,0.712,0.712,108,0.288,0.712,0.712,0.712
1.8113700811296203e-07,268,268,0,107,0.0,0.0,0.01413124707820208,1.0,375,0,0,268,0,107,0.7146666666666667,0.7146666666666667,107,0.2853333333333333,0.7146666666666667,0.7146666666666667,0.7146666666666667
1.811369430439458e-07,269,269,0,106,0.0,0.0,0.01407945419034962,1.0,375,0,0,269,0,106,0.7173333333333334,0.7173333333333334,106,0.2826666666666667,0.7173333333333334,0.7173333333333334,0.7173333333333334
1.8113693484262723e-07,270,270,0,105,0.0,0.0,0.014028039571646583,1.0,375,0,0,270,0,105,0.72,0.72,105,0.28,0.72,0.72,0.72
1.7626663750296372e-07,271,271,0,104,0.0,0.0,0.013976999093140033,1.0,375,0,0,271,0,104,0.7226666666666667,0.7226666666666667,104,0.2773333333333333,0.7226666666666667,0.7226666666666667,0.7226666666666667
1.7626662468953195e-07,272,272,0,103,0.0,0.0,0.013926328685751324,1.0,375,0,0,272,0,103,0.7253333333333334,0.7253333333333334,103,0.27466666666666667,0.7253333333333334,0.7253333333333334,0.7253333333333334
1.7626662298095042e-07,273,273,0,102,0.0,0.0,0.013876024339194723,1.0,375,0,0,273,0,102,0.728,0.728,102,0.272,0.728,0.728,0.728
1.743496279737943e-07,274,274,0,101,0.0,8.673617379884035e-19,0.01382608210091937,1.0,375,0,0,274,0,101,0.7306666666666667,0.7306666666666667,101,0.2693333333333333,0.7306666666666667,0.7306666666666667,0.7306666666666667
1.7434962687502616e-07,275,275,0,100,0.0,0.0,0.013776498075074023,1.0,375,0,0,275,0,100,0.7333333333333333,0.7333333333333333,100,0.26666666666666666,0.7333333333333333,0.7333333333333333,0.7333333333333333
1.743496115860858e-07,276,276,0,99,0.0,8.673617379884035e-19,0.01372726842149399,1.0,375,0,0,276,0,99,0.736,0.736,99,0.264,0.736,0.736,0.736
1.6471978493089868e-07,277,277,0,98,0.0,0.0,0.013678389354709702,1.0,375,0,0,277,0,98,0.7386666666666667,0.7386666666666667,98,0.2613333333333333,0.7386666666666667,0.7386666666666667,0.7386666666666667
1.6471975689321554e-07,278,278,0,97,0.0,0.0,0.013629857142976395,1.0,375,0,0,278,0,97,0.7413333333333333,0.7413333333333333,97,0.25866666666666666,0.7413333333333333,0.7413333333333333,0.7413333333333333
1.647197527341704e-07,279,279,0,96,0.0,0.0,0.013581668107324387,1.0,375,0,0,279,0,96,0.744,0.744,96,0.256,0.744,0.744,0.744
1.6093655780604467e-07,280,280,0,95,0.0,8.673617379884035e-19,0.013533818620629409,1.0,375,0,0,280,0,95,0.7466666666666667,0.7466666666666667,95,0.25333333333333335,0.7466666666666667,0.7466666666666667,0.7466666666666667
1.609365295422449e-07,281,281,0,94,0.0,0.0,0.01348630510670253,1.0,375,0,0,281,0,94,0.7493333333333333,0.7493333333333333,94,0.25066666666666665,0.7493333333333333,0.7493333333333333,0.7493333333333333
1.609365198233879e-07,282,282,0,93,0.0,0.0,0.013439124039399194,1.0,375,0,0,282,0,93,0.752,0.752,93,0.248,0.752,0.752,0.752
1.4490483105037928e-07,283,283,0,92,0.0,8.673617379884035e-19,0.013392271941746883,1.0,375,0,0,283,0,92,0.7546666666666667,0.7546666666666667,92,0.24533333333333332,0.7546666666666667,0.7546666666666667,0.7546666666666667
1.4490477626758795e-07,284,284,0,91,0.0,0.0,0.01334574538509095,1.0,375,0,0,284,0,91,0.7573333333333333,0.7573333333333333,91,0.24266666666666667,0.7573333333333333,0.7573333333333333,0.7573333333333333
1.449047747366639e-07,285,285,0,90,0.0,0.0,0.01329954098825824,1.0,375,0,0,285,0,90,0.76,0.76,90,0.24,0.76,0.76,0.76
1.3790057411839747e-07,286,286,0,89,0.0,0.0,0.01325365541673796,1.0,375,0,0,286,0,89,0.7626666666666667,0.7626666666666667,89,0.23733333333333334,0.7626666666666667,0.7626666666666667,0.7626666666666667
1.3790055118394114e-07,287,287,0,88,0.0,0.0,0.01320808538187952,1.0,375,0,0,287,0,88,0.7653333333333333,0.7653333333333333,88,0.23466666666666666,0.7653333333333333,0.7653333333333333,0.7653333333333333
1.3790054550010797e-07,288,288,0,87,0.0,0.0,0.013162827640106806,1.0,375,0,0,288,0,87,0.768,0.768,87,0.232,0.768,0.768,0.768
1.0474320515123779e-07,289,289,0,86,0.0,0.0,0.013117878992148575,1.0,375,0,0,289,0,86,0.7706666666666667,0.7706666666666667,86,0.22933333333333333,0.7706666666666667,0.7706666666666667,0.7706666666666667
1.04743176765759e-07,290,290,0,85,0.0,8.673617379884035e-19,0.01307323628228457,1.0,375,0,0,290,0,85,0.7733333333333333,0.7733333333333333,85,0.22666666666666666,0.7733333333333333,0.7733333333333333,0.7733333333333333
1.0474316894079989e-07,291,291,0,84,0.0,8.673617379884035e-19,0.01302889639760697,1.0,375,0,0,291,0,84,0.776,0.776,84,0.224,0.776,0.776,0.776
1.0029411280770062e-07,292,292,0,83,0.0,0.0,0.012984856267296823,1.0,375,0,0,292,0,83,0.7786666666666666,0.7786666666666666,83,0.22133333333333333,0.7786666666666666,0.7786666666666666,0.7786666666666666
1.0029410714402488e-07,293,293,0,82,0.0,0.0,0.012941112861915096,1.0,375,0,0,293,0,82,0.7813333333333333,0.7813333333333333,82,0.21866666666666668,0.7813333333333333,0.7813333333333333,0.7813333333333333
1.0029408778171651e-07,294,294,0,81,0.0,0.0,0.012897663192708011,1.0,375,0,0,294,0,81,0.784,0.784,81,0.216,0.784,0.784,0.784
9.339550195185865e-08,295,295,0,80,0.0,8.673617379884035e-19,0.012854504310926329,1.0,375,0,0,295,0,80,0.7866666666666666,0.7866666666666666,80,0.21333333333333335,0.7866666666666666,0.7866666666666666,0.7866666666666666
9.339545923754615e-08,296,296,0,79,0.0,0.0,0.012811633307158257,1.0,375,0,0,296,0,79,0.7893333333333333,0.7893333333333333,79,0.21066666666666667,0.7893333333333333,0.7893333333333333,0.7893333333333333
9.339544580917438e-08,297,297,0,78,0.0,0.0,0.012769047310675656,1.0,375,0,0,297,0,78,0.792,0.792,78,0.208,0.792,0.792,0.792
8.615337520876239e-08,298,298,0,77,0.0,8.673617379884035e-19,0.012726743488793251,1.0,375,0,0,298,0,77,0.7946666666666666,0.7946666666666666,77,0.20533333333333334,0.7946666666666666,0.7946666666666666,0.7946666666666666
8.615336232194775e-08,299,299,0,76,0.0,0.0,0.012684719046240528,1.0,375,0,0,299,0,76,0.7973333333333333,0.7973333333333333,76,0.20266666666666666,0.7973333333333333,0.7973333333333333,0.7973333333333333
8.615334311029608e-08,300,300,0,75,0.0,8.673617379884035e-19,0.012642971224546034,1.0,375,0,0,300,0,75,0.8,0.8,75,0.2,0.8,0.8,0.8
8.419652350385055e-08,301,301,0,74,0.0,0.0,0.012601497301433819,1.0,375,0,0,301,0,74,0.8026666666666666,0.8026666666666666,74,0.19733333333333333,0.8026666666666666,0.8026666666666666,0.8026666666666666
8.419651515223724e-08,302,302,0,73,0.0,0.0,0.012560294590231665,1.0,375,0,0,302,0,73,0.8053333333333333,0.8053333333333333,73,0.19466666666666665,0.8053333333333333,0.8053333333333333,0.8053333333333333
8.419647157852304e-08,303,303,0,72,0.0,0.0,0.012519360439290965,1.0,375,0,0,303,0,72,0.808,0.808,72,0.192,0.808,0.808,0.808
8.363668161475305e-08,304,304,0,71,0.0,0.0,0.012478692231417824,1.0,375,0,0,304,0,71,0.8106666666666666,0.8106666666666666,71,0.18933333333333333,0.8106666666666666,0.8106666666666666,0.8106666666666666
8.363664146491962e-08,305,305,0,70,0.0,0.0,0.01243828738331528,1.0,375,0,0,305,0,70,0.8133333333333334,0.8133333333333334,70,0.18666666666666668,0.8133333333333334,0.8133333333333334,0.8133333333333334
8.363663580839064e-08,306,306,0,69,0.0,8.673617379884035e-19,0.012398143345036292,1.0,375,0,0,306,0,69,0.816,0.816,69,0.184,0.816,0.816,0.816
7.717435394163023e-08,307,307,0,68,0.0,0.0,0.012358257599447291,1.0,375,0,0,307,0,68,0.8186666666666667,0.8186666666666667,68,0.18133333333333335,0.8186666666666667,0.8186666666666667,0.8186666666666667
7.717433515453716e-08,308,308,0,67,0.0,0.0,0.012318627661702055,1.0,375,0,0,308,0,67,0.8213333333333334,0.8213333333333334,67,0.17866666666666667,0.8213333333333334,0.8213333333333334,0.8213333333333334
7.717431711847713e-08,309,309,0,66,0.0,8.673617379884035e-19,0.012279251078725687,1.0,375,0,0,309,0,66,0.824,0.824,66,0.176,0.824,0.824,0.824
7.320324582397435e-08,310,310,0,65,0.0,0.0,0.012240125428708422,1.0,375,0,0,310,0,65,0.8266666666666667,0.8266666666666667,65,0.17333333333333334,0.8266666666666667,0.8266666666666667,0.8266666666666667
7.320322764432891e-08,311,311,0,64,0.0,0.0,0.01220124832060914,1.0,375,0,0,311,0,64,0.8293333333333334,0.8293333333333334,64,0.17066666666666666,0.8293333333333334,0.8293333333333334,0.8293333333333334
7.320320888168374e-08,312,312,0,63,0.0,0.0,0.012162617393668241,1.0,375,0,0,312,0,63,0.832,0.832,63,0.168,0.832,0.832,0.832
6.875141175350939e-08,313,313,0,62,0.0,0.0,0.012124230316929803,1.0,375,0,0,313,0,62,0.8346666666666667,0.8346666666666667,62,0.16533333333333333,0.8346666666666667,0.8346666666666667,0.8346666666666667
6.87513921283971e-08,314,314,0,61,0.0,0.0,0.012086084788772732,1.0,375,0,0,314,0,61,0.8373333333333334,0.8373333333333334,61,0.16266666666666665,0.8373333333333334,0.8373333333333334,0.8373333333333334
6.87513576379432e-08,315,315,0,60,0.0,0.0,0.012048178536450727,1.0,375,0,0,315,0,60,0.84,0.84,60,0.16,0.84,0.84,0.84
6.548660299439238e-08,316,316,0,59,0.0,0.0,0.012010509315640912,1.0,375,0,0,316,0,59,0.8426666666666667,0.8426666666666667,59,0.15733333333333333,0.8426666666666667,0.8426666666666667,0.8426666666666667
6.548660132981767e-08,317,317,0,58,0.0,0.0,0.011973074910000856,1.0,375,0,0,317,0,58,0.8453333333333334,0.8453333333333334,58,0.15466666666666667,0.8453333333333334,0.8453333333333334,0.8453333333333334
6.548658816548568e-08,318,318,0,57,0.0,0.0,0.011935873130733904,1.0,375,0,0,318,0,57,0.848,0.848,57,0.152,0.848,0.848,0.848
5.896173385530938e-08,319,319,0,56,0.0,0.0,0.011898901816162554,1.0,375,0,0,319,0,56,0.8506666666666667,0.8506666666666667,56,0.14933333333333335,0.8506666666666667,0.8506666666666667,0.8506666666666667
5.896171468455614e-08,320,320,0,55,0.0,0.0,0.011862158831309737,1.0,375,0,0,320,0,55,0.8533333333333334,0.8533333333333334,55,0.14666666666666667,0.8533333333333334,0.8533333333333334,0.8533333333333334
5.8961708808490726e-08,321,321,0,54,0.0,0.0,0.011825642067487858,1.0,375,0,0,321,0,54,0.856,0.856,54,0.144,0.856,0.856,0.856
5.422102289949252e-08,322,322,0,53,0.0,0.0,0.011789349441895376,1.0,375,0,0,322,0,53,0.8586666666666667,0.8586666666666667,53,0.14133333333333334,0.8586666666666667,0.8586666666666667,0.8586666666666667
5.4221014425971034e-08,323,323,0,52,0.0,0.0,0.011753278897220798,1.0,375,0,0,323,0,52,0.8613333333333333,0.8613333333333333,52,0.13866666666666666,0.8613333333333333,0.8613333333333333,0.8613333333333333
5.422097735867371e-08,324,324,0,51,0.0,0.0,0.01171742840125394,1.0,375,0,0,324,0,51,0.864,0.864,51,0.136,0.864,0.864,0.864
5.187791359765399e-08,325,325,0,50,0.0,0.0,0.01168179594650424,1.0,375,0,0,325,0,50,0.8666666666666667,0.8666666666666667,50,0.13333333333333333,0.8666666666666667,0.8666666666666667,0.8666666666666667
5.1877884028847016e-08,326,326,0,49,0.0,0.0,0.011646379549826056,1.0,375,0,0,326,0,49,0.8693333333333333,0.8693333333333333,49,0.13066666666666665,0.8693333333333333,0.8693333333333333,0.8693333333333333
5.1877875076556366e-08,327,327,0,48,0.0,0.0,0.01161117725205074,1.0,375,0,0,327,0,48,0.872,0.872,48,0.128,0.872,0.872,0.872
4.9125490940356505e-08,328,328,0,47,0.0,0.0,0.011576187117625359,1.0,375,0,0,328,0,47,0.8746666666666667,0.8746666666666667,47,0.12533333333333332,0.8746666666666667,0.8746666666666667,0.8746666666666667
4.9125466093786546e-08,329,329,0,46,0.0,0.0,0.01154140723425794,1.0,375,0,0,329,0,46,0.8773333333333333,0.8773333333333333,46,0.12266666666666666,0.8773333333333333,0.8773333333333333,0.8773333333333333
4.9125404080843155e-08,330,330,0,45,0.0,0.0,0.011506835712569085,1.0,375,0,0,330,0,45,0.88,0.88,45,0.12,0.88,0.88,0.88
4.230237641628677e-08,331,331,0,44,0.0,0.0,0.011472470685749839,1.0,375,0,0,331,0,44,0.8826666666666667,0.8826666666666667,44,0.11733333333333333,0.8826666666666667,0.8826666666666667,0.8826666666666667
4.2302367784861085e-08,332,332,0,43,0.0,8.673617379884035e-19,0.011438310309225642,1.0,375,0,0,332,0,43,0.8853333333333333,0.8853333333333333,43,0.11466666666666667,0.8853333333333333,0.8853333333333333,0.8853333333333333
4.230235965586166e-08,333,333,0,42,0.0,0.0,0.011404352760326315,1.0,375,0,0,333,0,42,0.888,0.888,42,0.112,0.888,0.888,0.888
3.679502523049625e-08,334,334,0,41,0.0,0.0,0.011370596237961843,1.0,375,0,0,334,0,41,0.8906666666666667,0.8906666666666667,41,0.10933333333333334,0.8906666666666667,0.8906666666666667,0.8906666666666667
3.679500825418443e-08,335,335,0,40,0.0,0.0,0.01133703896230397,1.0,375,0,0,335,0,40,0.8933333333333333,0.8933333333333333,40,0.10666666666666667,0.8933333333333333,0.8933333333333333,0.8933333333333333
3.679500556188877e-08,336,336,0,39,0.0,0.0,0.011303679174473356,1.0,375,0,0,336,0,39,0.896,0.896,39,0.104,0.896,0.896,0.896
3.6670976143549926e-08,337,337,0,38,0.0,8.673617379884035e-19,0.011270515136232284,1.0,375,0,0,337,0,38,0.8986666666666666,0.8986666666666666,38,0.10133333333333333,0.8986666666666666,0.8986666666666666,0.8986666666666666
3.6670957501288115e-08,338,338,0,37,0.0,0.0,0.011237545129682716,1.0,375,0,0,338,0,37,0.9013333333333333,0.9013333333333333,37,0.09866666666666667,0.9013333333333333,0.9013333333333333,0.9013333333333333
3.6670948968177864e-08,339,339,0,36,0.0,0.0,0.011204767456969683,1.0,375,0,0,339,0,36,0.904,0.904,36,0.096,0.904,0.904,0.904
2.829879284393761e-08,340,340,0,35,0.0,0.0,0.011172180439989824,1.0,375,0,0,340,0,35,0.9066666666666666,0.9066666666666666,35,0.09333333333333334,0.9066666666666666,0.9066666666666666,0.9066666666666666
2.8298788566871522e-08,341,341,0,34,0.0,0.0,0.011139782420104985,1.0,375,0,0,341,0,34,0.9093333333333333,0.9093333333333333,34,0.09066666666666667,0.9093333333333333,0.9093333333333333,0.9093333333333333
2.8298784304225358e-08,342,342,0,33,0.0,0.0,0.011107571757860812,1.0,375,0,0,342,0,33,0.912,0.912,33,0.088,0.912,0.912,0.912
2.2442382931597077e-08,343,343,0,32,0.0,0.0,0.011075546832710203,1.0,375,0,0,343,0,32,0.9146666666666666,0.9146666666666666,32,0.08533333333333333,0.9146666666666666,0.9146666666666666,0.9146666666666666
2.2442375001978666e-08,344,344,0,31,0.0,0.0,0.01104370604274152,1.0,375,0,0,344,0,31,0.9173333333333333,0.9173333333333333,31,0.08266666666666667,0.9173333333333333,0.9173333333333333,0.9173333333333333
2.244237469557916e-08,345,345,0,30,0.0,0.0,0.011012047804411488,1.0,375,0,0,345,0,30,0.92,0.92,30,0.08,0.92,0.92,0.92
1.8072924570462173e-08,346,346,0,29,0.0,0.0,0.010980570552282673,1.0,375,0,0,346,0,29,0.9226666666666666,0.9226666666666666,29,0.07733333333333334,0.9226666666666666,0.9226666666666666,0.9226666666666666
1.8072924186364214e-08,347,347,0,28,0.0,0.0,0.010949272738765444,1.0,375,0,0,347,0,28,0.9253333333333333,0.9253333333333333,28,0.07466666666666667,0.9253333333333333,0.9253333333333333,0.9253333333333333
1.8072923103536064e-08,348,348,0,27,0.0,0.0,0.010918152833864339,1.0,375,0,0,348,0,27,0.928,0.928,27,0.072,0.928,0.928,0.928
1.5031774806158783e-08,349,349,0,26,0.0,0.0,0.01088720932492875,1.0,375,0,0,349,0,26,0.9306666666666666,0.9306666666666666,26,0.06933333333333333,0.9306666666666666,0.9306666666666666,0.9306666666666666
1.5031764994363545e-08,350,350,0,25,0.0,0.0,0.010856440716407822,1.0,375,0,0,350,0,25,0.9333333333333333,0.9333333333333333,25,0.06666666666666667,0.9333333333333333,0.9333333333333333,0.9333333333333333
1.5031764930588135e-08,351,351,0,24,0.0,8.673617379884035e-19,0.010825845529609503,1.0,375,0,0,351,0,24,0.936,0.936,24,0.064,0.936,0.936,0.936
1.4647659687829987e-08,352,352,0,23,0.0,0.0,0.01079542230246366,1.0,375,0,0,352,0,23,0.9386666666666666,0.9386666666666666,23,0.06133333333333333,0.9386666666666666,0.9386666666666666,0.9386666666666666
1.4647656808660758e-08,353,353,0,22,0.0,0.0,0.010765169589289185,1.0,375,0,0,353,0,22,0.9413333333333334,0.9413333333333334,22,0.058666666666666666,0.9413333333333334,0.9413333333333334,0.9413333333333334
1.4647652425955834e-08,354,354,0,21,0.0,0.0,0.010735085960564982,1.0,375,0,0,354,0,21,0.944,0.944,21,0.056,0.944,0.944,0.944
9.71567303319899e-09,355,355,0,20,0.0,8.673617379884035e-19,0.010705170002704802,1.0,375,0,0,355,0,20,0.9466666666666667,0.9466666666666667,20,0.05333333333333334,0.9466666666666667,0.9466666666666667,0.9466666666666667
9.715659770825257e-09,356,356,0,19,0.0,8.673617379884035e-19,0.010675420317835835,1.0,375,0,0,356,0,19,0.9493333333333334,0.9493333333333334,19,0.050666666666666665,0.9493333333333334,0.9493333333333334,0.9493333333333334
9.715655535697213e-09,357,357,0,18,0.0,0.0,0.010645835523580971,1.0,375,0,0,357,0,18,0.952,0.952,18,0.048,0.952,0.952,0.952
9.389961438500107e-09,358,358,0,17,0.0,0.0,0.010616414252844672,1.0,375,0,0,358,0,17,0.9546666666666667,0.9546666666666667,17,0.04533333333333334,0.9546666666666667,0.9546666666666667,0.9546666666666667
9.389956736000576e-09,359,359,0,16,0.0,0.0,0.010587155153602403,1.0,375,0,0,359,0,16,0.9573333333333334,0.9573333333333334,16,0.042666666666666665,0.9573333333333334,0.9573333333333334,0.9573333333333334
9.389947245584453e-09,360,360,0,15,0.0,0.0,0.010558056888693507,1.0,375,0,0,360,0,15,0.96,0.96,15,0.04,0.96,0.96,0.96
8.640181539558665e-09,361,361,0,14,0.0,0.0,0.010529118135617526,1.0,375,0,0,361,0,14,0.9626666666666667,0.9626666666666667,14,0.037333333333333336,0.9626666666666667,0.9626666666666667,0.9626666666666667
8.640180946461924e-09,362,362,0,13,0.0,0.0,0.010500337586333805,1.0,375,0,0,362,0,13,0.9653333333333334,0.9653333333333334,13,0.034666666666666665,0.9653333333333334,0.9653333333333334,0.9653333333333334
8.64017639371329e-09,363,363,0,12,0.0,8.673617379884035e-19,0.010471713947064434,1.0,375,0,0,363,0,12,0.968,0.968,12,0.032,0.968,0.968,0.968
7.81920693447738e-09,364,364,0,11,0.0,0.0,0.010443245938100362,1.0,375,0,0,364,0,11,0.9706666666666667,0.9706666666666667,11,0.029333333333333333,0.9706666666666667,0.9706666666666667,0.9706666666666667
7.819205536802994e-09,365,365,0,10,0.0,0.0,0.010414932293610691,1.0,375,0,0,365,0,10,0.9733333333333334,0.9733333333333334,10,0.02666666666666667,0.9733333333333334,0.9733333333333334,0.9733333333333334
7.819203500800354e-09,366,366,0,9,0.0,0.0,0.010386771761455046,1.0,375,0,0,366,0,9,0.976,0.976,9,0.024,0.976,0.976,0.976
4.87514068326871e-09,367,367,0,8,0.0,0.0,0.01035876310299899,1.0,375,0,0,367,0,8,0.9786666666666667,0.9786666666666667,8,0.021333333333333333,0.9786666666666667,0.9786666666666667,0.9786666666666667
4.875126354359054e-09,368,368,0,7,0.0,0.0,0.01033090509293241,1.0,375,0,0,368,0,7,0.9813333333333333,0.9813333333333333,7,0.018666666666666668,0.9813333333333333,0.9813333333333333,0.9813333333333333
4.875120488059093e-09,369,369,0,6,0.0,0.0,0.010303196519090837,1.0,375,0,0,369,0,6,0.984,0.984,6,0.016,0.984,0.984,0.984
4.774473561676151e-09,370,370,0,5,0.0,0.0,0.010275636182279632,1.0,375,0,0,370,0,5,0.9866666666666667,0.9866666666666667,5,0.013333333333333334,0.9866666666666667,0.9866666666666667,0.9866666666666667
4.774465474335476e-09,371,371,0,4,0.0,0.0,0.010248222896100969,1.0,375,0,0,371,0,4,0.9893333333333333,0.9893333333333333,4,0.010666666666666666,0.9893333333333333,0.9893333333333333,0.9893333333333333
4.7744611470090514e-09,372,372,0,3,0.0,0.0,0.010220955486783598,1.0,375,0,0,372,0,3,0.992,0.992,3,0.008,0.992,0.992,0.992
5.982938452117654e-10,373,373,0,2,0.0,0.0,0.010193832793015323,1.0,375,0,0,373,0,2,0.9946666666666667,0.9946666666666667,2,0.005333333333333333,0.9946666666666667,0.9946666666666667,0.9946666666666667
5.982895822984287e-10,374,374,0,1,0.0,0.0,0.010166853665778115,1.0,375,0,0,374,0,1,0.9973333333333333,0.9973333333333333,1,0.0026666666666666666,0.9973333333333333,0.9973333333333333,0.9973333333333333
5.982892345135942e-10,375,375,0,0,0.0,0.0,0.010140016968185867,1.0,375,0,0,375,0,0,1.0,1.0,0,0.0,1.0,1.0,1.0
