scope,value,score,target,truth_count,reportable_truth_count,raw_solver_TP,raw_solver_FP,raw_solver_FN,filtered_TP,filtered_FP,filtered_FN,FDR,all_truth_recall,reportable_truth_recall,TP_retention,filter_induced_true_loss,filter_induced_true_loss_fraction,coverage
GLOBAL,ALL,raw,NONE,3375,3375,3253,3212,122,3253,3212,122,0.49682907965970613,0.9638518518518518,0.9638518518518518,1.0,0,0.0,1.0
GLOBAL,ALL,rho_zero,FDR5,3375,3375,3253,3212,122,3253,112,122,0.03328380386329866,0.9638518518518518,0.9638518518518518,1.0,0,0.0,0.5204949729311679
GLOBAL,ALL,rho_zero,FDR1,3375,3375,3253,3212,122,3253,8,122,0.0024532352039251764,0.9638518518518518,0.9638518518518518,1.0,0,0.0,0.5044083526682135
GLOBAL,ALL,X_hat,FDR5,3375,3375,3253,3212,122,1025,43,2350,0.040262172284644196,0.3037037037037037,0.3037037037037037,0.3150937596065171,2228,0.6849062403934829,0.16519721577726218
GLOBAL,ALL,X_hat,FDR1,3375,3375,3253,3212,122,151,0,3224,0.0,0.04474074074074074,0.04474074074074074,0.04641869043959422,3102,0.9535813095604058,0.023356535189481824
K,50,raw,NONE,250,250,250,430,0,250,430,0,0.6323529411764706,1.0,1.0,1.0,0,0.0,1.0
K,50,rho_zero,FDR5,250,250,250,430,0,250,4,0,0.015748031496062992,1.0,1.0,1.0,0,0.0,0.3735294117647059
K,50,rho_zero,FDR1,250,250,250,430,0,250,0,0,0.0,1.0,1.0,1.0,0,0.0,0.36764705882352944
K,50,X_hat,FDR5,250,250,250,430,0,155,15,95,0.08823529411764706,0.62,0.62,0.62,95,0.38,0.25
K,50,X_hat,FDR1,250,250,250,430,0,79,0,171,0.0,0.316,0.316,0.316,171,0.684,0.1161764705882353
K,75,raw,NONE,375,375,373,534,2,373,534,2,0.5887541345093715,0.9946666666666667,0.9946666666666667,1.0,0,0.0,1.0
K,75,rho_zero,FDR5,375,375,373,534,2,373,12,2,0.03116883116883117,0.9946666666666667,0.9946666666666667,1.0,0,0.0,0.4244762954796031
K,75,rho_zero,FDR1,375,375,373,534,2,373,3,2,0.007978723404255319,0.9946666666666667,0.9946666666666667,1.0,0,0.0,0.4145534729878721
K,75,X_hat,FDR5,375,375,373,534,2,189,10,186,0.05025125628140704,0.504,0.504,0.5067024128686327,184,0.4932975871313673,0.21940463065049615
K,75,X_hat,FDR1,375,375,373,534,2,53,0,322,0.0,0.14133333333333334,0.14133333333333334,0.14209115281501342,320,0.8579088471849866,0.05843439911797133
K,100,raw,NONE,500,500,486,584,14,486,584,14,0.5457943925233645,0.972,0.972,1.0,0,0.0,1.0
K,100,rho_zero,FDR5,500,500,486,584,14,486,21,14,0.04142011834319527,0.972,0.972,1.0,0,0.0,0.4738317757009346
K,100,rho_zero,FDR1,500,500,486,584,14,486,2,14,0.004098360655737705,0.972,0.972,1.0,0,0.0,0.45607476635514016
K,100,X_hat,FDR5,500,500,486,584,14,187,9,313,0.04591836734693878,0.374,0.374,0.38477366255144035,299,0.6152263374485597,0.18317757009345795
K,100,X_hat,FDR1,500,500,486,584,14,13,0,487,0.0,0.026,0.026,0.026748971193415638,473,0.9732510288065843,0.012149532710280374
K,125,raw,NONE,625,625,597,581,28,597,581,28,0.4932088285229202,0.9552,0.9552,1.0,0,0.0,1.0
K,125,rho_zero,FDR5,625,625,597,581,28,597,13,28,0.021311475409836064,0.9552,0.9552,1.0,0,0.0,0.5178268251273345
K,125,rho_zero,FDR1,625,625,597,581,28,597,0,28,0.0,0.9552,0.9552,1.0,0,0.0,0.5067911714770797
K,125,X_hat,FDR5,625,625,597,581,28,193,5,432,0.025252525252525252,0.3088,0.3088,0.3232830820770519,404,0.6767169179229481,0.16808149405772496
K,125,X_hat,FDR1,625,625,597,581,28,5,0,620,0.0,0.008,0.008,0.008375209380234505,592,0.9916247906197655,0.004244482173174873
K,150,raw,NONE,750,750,718,566,32,718,566,32,0.440809968847352,0.9573333333333334,0.9573333333333334,1.0,0,0.0,1.0
K,150,rho_zero,FDR5,750,750,718,566,32,718,19,32,0.025780189959294438,0.9573333333333334,0.9573333333333334,1.0,0,0.0,0.57398753894081
K,150,rho_zero,FDR1,750,750,718,566,32,718,0,32,0.0,0.9573333333333334,0.9573333333333334,1.0,0,0.0,0.559190031152648
K,150,X_hat,FDR5,750,750,718,566,32,165,3,585,0.017857142857142856,0.22,0.22,0.2298050139275766,553,0.7701949860724234,0.1308411214953271
K,150,X_hat,FDR1,750,750,718,566,32,0,0,750,,0.0,0.0,0.0,718,1.0,0.0
K,175,raw,NONE,875,875,829,517,46,829,517,46,0.38410104011887075,0.9474285714285714,0.9474285714285714,1.0,0,0.0,1.0
K,175,rho_zero,FDR5,875,875,829,517,46,829,43,46,0.04931192660550459,0.9474285714285714,0.9474285714285714,1.0,0,0.0,0.6478454680534919
K,175,rho_zero,FDR1,875,875,829,517,46,829,3,46,0.003605769230769231,0.9474285714285714,0.9474285714285714,1.0,0,0.0,0.6181277860326895
K,175,X_hat,FDR5,875,875,829,517,46,136,1,739,0.0072992700729927005,0.15542857142857142,0.15542857142857142,0.1640530759951749,693,0.8359469240048251,0.10178306092124814
K,175,X_hat,FDR1,875,875,829,517,46,1,0,874,0.0,0.001142857142857143,0.001142857142857143,0.0012062726176115801,828,0.9987937273823885,0.0007429420505200594
replicate,R1,raw,NONE,675,675,649,663,26,649,663,26,0.5053353658536586,0.9614814814814815,0.9614814814814815,1.0,0,0.0,1.0
replicate,R1,rho_zero,FDR5,675,675,649,663,26,649,26,26,0.03851851851851852,0.9614814814814815,0.9614814814814815,1.0,0,0.0,0.5144817073170732
replicate,R1,rho_zero,FDR1,675,675,649,663,26,649,2,26,0.0030721966205837174,0.9614814814814815,0.9614814814814815,1.0,0,0.0,0.4961890243902439
replicate,R1,X_hat,FDR5,675,675,649,663,26,197,10,478,0.04830917874396135,0.29185185185185186,0.29185185185185186,0.3035439137134052,452,0.6964560862865947,0.15777439024390244
replicate,R1,X_hat,FDR1,675,675,649,663,26,28,0,647,0.0,0.04148148148148148,0.04148148148148148,0.04314329738058552,621,0.9568567026194145,0.021341463414634148
replicate,R2,raw,NONE,675,675,655,620,20,655,620,20,0.48627450980392156,0.9703703703703703,0.9703703703703703,1.0,0,0.0,1.0
replicate,R2,rho_zero,FDR5,675,675,655,620,20,655,30,20,0.043795620437956206,0.9703703703703703,0.9703703703703703,1.0,0,0.0,0.5372549019607843
replicate,R2,rho_zero,FDR1,675,675,655,620,20,655,3,20,0.004559270516717325,0.9703703703703703,0.9703703703703703,1.0,0,0.0,0.516078431372549
replicate,R2,X_hat,FDR5,675,675,655,620,20,220,7,455,0.030837004405286344,0.32592592592592595,0.32592592592592595,0.33587786259541985,435,0.6641221374045801,0.1780392156862745
replicate,R2,X_hat,FDR1,675,675,655,620,20,35,0,640,0.0,0.05185185185185185,0.05185185185185185,0.05343511450381679,620,0.9465648854961832,0.027450980392156862
replicate,R3,raw,NONE,675,675,649,650,26,649,650,26,0.5003849114703618,0.9614814814814815,0.9614814814814815,1.0,0,0.0,1.0
replicate,R3,rho_zero,FDR5,675,675,649,650,26,649,16,26,0.02406015037593985,0.9614814814814815,0.9614814814814815,1.0,0,0.0,0.5119322555812164
replicate,R3,rho_zero,FDR1,675,675,649,650,26,649,1,26,0.0015384615384615385,0.9614814814814815,0.9614814814814815,1.0,0,0.0,0.5003849114703618
replicate,R3,X_hat,FDR5,675,675,649,650,26,220,7,455,0.030837004405286344,0.32592592592592595,0.32592592592592595,0.3389830508474576,429,0.6610169491525424,0.1747498075442648
replicate,R3,X_hat,FDR1,675,675,649,650,26,31,0,644,0.0,0.045925925925925926,0.045925925925925926,0.04776579352850539,618,0.9522342064714946,0.02386451116243264
replicate,R4,raw,NONE,675,675,651,629,24,651,629,24,0.49140625,0.9644444444444444,0.9644444444444444,1.0,0,0.0,1.0
replicate,R4,rho_zero,FDR5,675,675,651,629,24,651,15,24,0.02252252252252252,0.9644444444444444,0.9644444444444444,1.0,0,0.0,0.5203125
replicate,R4,rho_zero,FDR1,675,675,651,629,24,651,0,24,0.0,0.9644444444444444,0.9644444444444444,1.0,0,0.0,0.50859375
replicate,R4,X_hat,FDR5,675,675,651,629,24,196,10,479,0.04854368932038835,0.2903703703703704,0.2903703703703704,0.3010752688172043,455,0.6989247311827957,0.1609375
replicate,R4,X_hat,FDR1,675,675,651,629,24,29,0,646,0.0,0.04296296296296296,0.04296296296296296,0.0445468509984639,622,0.9554531490015361,0.02265625
replicate,R5,raw,NONE,675,675,649,650,26,649,650,26,0.5003849114703618,0.9614814814814815,0.9614814814814815,1.0,0,0.0,1.0
replicate,R5,rho_zero,FDR5,675,675,649,650,26,649,25,26,0.037091988130563795,0.9614814814814815,0.9614814814814815,1.0,0,0.0,0.5188606620477291
replicate,R5,rho_zero,FDR1,675,675,649,650,26,649,2,26,0.0030721966205837174,0.9614814814814815,0.9614814814814815,1.0,0,0.0,0.5011547344110855
replicate,R5,X_hat,FDR5,675,675,649,650,26,192,9,483,0.04477611940298507,0.28444444444444444,0.28444444444444444,0.29583975346687214,457,0.7041602465331279,0.15473441108545036
replicate,R5,X_hat,FDR1,675,675,649,650,26,28,0,647,0.0,0.04148148148148148,0.04148148148148148,0.04314329738058552,621,0.9568567026194145,0.02155504234026174
