dataset_id,domain,K,split,replicate,lipid_name,lipid_class,X_hat,rho_zero,rho_zero_status,raw_solver_reported,molecular_truth,reportable_truth,candidate_indices
D0__CAL_R2_K125,D0,125,CAL,R2,PA 16:0_24:0,PA,0.006867257200645022,0.0,COMPUTED,True,False,False,[0]
D0__CAL_R2_K125,D0,125,CAL,R2,PA 16:0_24:1,PA,0.0026509413354600343,0.0,COMPUTED,True,False,False,[1]
D0__CAL_R2_K125,D0,125,CAL,R2,PA 16:0_24:2,PA,7.792082447891487e-09,,NOT_COMPUTED,False,False,False,[2]
D0__CAL_R2_K125,D0,125,CAL,R2,PA 16:0_24:3,PA,1.153639397494104e-08,,NOT_COMPUTED,False,False,False,[3]
D0__CAL_R2_K125,D0,125,CAL,R2,PA 16:0_24:4,PA,0.0001507421009955322,,NOT_COMPUTED,False,False,False,[4]
D0__CAL_R2_K125,D0,125,CAL,R2,PA 16:0_24:5,PA,0.0004318072374463479,,NOT_COMPUTED,False,False,False,[5]
D0__CAL_R2_K125,D0,125,CAL,R2,PA 16:1_24:1,PA,8.724003087202542e-07,,NOT_COMPUTED,False,False,False,[7]
D0__CAL_R2_K125,D0,125,CAL,R2,PA 16:1_24:2,PA,0.0,,NOT_COMPUTED,False,False,False,[8]
D0__CAL_R2_K125,D0,125,CAL,R2,PA 16:1_24:3,PA,0.0,,NOT_COMPUTED,False,False,False,[9]
D0__CAL_R2_K125,D0,125,CAL,R2,PA 16:1_24:4,PA,6.40437957826199e-08,,NOT_COMPUTED,False,False,False,[10]
D0__CAL_R2_K125,D0,125,CAL,R2,PA 17:0_24:4,PA,0.0,,NOT_COMPUTED,False,False,False,[123]
D0__CAL_R2_K125,D0,125,CAL,R2,PA 17:1_24:4,PA,0.0,,NOT_COMPUTED,False,False,False,[124]
D0__CAL_R2_K125,D0,125,CAL,R2,PA 18:0_22:0,PA,0.022878529166298504,4.741732262233912e-06,COMPUTED,True,True,True,[11]
D0__CAL_R2_K125,D0,125,CAL,R2,PA 18:0_22:1,PA,0.020781691965610652,1.4773880154995922e-06,COMPUTED,True,True,True,[12]
D0__CAL_R2_K125,D0,125,CAL,R2,PA 18:0_22:2,PA,0.003933066405421953,3.0450729434081666e-26,COMPUTED,True,False,False,[13]
D0__CAL_R2_K125,D0,125,CAL,R2,PA 18:0_22:3,PA,0.000563320031347181,,NOT_COMPUTED,False,False,False,[14]
D0__CAL_R2_K125,D0,125,CAL,R2,PA 18:0_22:4,PA,0.0015739894566766824,0.0,COMPUTED,True,False,False,[15]
D0__CAL_R2_K125,D0,125,CAL,R2,PA 18:0_22:5,PA,0.009306633582087316,1.7570559357810075e-21,COMPUTED,True,False,False,[16]
D0__CAL_R2_K125,D0,125,CAL,R2,PA 18:0_24:0,PA,3.3721489931454424e-06,,NOT_COMPUTED,False,False,False,[17]
D0__CAL_R2_K125,D0,125,CAL,R2,PA 18:0_24:1,PA,3.9357185089024376e-08,,NOT_COMPUTED,False,False,False,[18]
D0__CAL_R2_K125,D0,125,CAL,R2,PA 18:0_24:2,PA,0.000293002174529986,,NOT_COMPUTED,False,False,False,[19]
D0__CAL_R2_K125,D0,125,CAL,R2,PA 18:0_24:3,PA,0.0026045779749814825,3.6681558340570625e-23,COMPUTED,True,False,False,[20]
D0__CAL_R2_K125,D0,125,CAL,R2,PA 18:0_24:4,PA,0.0031783904621298475,2.3395957061313457e-23,COMPUTED,True,False,False,[21]
D0__CAL_R2_K125,D0,125,CAL,R2,PA 18:0_24:5,PA,0.015128036352643277,1.2084406234739438e-06,COMPUTED,True,True,True,[22]
D0__CAL_R2_K125,D0,125,CAL,R2,PA 18:0_24:6,PA,0.0019554346881076505,1.7560719432775676e-23,COMPUTED,True,False,False,[23]
D0__CAL_R2_K125,D0,125,CAL,R2,PA 18:1_22:1,PA,0.002590057744381314,2.251812862929462e-23,COMPUTED,True,False,False,[25]
D0__CAL_R2_K125,D0,125,CAL,R2,PA 18:1_22:2,PA,0.0,,NOT_COMPUTED,False,False,False,[26]
D0__CAL_R2_K125,D0,125,CAL,R2,PA 18:1_22:3,PA,0.0,,NOT_COMPUTED,False,False,False,[27]
D0__CAL_R2_K125,D0,125,CAL,R2,PA 18:1_22:4,PA,0.0009519230663329802,,NOT_COMPUTED,False,False,False,[28]
D0__CAL_R2_K125,D0,125,CAL,R2,PA 18:1_24:1,PA,2.395646143262426e-07,,NOT_COMPUTED,False,False,False,[30]
D0__CAL_R2_K125,D0,125,CAL,R2,PA 18:1_24:2,PA,0.002416455523625719,0.0,COMPUTED,True,False,False,[31]
D0__CAL_R2_K125,D0,125,CAL,R2,PA 18:1_24:3,PA,0.0001676220706104009,,NOT_COMPUTED,False,False,False,[32]
D0__CAL_R2_K125,D0,125,CAL,R2,PA 18:1_24:4,PA,0.0029442683811765,0.0,COMPUTED,True,False,False,[33]
D0__CAL_R2_K125,D0,125,CAL,R2,PA 18:1_24:5,PA,0.009340501825786947,1.6807423190745928e-06,COMPUTED,True,True,True,[34]
D0__CAL_R2_K125,D0,125,CAL,R2,PA 18:1_24:6,PA,0.005635767150731788,3.6346565012806477e-23,COMPUTED,True,False,False,[35]
D0__CAL_R2_K125,D0,125,CAL,R2,PA 18:2_22:2,PA,0.0,,NOT_COMPUTED,False,False,False,[38]
D0__CAL_R2_K125,D0,125,CAL,R2,PA 18:2_22:3,PA,0.002783976108393184,0.0,COMPUTED,True,False,False,[39]
D0__CAL_R2_K125,D0,125,CAL,R2,PA 18:2_24:2,PA,0.00014648387429249467,,NOT_COMPUTED,False,False,False,[42]
D0__CAL_R2_K125,D0,125,CAL,R2,PA 18:2_24:3,PA,0.0009321572848891334,,NOT_COMPUTED,False,False,False,[43]
D0__CAL_R2_K125,D0,125,CAL,R2,PA 18:2_24:4,PA,0.002777743423973353,1.2955604748539e-06,COMPUTED,True,True,True,[44]
D0__CAL_R2_K125,D0,125,CAL,R2,PA 18:2_24:5,PA,0.0018056527780347651,6.642731860705936e-25,COMPUTED,True,False,False,[45]
D0__CAL_R2_K125,D0,125,CAL,R2,PA 18:2_24:6,PA,0.0015903609201285297,0.0,COMPUTED,True,False,False,[46]
D0__CAL_R2_K125,D0,125,CAL,R2,PA 18:3_24:3,PA,3.5300261076885985e-05,,NOT_COMPUTED,False,False,False,[53]
D0__CAL_R2_K125,D0,125,CAL,R2,PA 18:3_24:4,PA,0.0054200597185299,2.8190895226358566e-23,COMPUTED,True,False,False,[54]
D0__CAL_R2_K125,D0,125,CAL,R2,PA 18:3_24:5,PA,0.0022054760847703527,7.061937592603529e-30,COMPUTED,True,False,False,[55]
D0__CAL_R2_K125,D0,125,CAL,R2,PA 18:3_24:6,PA,0.004536397961332099,1.0886701536677825e-26,COMPUTED,True,False,False,[56]
D0__CAL_R2_K125,D0,125,CAL,R2,PA 20:0_20:0,PA,0.007395614433037036,6.782373964583804e-08,COMPUTED,True,True,True,[57]
D0__CAL_R2_K125,D0,125,CAL,R2,PA 20:0_20:1,PA,0.0031275877628337756,6.2411660501045e-22,COMPUTED,True,False,False,[58]
D0__CAL_R2_K125,D0,125,CAL,R2,PA 20:0_20:2,PA,0.004068154669908469,0.0,COMPUTED,True,False,False,[59]
D0__CAL_R2_K125,D0,125,CAL,R2,PA 20:0_20:3,PA,1.835190296930997e-08,,NOT_COMPUTED,False,False,False,[60]
D0__CAL_R2_K125,D0,125,CAL,R2,PA 20:0_20:4,PA,1.917263971683117e-05,,NOT_COMPUTED,False,False,False,[61]
D0__CAL_R2_K125,D0,125,CAL,R2,PA 20:0_20:5,PA,0.0063794044256632165,4.795201071731021e-07,COMPUTED,True,True,True,[62]
D0__CAL_R2_K125,D0,125,CAL,R2,PA 20:0_22:0,PA,0.00043820812393958146,,NOT_COMPUTED,False,False,False,[63]
D0__CAL_R2_K125,D0,125,CAL,R2,PA 20:0_22:1,PA,3.3210499565404474e-05,,NOT_COMPUTED,False,False,False,[64]
D0__CAL_R2_K125,D0,125,CAL,R2,PA 20:0_22:2,PA,0.0,,NOT_COMPUTED,False,False,False,[65]
D0__CAL_R2_K125,D0,125,CAL,R2,PA 20:0_22:3,PA,0.01863074111052628,4.804645581455273e-06,COMPUTED,True,True,True,[66]
D0__CAL_R2_K125,D0,125,CAL,R2,PA 20:0_22:4,PA,0.0015683340684120926,3.96383449771384e-07,COMPUTED,True,True,True,[67]
D0__CAL_R2_K125,D0,125,CAL,R2,PA 20:0_22:5,PA,0.009442487648125714,4.787360217536129e-23,COMPUTED,True,False,False,[68]
D0__CAL_R2_K125,D0,125,CAL,R2,PA 20:0_22:6,PA,0.006126161094861061,7.922980189403603e-23,COMPUTED,True,False,False,[69]
D0__CAL_R2_K125,D0,125,CAL,R2,PA 20:1_20:1,PA,0.020172036849440998,1.3174380141233724e-06,COMPUTED,True,True,True,[70]
D0__CAL_R2_K125,D0,125,CAL,R2,PA 20:1_20:2,PA,0.0,,NOT_COMPUTED,False,False,False,[71]
D0__CAL_R2_K125,D0,125,CAL,R2,PA 20:1_20:3,PA,0.0,,NOT_COMPUTED,False,False,False,[72]
D0__CAL_R2_K125,D0,125,CAL,R2,PA 20:1_20:4,PA,0.0001248842351097955,,NOT_COMPUTED,False,False,False,[73]
D0__CAL_R2_K125,D0,125,CAL,R2,PA 20:1_22:1,PA,6.642001127748627e-05,,NOT_COMPUTED,False,False,False,[75]
D0__CAL_R2_K125,D0,125,CAL,R2,PA 20:1_22:2,PA,0.003344608163794406,2.0307640792562227e-26,COMPUTED,True,False,False,[76]
D0__CAL_R2_K125,D0,125,CAL,R2,PA 20:1_22:3,PA,0.0003040294488328054,,NOT_COMPUTED,False,False,False,[77]
D0__CAL_R2_K125,D0,125,CAL,R2,PA 20:1_22:4,PA,3.5835112830807528e-06,,NOT_COMPUTED,False,False,False,[78]
D0__CAL_R2_K125,D0,125,CAL,R2,PA 20:1_22:5,PA,0.0005443947183605659,,NOT_COMPUTED,False,False,False,[79]
D0__CAL_R2_K125,D0,125,CAL,R2,PA 20:1_22:6,PA,0.0033490937625772856,3.43493673946626e-07,COMPUTED,True,True,True,[80]
D0__CAL_R2_K125,D0,125,CAL,R2,PA 20:2_20:2,PA,0.0,,NOT_COMPUTED,False,False,False,[81]
D0__CAL_R2_K125,D0,125,CAL,R2,PA 20:2_20:3,PA,0.0010404585889211735,0.0,COMPUTED,True,False,False,[82]
D0__CAL_R2_K125,D0,125,CAL,R2,PA 20:2_22:2,PA,1.386792387286154e-05,,NOT_COMPUTED,False,False,False,[85]
D0__CAL_R2_K125,D0,125,CAL,R2,PA 20:2_22:3,PA,0.0,,NOT_COMPUTED,False,False,False,[86]
D0__CAL_R2_K125,D0,125,CAL,R2,PA 20:2_22:4,PA,0.0012199805140936746,0.0,COMPUTED,True,False,False,[87]
D0__CAL_R2_K125,D0,125,CAL,R2,PA 20:2_22:5,PA,4.7469608941099994e-05,,NOT_COMPUTED,False,False,False,[88]
D0__CAL_R2_K125,D0,125,CAL,R2,PA 20:2_22:6,PA,0.001239952040450942,0.0,COMPUTED,True,False,False,[89]
D0__CAL_R2_K125,D0,125,CAL,R2,PA 20:3_22:3,PA,0.0,,NOT_COMPUTED,False,False,False,[93]
D0__CAL_R2_K125,D0,125,CAL,R2,PA 20:3_22:4,PA,0.0,,NOT_COMPUTED,False,False,False,[94]
D0__CAL_R2_K125,D0,125,CAL,R2,PA 20:3_22:5,PA,5.708221994660799e-05,,NOT_COMPUTED,False,False,False,[95]
D0__CAL_R2_K125,D0,125,CAL,R2,PA 20:3_22:6,PA,0.015135480784827357,1.7082854045288134e-05,COMPUTED,True,True,True,[96]
D0__CAL_R2_K125,D0,125,CAL,R2,PA 20:3_24:6,PA,0.006724017806687677,0.0,COMPUTED,True,False,False,[97]
D0__CAL_R2_K125,D0,125,CAL,R2,PA 20:4_22:4,PA,0.0,,NOT_COMPUTED,False,False,False,[102]
D0__CAL_R2_K125,D0,125,CAL,R2,PA 20:4_22:5,PA,0.0002158571056034222,,NOT_COMPUTED,False,False,False,[103]
D0__CAL_R2_K125,D0,125,CAL,R2,PA 20:4_22:6,PA,0.00026334805665877777,,NOT_COMPUTED,False,False,False,[104]
D0__CAL_R2_K125,D0,125,CAL,R2,PA 20:4_24:5,PA,2.8323489446617722e-05,,NOT_COMPUTED,False,False,False,[105]
D0__CAL_R2_K125,D0,125,CAL,R2,PA 20:4_24:6,PA,2.899411468452907e-05,,NOT_COMPUTED,False,False,False,[106]
D0__CAL_R2_K125,D0,125,CAL,R2,PA 20:5_22:5,PA,0.007050671875884083,4.8399286994029e-06,COMPUTED,True,True,True,[112]
D0__CAL_R2_K125,D0,125,CAL,R2,PA 20:5_22:6,PA,0.007013521445778493,1.9738751616008043e-22,COMPUTED,True,False,False,[113]
D0__CAL_R2_K125,D0,125,CAL,R2,PA 20:5_24:5,PA,0.002114783836907335,1.4128110343001585e-22,COMPUTED,True,False,False,[115]
D0__CAL_R2_K125,D0,125,CAL,R2,PA 20:5_24:6,PA,0.003822381684530289,5.305115747449536e-06,COMPUTED,True,True,True,[116]
D0__CAL_R2_K125,D0,125,CAL,R2,PA 22:0_18:1,PA,0.00149339615087262,3.7301298988227274e-26,COMPUTED,True,False,False,[24]
D0__CAL_R2_K125,D0,125,CAL,R2,PA 22:0_18:2,PA,0.012308189873688268,3.799855629431568e-07,COMPUTED,True,True,True,[36]
D0__CAL_R2_K125,D0,125,CAL,R2,PA 22:0_18:3,PA,1.963847868831581e-07,,NOT_COMPUTED,False,False,False,[47]
D0__CAL_R2_K125,D0,125,CAL,R2,PA 22:0_20:1,PA,1.717902009504386e-06,,NOT_COMPUTED,False,False,False,[74]
D0__CAL_R2_K125,D0,125,CAL,R2,PA 22:0_20:2,PA,5.570533418991582e-06,,NOT_COMPUTED,False,False,False,[83]
D0__CAL_R2_K125,D0,125,CAL,R2,PA 22:0_20:3,PA,0.02469437466136688,1.91521607485219e-06,COMPUTED,True,True,True,[90]
D0__CAL_R2_K125,D0,125,CAL,R2,PA 22:0_20:4,PA,4.0646663522812266e-05,,NOT_COMPUTED,False,False,False,[98]
D0__CAL_R2_K125,D0,125,CAL,R2,PA 22:0_20:5,PA,0.001063869285774407,8.311341918598597e-30,COMPUTED,True,False,False,[107]
D0__CAL_R2_K125,D0,125,CAL,R2,PA 22:1_18:2,PA,0.0,,NOT_COMPUTED,False,False,False,[37]
D0__CAL_R2_K125,D0,125,CAL,R2,PA 22:1_18:3,PA,3.2218127072993247e-09,,NOT_COMPUTED,False,False,False,[48]
D0__CAL_R2_K125,D0,125,CAL,R2,PA 22:1_20:2,PA,0.0230931538133144,9.57191092803007e-06,COMPUTED,True,True,True,[84]
D0__CAL_R2_K125,D0,125,CAL,R2,PA 22:1_20:3,PA,0.0031463007374957874,1.782257301642126e-22,COMPUTED,True,False,False,[91]
D0__CAL_R2_K125,D0,125,CAL,R2,PA 22:1_20:4,PA,0.00011983069380643559,,NOT_COMPUTED,False,False,False,[99]
D0__CAL_R2_K125,D0,125,CAL,R2,PA 22:1_20:5,PA,0.004634334012216588,5.369711962415125e-23,COMPUTED,True,False,False,[108]
D0__CAL_R2_K125,D0,125,CAL,R2,PA 22:2_18:3,PA,2.6053543130053745e-05,,NOT_COMPUTED,False,False,False,[49]
D0__CAL_R2_K125,D0,125,CAL,R2,PA 22:2_20:3,PA,0.0,,NOT_COMPUTED,False,False,False,[92]
D0__CAL_R2_K125,D0,125,CAL,R2,PA 22:2_20:4,PA,0.0004200011468841941,,NOT_COMPUTED,False,False,False,[100]
D0__CAL_R2_K125,D0,125,CAL,R2,PA 22:2_20:5,PA,2.4801272839047153e-08,,NOT_COMPUTED,False,False,False,[109]
D0__CAL_R2_K125,D0,125,CAL,R2,PA 22:3_20:4,PA,0.0,,NOT_COMPUTED,False,False,False,[101]
D0__CAL_R2_K125,D0,125,CAL,R2,PA 22:3_20:5,PA,1.558648020597338e-05,,NOT_COMPUTED,False,False,False,[110]
D0__CAL_R2_K125,D0,125,CAL,R2,PA 22:3_22:6,PA,2.834902102626434e-05,,NOT_COMPUTED,False,False,False,[117]
D0__CAL_R2_K125,D0,125,CAL,R2,PA 22:4_20:5,PA,0.00509821153207688,6.322993332996351e-22,COMPUTED,True,False,False,[111]
D0__CAL_R2_K125,D0,125,CAL,R2,PA 22:4_22:5,PA,0.0,,NOT_COMPUTED,False,False,False,[118]
D0__CAL_R2_K125,D0,125,CAL,R2,PA 22:4_22:6,PA,2.799948973826272e-06,,NOT_COMPUTED,False,False,False,[119]
D0__CAL_R2_K125,D0,125,CAL,R2,PA 22:5_22:5,PA,0.0007981283658378497,,NOT_COMPUTED,False,False,False,[120]
D0__CAL_R2_K125,D0,125,CAL,R2,PA 22:5_22:6,PA,0.0009567371442112585,,NOT_COMPUTED,False,False,False,[121]
D0__CAL_R2_K125,D0,125,CAL,R2,PA 22:6_22:6,PA,0.00818209565989147,4.309852967513057e-06,COMPUTED,True,True,True,[122]
D0__CAL_R2_K125,D0,125,CAL,R2,PA 24:0_16:1,PA,1.5891660711711394e-06,,NOT_COMPUTED,False,False,False,[6]
D0__CAL_R2_K125,D0,125,CAL,R2,PA 24:0_18:1,PA,1.055174672153665e-07,,NOT_COMPUTED,False,False,False,[29]
D0__CAL_R2_K125,D0,125,CAL,R2,PA 24:0_18:2,PA,2.400796099209459e-06,,NOT_COMPUTED,False,False,False,[40]
D0__CAL_R2_K125,D0,125,CAL,R2,PA 24:0_18:3,PA,1.9208534097263803e-06,,NOT_COMPUTED,False,False,False,[50]
D0__CAL_R2_K125,D0,125,CAL,R2,PA 24:1_18:2,PA,0.0006831194691885212,,NOT_COMPUTED,False,False,False,[41]
D0__CAL_R2_K125,D0,125,CAL,R2,PA 24:1_18:3,PA,0.0091880006725103,2.3256311728911102e-07,COMPUTED,True,True,True,[51]
D0__CAL_R2_K125,D0,125,CAL,R2,PA 24:2_18:3,PA,0.000300779944218299,,NOT_COMPUTED,False,False,False,[52]
D0__CAL_R2_K125,D0,125,CAL,R2,PA 24:4_20:5,PA,0.0001872149482845266,,NOT_COMPUTED,False,False,False,[114]
D0__CAL_R2_K125,D0,125,CAL,R2,PC 12:0_17:0,PC,0.0,,NOT_COMPUTED,False,False,False,[840]
D0__CAL_R2_K125,D0,125,CAL,R2,PC 12:0_17:1,PC,0.022150661013162598,0.0001145978724800456,COMPUTED,True,True,True,[842]
D0__CAL_R2_K125,D0,125,CAL,R2,PC 12:0_18:0,PC,0.0004707118347577987,,NOT_COMPUTED,False,False,False,"[702, 811]"
D0__CAL_R2_K125,D0,125,CAL,R2,PC 12:0_18:1,PC,0.00014895170121977032,,NOT_COMPUTED,False,False,False,"[703, 812]"
D0__CAL_R2_K125,D0,125,CAL,R2,PC 12:0_18:2,PC,0.0,,NOT_COMPUTED,False,False,False,[813]
D0__CAL_R2_K125,D0,125,CAL,R2,PC 12:0_18:3,PC,0.0006301026250361638,,NOT_COMPUTED,False,False,False,[814]
D0__CAL_R2_K125,D0,125,CAL,R2,PC 12:0_20:0,PC,7.136855334225998e-05,,NOT_COMPUTED,False,False,False,"[704, 815]"
D0__CAL_R2_K125,D0,125,CAL,R2,PC 12:0_20:1,PC,0.00012546437808633258,,NOT_COMPUTED,False,False,False,"[705, 816]"
D0__CAL_R2_K125,D0,125,CAL,R2,PC 12:0_20:2,PC,5.127017292696102e-08,,NOT_COMPUTED,False,False,False,"[706, 817]"
D0__CAL_R2_K125,D0,125,CAL,R2,PC 12:0_20:3,PC,2.2123696546783546e-08,,NOT_COMPUTED,False,False,False,"[707, 818]"
D0__CAL_R2_K125,D0,125,CAL,R2,PC 12:0_20:4,PC,0.0006905684024923915,,NOT_COMPUTED,False,False,False,"[708, 819]"
D0__CAL_R2_K125,D0,125,CAL,R2,PC 12:0_20:5,PC,9.374584290716368e-05,,NOT_COMPUTED,False,False,False,"[709, 820]"
D0__CAL_R2_K125,D0,125,CAL,R2,PC 12:0_22:5,PC,0.008148568222698703,2.5009025620749495e-06,COMPUTED,True,True,True,[710]
D0__CAL_R2_K125,D0,125,CAL,R2,PC 12:0_22:6,PC,3.604870236638053e-08,,NOT_COMPUTED,False,False,False,[711]
D0__CAL_R2_K125,D0,125,CAL,R2,PC 13:0_16:0,PC,8.714171940863374e-06,,NOT_COMPUTED,False,False,False,[830]
D0__CAL_R2_K125,D0,125,CAL,R2,PC 13:0_16:1,PC,0.0026308744007470814,1.30543653676886e-29,COMPUTED,True,False,False,[831]
D0__CAL_R2_K125,D0,125,CAL,R2,PC 13:0_17:0,PC,4.606781629190001e-06,,NOT_COMPUTED,False,False,False,"[744, 844]"
D0__CAL_R2_K125,D0,125,CAL,R2,PC 13:0_17:1,PC,0.00042228713602048446,,NOT_COMPUTED,False,False,False,"[745, 845]"
D0__CAL_R2_K125,D0,125,CAL,R2,PC 13:0_18:0,PC,7.541933221396217e-05,,NOT_COMPUTED,False,False,False,"[722, 832]"
D0__CAL_R2_K125,D0,125,CAL,R2,PC 13:0_18:1,PC,0.0,,NOT_COMPUTED,False,False,False,"[723, 833]"
D0__CAL_R2_K125,D0,125,CAL,R2,PC 13:0_18:2,PC,0.0,,NOT_COMPUTED,False,False,False,"[724, 834]"
D0__CAL_R2_K125,D0,125,CAL,R2,PC 13:0_18:3,PC,6.004731237458535e-05,,NOT_COMPUTED,False,False,False,"[725, 835]"
D0__CAL_R2_K125,D0,125,CAL,R2,PC 13:0_20:0,PC,3.203736007078161e-07,,NOT_COMPUTED,False,False,False,[726]
D0__CAL_R2_K125,D0,125,CAL,R2,PC 13:0_20:1,PC,0.006294174007000478,2.0505513792964656e-06,COMPUTED,True,True,True,[727]
D0__CAL_R2_K125,D0,125,CAL,R2,PC 13:0_20:2,PC,0.00019266996087930234,,NOT_COMPUTED,False,False,False,[728]
D0__CAL_R2_K125,D0,125,CAL,R2,PC 13:0_20:3,PC,0.0,,NOT_COMPUTED,False,False,False,[729]
D0__CAL_R2_K125,D0,125,CAL,R2,PC 13:0_20:4,PC,2.4359498624560127e-05,,NOT_COMPUTED,False,False,False,[730]
D0__CAL_R2_K125,D0,125,CAL,R2,PC 13:0_20:5,PC,3.2736598152024554e-05,,NOT_COMPUTED,False,False,False,"[731, 836]"
D0__CAL_R2_K125,D0,125,CAL,R2,PC 14:0_15:0,PC,0.0004206266774559211,,NOT_COMPUTED,False,False,False,[837]
D0__CAL_R2_K125,D0,125,CAL,R2,PC 14:0_16:0,PC,0.0,,NOT_COMPUTED,False,False,False,"[712, 821]"
D0__CAL_R2_K125,D0,125,CAL,R2,PC 14:0_16:1,PC,2.945372552933548e-06,,NOT_COMPUTED,False,False,False,"[713, 822]"
D0__CAL_R2_K125,D0,125,CAL,R2,PC 14:0_17:0,PC,0.0006952430508971963,,NOT_COMPUTED,False,False,False,"[738, 841]"
D0__CAL_R2_K125,D0,125,CAL,R2,PC 14:0_17:1,PC,3.819493011357398e-05,,NOT_COMPUTED,False,False,False,"[741, 843]"
D0__CAL_R2_K125,D0,125,CAL,R2,PC 14:0_18:0,PC,1.1713759190162818e-07,,NOT_COMPUTED,False,False,False,"[714, 823]"
D0__CAL_R2_K125,D0,125,CAL,R2,PC 14:0_18:1,PC,5.98472826801074e-07,,NOT_COMPUTED,False,False,False,"[715, 824]"
D0__CAL_R2_K125,D0,125,CAL,R2,PC 14:0_18:2,PC,0.0,,NOT_COMPUTED,False,False,False,"[716, 825]"
D0__CAL_R2_K125,D0,125,CAL,R2,PC 14:0_18:3,PC,2.1145463732036585e-07,,NOT_COMPUTED,False,False,False,"[717, 826]"
D0__CAL_R2_K125,D0,125,CAL,R2,PC 14:0_20:5,PC,0.0018878594513023284,5.931265184092871e-21,COMPUTED,True,False,False,[718]
D0__CAL_R2_K125,D0,125,CAL,R2,PC 15:0_15:0,PC,5.149001641764753e-05,,NOT_COMPUTED,False,False,False,"[746, 846]"
D0__CAL_R2_K125,D0,125,CAL,R2,PC 15:0_16:0,PC,1.4843737421389785e-05,,NOT_COMPUTED,False,False,False,"[732, 838]"
D0__CAL_R2_K125,D0,125,CAL,R2,PC 15:0_16:1,PC,2.5798618892710808e-05,,NOT_COMPUTED,False,False,False,"[733, 839]"
D0__CAL_R2_K125,D0,125,CAL,R2,PC 15:0_17:0,PC,0.00043010204617757156,,NOT_COMPUTED,False,False,False,"[747, 847]"
D0__CAL_R2_K125,D0,125,CAL,R2,PC 15:0_17:1,PC,0.0,,NOT_COMPUTED,False,False,False,"[748, 848]"
D0__CAL_R2_K125,D0,125,CAL,R2,PC 15:0_18:0,PC,7.314751974524644e-06,,NOT_COMPUTED,False,False,False,[734]
D0__CAL_R2_K125,D0,125,CAL,R2,PC 15:0_18:1,PC,0.0,,NOT_COMPUTED,False,False,False,[735]
D0__CAL_R2_K125,D0,125,CAL,R2,PC 15:0_18:2,PC,0.0004219551892535949,,NOT_COMPUTED,False,False,False,[736]
D0__CAL_R2_K125,D0,125,CAL,R2,PC 15:0_18:3,PC,0.0,,NOT_COMPUTED,False,False,False,[737]
D0__CAL_R2_K125,D0,125,CAL,R2,PC 16:0_16:0,PC,1.9001409285828678e-05,,NOT_COMPUTED,False,False,False,"[719, 827]"
D0__CAL_R2_K125,D0,125,CAL,R2,PC 16:0_16:1,PC,1.2125604578508564e-08,,NOT_COMPUTED,False,False,False,"[720, 828]"
D0__CAL_R2_K125,D0,125,CAL,R2,PC 16:0_17:0,PC,3.235703969749579e-05,,NOT_COMPUTED,False,False,False,[739]
D0__CAL_R2_K125,D0,125,CAL,R2,PC 16:0_17:1,PC,0.0002222211686501074,,NOT_COMPUTED,False,False,False,[742]
D0__CAL_R2_K125,D0,125,CAL,R2,PC 16:1_16:1,PC,2.6045442917630755e-06,,NOT_COMPUTED,False,False,False,"[721, 829]"
D0__CAL_R2_K125,D0,125,CAL,R2,PC 16:1_17:1,PC,0.019621331725304694,7.944963448019721e-05,COMPUTED,True,True,True,[743]
D0__CAL_R2_K125,D0,125,CAL,R2,PC 17:0_16:1,PC,0.000830730565581911,,NOT_COMPUTED,False,False,False,[740]
D0__CAL_R2_K125,D0,125,CAL,R2,PC O-12:0_18:0,PC,0.0,,NOT_COMPUTED,False,False,False,[849]
D0__CAL_R2_K125,D0,125,CAL,R2,PC O-12:0_18:1,PC,0.013788374340667636,6.202788404049073e-06,COMPUTED,True,True,True,[850]
D0__CAL_R2_K125,D0,125,CAL,R2,PC O-12:0_20:0,PC,2.0277214066547156e-08,,NOT_COMPUTED,False,False,False,"[749, 851]"
D0__CAL_R2_K125,D0,125,CAL,R2,PC O-12:0_20:1,PC,0.0,,NOT_COMPUTED,False,False,False,"[750, 852]"
D0__CAL_R2_K125,D0,125,CAL,R2,PC O-12:0_20:2,PC,0.0,,NOT_COMPUTED,False,False,False,"[751, 853]"
D0__CAL_R2_K125,D0,125,CAL,R2,PC O-12:0_20:3,PC,0.0,,NOT_COMPUTED,False,False,False,"[752, 854]"
D0__CAL_R2_K125,D0,125,CAL,R2,PC O-12:0_20:4,PC,3.658224742494497e-05,,NOT_COMPUTED,False,False,False,"[753, 855]"
D0__CAL_R2_K125,D0,125,CAL,R2,PC O-12:0_20:5,PC,1.3158002976280579e-05,,NOT_COMPUTED,False,False,False,"[754, 856]"
D0__CAL_R2_K125,D0,125,CAL,R2,PC O-12:0_22:0,PC,0.0,,NOT_COMPUTED,False,False,False,[755]
D0__CAL_R2_K125,D0,125,CAL,R2,PC O-12:0_22:1,PC,0.0014179207381365786,2.0803366139926308e-26,COMPUTED,True,False,False,[756]
D0__CAL_R2_K125,D0,125,CAL,R2,PC O-12:0_22:2,PC,0.0,,NOT_COMPUTED,False,False,False,[757]
D0__CAL_R2_K125,D0,125,CAL,R2,PC O-12:0_22:3,PC,2.0645221224497038e-08,,NOT_COMPUTED,False,False,False,[758]
D0__CAL_R2_K125,D0,125,CAL,R2,PC O-12:0_22:4,PC,0.0,,NOT_COMPUTED,False,False,False,[759]
D0__CAL_R2_K125,D0,125,CAL,R2,PC O-12:0_22:5,PC,1.8308477236138575e-07,,NOT_COMPUTED,False,False,False,"[760, 857]"
D0__CAL_R2_K125,D0,125,CAL,R2,PC O-12:0_22:6,PC,2.2652237324125616e-07,,NOT_COMPUTED,False,False,False,"[761, 858]"
D0__CAL_R2_K125,D0,125,CAL,R2,PC O-13:0_17:0,PC,1.1233261901756465e-06,,NOT_COMPUTED,False,False,False,[891]
D0__CAL_R2_K125,D0,125,CAL,R2,PC O-13:0_17:1,PC,0.017430978216186804,1.9556525361822483e-05,COMPUTED,True,True,True,[892]
D0__CAL_R2_K125,D0,125,CAL,R2,PC O-13:0_18:0,PC,5.78993084185228e-05,,NOT_COMPUTED,False,False,False,"[783, 869]"
D0__CAL_R2_K125,D0,125,CAL,R2,PC O-13:0_18:1,PC,3.798541419445821e-05,,NOT_COMPUTED,False,False,False,"[784, 870]"
D0__CAL_R2_K125,D0,125,CAL,R2,PC O-13:0_18:2,PC,8.467029945156896e-05,,NOT_COMPUTED,False,False,False,[871]
D0__CAL_R2_K125,D0,125,CAL,R2,PC O-13:0_18:3,PC,0.02821675625389471,0.00012804724262597416,COMPUTED,True,True,True,[872]
D0__CAL_R2_K125,D0,125,CAL,R2,PC O-13:0_20:0,PC,5.4620850793650445e-05,,NOT_COMPUTED,False,False,False,"[785, 873]"
D0__CAL_R2_K125,D0,125,CAL,R2,PC O-13:0_20:1,PC,6.575953443942989e-05,,NOT_COMPUTED,False,False,False,"[786, 874]"
D0__CAL_R2_K125,D0,125,CAL,R2,PC O-13:0_20:2,PC,1.3802658569561025e-05,,NOT_COMPUTED,False,False,False,"[787, 875]"
D0__CAL_R2_K125,D0,125,CAL,R2,PC O-13:0_20:3,PC,0.0,,NOT_COMPUTED,False,False,False,"[788, 876]"
D0__CAL_R2_K125,D0,125,CAL,R2,PC O-13:0_20:4,PC,0.000220351666078529,,NOT_COMPUTED,False,False,False,"[789, 877]"
D0__CAL_R2_K125,D0,125,CAL,R2,PC O-13:0_20:5,PC,0.0007835584485632236,,NOT_COMPUTED,False,False,False,"[790, 878]"
D0__CAL_R2_K125,D0,125,CAL,R2,PC O-13:0_22:5,PC,3.3817684354693734e-08,,NOT_COMPUTED,False,False,False,[791]
D0__CAL_R2_K125,D0,125,CAL,R2,PC O-13:0_22:6,PC,5.0898929667734044e-05,,NOT_COMPUTED,False,False,False,[792]
D0__CAL_R2_K125,D0,125,CAL,R2,PC O-14:0_16:0,PC,1.912676577165555e-05,,NOT_COMPUTED,False,False,False,[859]
D0__CAL_R2_K125,D0,125,CAL,R2,PC O-14:0_16:1,PC,0.01986301700985443,8.63834610193324e-06,COMPUTED,True,True,True,[860]
D0__CAL_R2_K125,D0,125,CAL,R2,PC O-14:0_17:0,PC,8.024070166032507e-05,,NOT_COMPUTED,False,False,False,"[800, 885]"
D0__CAL_R2_K125,D0,125,CAL,R2,PC O-14:0_17:1,PC,7.651156195037572e-09,,NOT_COMPUTED,False,False,False,"[803, 888]"
D0__CAL_R2_K125,D0,125,CAL,R2,PC O-14:0_18:0,PC,0.0007452896271816468,,NOT_COMPUTED,False,False,False,"[762, 861]"
D0__CAL_R2_K125,D0,125,CAL,R2,PC O-14:0_18:1,PC,1.5671976543261016e-05,,NOT_COMPUTED,False,False,False,"[763, 862]"
D0__CAL_R2_K125,D0,125,CAL,R2,PC O-14:0_18:2,PC,5.764015606684083e-07,,NOT_COMPUTED,False,False,False,"[764, 863]"
D0__CAL_R2_K125,D0,125,CAL,R2,PC O-14:0_18:3,PC,6.635037118220454e-07,,NOT_COMPUTED,False,False,False,"[765, 864]"
D0__CAL_R2_K125,D0,125,CAL,R2,PC O-14:0_20:0,PC,0.0,,NOT_COMPUTED,False,False,False,[766]
D0__CAL_R2_K125,D0,125,CAL,R2,PC O-14:0_20:1,PC,0.00021936561884744132,,NOT_COMPUTED,False,False,False,[767]
D0__CAL_R2_K125,D0,125,CAL,R2,PC O-14:0_20:2,PC,3.3259131340949375e-05,,NOT_COMPUTED,False,False,False,[768]
D0__CAL_R2_K125,D0,125,CAL,R2,PC O-14:0_20:3,PC,0.0,,NOT_COMPUTED,False,False,False,[769]
D0__CAL_R2_K125,D0,125,CAL,R2,PC O-14:0_20:4,PC,1.4996396954067639e-05,,NOT_COMPUTED,False,False,False,[770]
D0__CAL_R2_K125,D0,125,CAL,R2,PC O-14:0_20:5,PC,1.4555974760384697e-05,,NOT_COMPUTED,False,False,False,"[771, 865]"
D0__CAL_R2_K125,D0,125,CAL,R2,PC O-15:0_15:0,PC,1.7417780935889924e-06,,NOT_COMPUTED,False,False,False,[893]
D0__CAL_R2_K125,D0,125,CAL,R2,PC O-15:0_16:0,PC,2.6654465583482916e-07,,NOT_COMPUTED,False,False,False,"[793, 879]"
D0__CAL_R2_K125,D0,125,CAL,R2,PC O-15:0_16:1,PC,8.014428821164363e-07,,NOT_COMPUTED,False,False,False,"[794, 880]"
D0__CAL_R2_K125,D0,125,CAL,R2,PC O-15:0_17:0,PC,0.0,,NOT_COMPUTED,False,False,False,"[806, 894]"
D0__CAL_R2_K125,D0,125,CAL,R2,PC O-15:0_17:1,PC,0.0,,NOT_COMPUTED,False,False,False,"[807, 895]"
D0__CAL_R2_K125,D0,125,CAL,R2,PC O-15:0_18:0,PC,0.0,,NOT_COMPUTED,False,False,False,"[795, 881]"
D0__CAL_R2_K125,D0,125,CAL,R2,PC O-15:0_18:1,PC,0.0,,NOT_COMPUTED,False,False,False,"[796, 882]"
D0__CAL_R2_K125,D0,125,CAL,R2,PC O-15:0_18:2,PC,0.0,,NOT_COMPUTED,False,False,False,"[797, 883]"
D0__CAL_R2_K125,D0,125,CAL,R2,PC O-15:0_18:3,PC,2.2488527221122611e-07,,NOT_COMPUTED,False,False,False,"[798, 884]"
D0__CAL_R2_K125,D0,125,CAL,R2,PC O-15:0_20:5,PC,0.0,,NOT_COMPUTED,False,False,False,[799]
D0__CAL_R2_K125,D0,125,CAL,R2,PC O-16:0_16:0,PC,0.0,,NOT_COMPUTED,False,False,False,"[772, 866]"
D0__CAL_R2_K125,D0,125,CAL,R2,PC O-16:0_16:1,PC,1.1455069240915958e-07,,NOT_COMPUTED,False,False,False,"[773, 867]"
D0__CAL_R2_K125,D0,125,CAL,R2,PC O-16:0_17:0,PC,0.0,,NOT_COMPUTED,False,False,False,"[801, 886]"
D0__CAL_R2_K125,D0,125,CAL,R2,PC O-16:0_17:1,PC,0.0,,NOT_COMPUTED,False,False,False,"[804, 889]"
D0__CAL_R2_K125,D0,125,CAL,R2,PC O-16:0_18:0,PC,0.0,,NOT_COMPUTED,False,False,False,[774]
D0__CAL_R2_K125,D0,125,CAL,R2,PC O-16:0_18:1,PC,0.006152764704776692,0.0,COMPUTED,True,False,False,[775]
D0__CAL_R2_K125,D0,125,CAL,R2,PC O-16:0_18:2,PC,0.006726566663797508,0.0,COMPUTED,True,False,False,[776]
D0__CAL_R2_K125,D0,125,CAL,R2,PC O-16:0_18:3,PC,0.02167782816161245,1.0474993694611786e-05,COMPUTED,True,True,True,[777]
D0__CAL_R2_K125,D0,125,CAL,R2,PC O-16:1_16:1,PC,1.5558786496209602e-06,,NOT_COMPUTED,False,False,False,"[778, 868]"
D0__CAL_R2_K125,D0,125,CAL,R2,PC O-16:1_17:0,PC,4.365609852562892e-07,,NOT_COMPUTED,False,False,False,"[802, 887]"
D0__CAL_R2_K125,D0,125,CAL,R2,PC O-16:1_17:1,PC,2.8029954648990974e-05,,NOT_COMPUTED,False,False,False,"[805, 890]"
D0__CAL_R2_K125,D0,125,CAL,R2,PC O-16:1_18:0,PC,0.004593077043727688,1.6182328587790998e-06,COMPUTED,True,True,True,[779]
D0__CAL_R2_K125,D0,125,CAL,R2,PC O-16:1_18:1,PC,0.0035188983941986675,1.2670907901329034e-26,COMPUTED,True,False,False,[780]
D0__CAL_R2_K125,D0,125,CAL,R2,PC O-16:1_18:2,PC,0.013194434103294666,0.0,COMPUTED,True,False,False,[781]
D0__CAL_R2_K125,D0,125,CAL,R2,PC O-16:1_18:3,PC,2.0214345970321553e-08,,NOT_COMPUTED,False,False,False,[782]
D0__CAL_R2_K125,D0,125,CAL,R2,PC O-17:0_17:0,PC,0.0,,NOT_COMPUTED,False,False,False,[808]
D0__CAL_R2_K125,D0,125,CAL,R2,PC O-17:0_17:1,PC,0.0008550772683170403,,NOT_COMPUTED,False,False,False,[809]
D0__CAL_R2_K125,D0,125,CAL,R2,PC O-17:1_17:1,PC,0.0013525018216815018,4.2548395720023523e-07,COMPUTED,True,True,True,[810]
D0__CAL_R2_K125,D0,125,CAL,R2,PE 13:0_24:4,PE,0.00022003744498596997,,NOT_COMPUTED,False,False,False,[311]
D0__CAL_R2_K125,D0,125,CAL,R2,PE 14:0_24:0,PE,0.0064474354508483244,7.730756768116587e-07,COMPUTED,True,True,True,[218]
D0__CAL_R2_K125,D0,125,CAL,R2,PE 14:0_24:1,PE,0.0007268257178074226,,NOT_COMPUTED,False,False,False,[219]
D0__CAL_R2_K125,D0,125,CAL,R2,PE 14:0_24:2,PE,0.0019006467946486856,4.571026876642565e-07,COMPUTED,True,True,True,[220]
D0__CAL_R2_K125,D0,125,CAL,R2,PE 14:0_24:3,PE,0.002849910643634699,3.5468198922997406e-07,COMPUTED,True,True,True,[221]
D0__CAL_R2_K125,D0,125,CAL,R2,PE 14:0_24:4,PE,0.0009649681285072273,,NOT_COMPUTED,False,False,False,[222]
D0__CAL_R2_K125,D0,125,CAL,R2,PE 14:0_24:5,PE,0.0022293057264329346,1.7404408206701087e-22,COMPUTED,True,False,False,[223]
D0__CAL_R2_K125,D0,125,CAL,R2,PE 14:0_24:6,PE,0.0009585330697169358,,NOT_COMPUTED,False,False,False,[224]
D0__CAL_R2_K125,D0,125,CAL,R2,PE 15:0_22:0,PE,0.003273664136596962,2.032263272035854e-26,COMPUTED,True,False,False,[312]
D0__CAL_R2_K125,D0,125,CAL,R2,PE 15:0_22:1,PE,0.009904715207127213,1.929888986166123e-24,COMPUTED,True,False,False,[313]
D0__CAL_R2_K125,D0,125,CAL,R2,PE 15:0_22:2,PE,0.013286736028630723,1.6600322933913137e-06,COMPUTED,True,True,True,[314]
D0__CAL_R2_K125,D0,125,CAL,R2,PE 15:0_22:3,PE,0.004774635265583421,6.070837584353403e-25,COMPUTED,True,False,False,[315]
D0__CAL_R2_K125,D0,125,CAL,R2,PE 15:0_22:4,PE,0.009356970102157025,7.064401478571271e-07,COMPUTED,True,True,True,[316]
D0__CAL_R2_K125,D0,125,CAL,R2,PE 15:0_22:5,PE,0.0075688530563385705,3.8014409820683936e-22,COMPUTED,True,False,False,[317]
D0__CAL_R2_K125,D0,125,CAL,R2,PE 15:0_22:6,PE,0.0018026729610658946,0.0,COMPUTED,True,False,False,[318]
D0__CAL_R2_K125,D0,125,CAL,R2,PE 15:0_24:4,PE,2.671719215298357e-07,,NOT_COMPUTED,False,False,False,[319]
D0__CAL_R2_K125,D0,125,CAL,R2,PE 16:0_22:0,PE,0.0008741272628219258,,NOT_COMPUTED,False,False,False,[225]
D0__CAL_R2_K125,D0,125,CAL,R2,PE 16:0_22:1,PE,0.0047457457694654636,2.506847113207185e-23,COMPUTED,True,False,False,[226]
D0__CAL_R2_K125,D0,125,CAL,R2,PE 16:0_22:2,PE,0.0022139901418018375,0.0,COMPUTED,True,False,False,[227]
D0__CAL_R2_K125,D0,125,CAL,R2,PE 16:0_22:3,PE,0.0022450033989645226,0.0,COMPUTED,True,False,False,[228]
D0__CAL_R2_K125,D0,125,CAL,R2,PE 16:0_22:4,PE,0.0021667607296026125,0.0,COMPUTED,True,False,False,[229]
D0__CAL_R2_K125,D0,125,CAL,R2,PE 16:0_22:5,PE,0.01039348030873265,2.1540075764588577e-06,COMPUTED,True,True,True,[230]
D0__CAL_R2_K125,D0,125,CAL,R2,PE 16:0_22:6,PE,0.0009010416253206491,,NOT_COMPUTED,False,False,False,[231]
D0__CAL_R2_K125,D0,125,CAL,R2,PE 16:0_24:3,PE,0.002837557693310783,0.0,COMPUTED,True,False,False,[232]
D0__CAL_R2_K125,D0,125,CAL,R2,PE 16:0_24:4,PE,4.863628710290267e-05,,NOT_COMPUTED,False,False,False,[233]
D0__CAL_R2_K125,D0,125,CAL,R2,PE 16:0_24:5,PE,0.0018114661619667407,0.0,COMPUTED,True,False,False,[234]
D0__CAL_R2_K125,D0,125,CAL,R2,PE 16:0_24:6,PE,5.789591469790911e-05,,NOT_COMPUTED,False,False,False,[235]
D0__CAL_R2_K125,D0,125,CAL,R2,PE 16:1_22:1,PE,0.008921317896761122,2.032222441034096e-07,COMPUTED,True,True,True,[237]
D0__CAL_R2_K125,D0,125,CAL,R2,PE 16:1_22:2,PE,3.885544264169707e-08,,NOT_COMPUTED,False,False,False,[238]
D0__CAL_R2_K125,D0,125,CAL,R2,PE 16:1_22:3,PE,0.0001679302341824401,,NOT_COMPUTED,False,False,False,[239]
D0__CAL_R2_K125,D0,125,CAL,R2,PE 16:1_22:4,PE,0.01635800463969336,2.2782026861646352e-07,COMPUTED,True,True,True,[240]
D0__CAL_R2_K125,D0,125,CAL,R2,PE 16:1_22:5,PE,0.015608532238858289,0.0,COMPUTED,True,False,False,[241]
D0__CAL_R2_K125,D0,125,CAL,R2,PE 16:1_22:6,PE,0.0015877618328007735,0.0,COMPUTED,True,False,False,[242]
D0__CAL_R2_K125,D0,125,CAL,R2,PE 16:1_24:2,PE,0.002823507595081978,9.425979382507165e-32,COMPUTED,True,False,False,[243]
D0__CAL_R2_K125,D0,125,CAL,R2,PE 16:1_24:3,PE,1.4574559114384697e-05,,NOT_COMPUTED,False,False,False,[244]
D0__CAL_R2_K125,D0,125,CAL,R2,PE 16:1_24:4,PE,0.00139583326710166,3.069465452809208e-29,COMPUTED,True,False,False,[245]
D0__CAL_R2_K125,D0,125,CAL,R2,PE 16:1_24:5,PE,0.0,,NOT_COMPUTED,False,False,False,[246]
D0__CAL_R2_K125,D0,125,CAL,R2,PE 16:1_24:6,PE,0.0011302754812694373,0.0,COMPUTED,True,False,False,[247]
D0__CAL_R2_K125,D0,125,CAL,R2,PE 17:0_20:0,PE,0.0011927599609217808,4.041511691151625e-24,COMPUTED,True,False,False,[320]
D0__CAL_R2_K125,D0,125,CAL,R2,PE 17:0_20:1,PE,0.003552284780835248,0.0,COMPUTED,True,False,False,[321]
D0__CAL_R2_K125,D0,125,CAL,R2,PE 17:0_20:2,PE,0.004829473964820045,5.521838037548866e-23,COMPUTED,True,False,False,[322]
D0__CAL_R2_K125,D0,125,CAL,R2,PE 17:0_20:3,PE,0.0,,NOT_COMPUTED,False,False,False,[323]
D0__CAL_R2_K125,D0,125,CAL,R2,PE 17:0_20:4,PE,0.008357148894639236,2.1314953372762177e-23,COMPUTED,True,False,False,[324]
D0__CAL_R2_K125,D0,125,CAL,R2,PE 17:0_20:5,PE,0.0229206755992784,2.017108031126235e-05,COMPUTED,True,True,True,[325]
D0__CAL_R2_K125,D0,125,CAL,R2,PE 17:0_22:0,PE,9.544693963111052e-05,,NOT_COMPUTED,False,False,False,[326]
D0__CAL_R2_K125,D0,125,CAL,R2,PE 17:0_22:1,PE,0.00012566784676787903,,NOT_COMPUTED,False,False,False,[327]
D0__CAL_R2_K125,D0,125,CAL,R2,PE 17:0_22:2,PE,0.001401994005220425,0.0,COMPUTED,True,False,False,[328]
D0__CAL_R2_K125,D0,125,CAL,R2,PE 17:0_22:3,PE,0.0009290216937387971,,NOT_COMPUTED,False,False,False,[329]
D0__CAL_R2_K125,D0,125,CAL,R2,PE 17:0_22:4,PE,0.0010664289807787838,1.8634564346311175e-23,COMPUTED,True,False,False,[330]
D0__CAL_R2_K125,D0,125,CAL,R2,PE 17:0_22:5,PE,0.0002525681776352791,,NOT_COMPUTED,False,False,False,[331]
D0__CAL_R2_K125,D0,125,CAL,R2,PE 17:0_22:6,PE,0.00015392331256225907,,NOT_COMPUTED,False,False,False,[332]
D0__CAL_R2_K125,D0,125,CAL,R2,PE 17:1_20:1,PE,0.006144323249554879,2.401900219566287e-26,COMPUTED,True,False,False,[334]
D0__CAL_R2_K125,D0,125,CAL,R2,PE 17:1_20:2,PE,1.2048246116245853e-05,,NOT_COMPUTED,False,False,False,[335]
D0__CAL_R2_K125,D0,125,CAL,R2,PE 17:1_20:3,PE,0.0249880328193662,6.967404277355258e-06,COMPUTED,True,True,True,[336]
D0__CAL_R2_K125,D0,125,CAL,R2,PE 17:1_20:4,PE,0.0028120354830410213,7.348598259706836e-29,COMPUTED,True,False,False,[337]
D0__CAL_R2_K125,D0,125,CAL,R2,PE 17:1_20:5,PE,1.2162449762929509e-05,,NOT_COMPUTED,False,False,False,[338]
D0__CAL_R2_K125,D0,125,CAL,R2,PE 17:1_22:1,PE,2.1582354946125132e-05,,NOT_COMPUTED,False,False,False,[340]
D0__CAL_R2_K125,D0,125,CAL,R2,PE 17:1_22:2,PE,0.009383768779497158,1.229474232333361e-29,COMPUTED,True,False,False,[341]
D0__CAL_R2_K125,D0,125,CAL,R2,PE 17:1_22:3,PE,0.009730475161159097,1.590019291255634e-07,COMPUTED,True,True,True,[342]
D0__CAL_R2_K125,D0,125,CAL,R2,PE 17:1_22:4,PE,0.012174309423525853,4.037303357872374e-22,COMPUTED,True,False,False,[343]
D0__CAL_R2_K125,D0,125,CAL,R2,PE 17:1_22:5,PE,0.010013324062707723,0.0,COMPUTED,True,False,False,[344]
D0__CAL_R2_K125,D0,125,CAL,R2,PE 17:1_22:6,PE,0.009183319189298779,2.525574708341446e-06,COMPUTED,True,True,True,[345]
D0__CAL_R2_K125,D0,125,CAL,R2,PE 18:0_20:0,PE,0.0009921347380269236,,NOT_COMPUTED,False,False,False,[248]
D0__CAL_R2_K125,D0,125,CAL,R2,PE 18:0_20:1,PE,0.0006508658846280259,,NOT_COMPUTED,False,False,False,[249]
D0__CAL_R2_K125,D0,125,CAL,R2,PE 18:0_20:2,PE,0.0014419731863952675,0.0,COMPUTED,True,False,False,[250]
D0__CAL_R2_K125,D0,125,CAL,R2,PE 18:0_20:3,PE,0.0005107007677194585,,NOT_COMPUTED,False,False,False,[251]
D0__CAL_R2_K125,D0,125,CAL,R2,PE 18:0_20:4,PE,1.4432062224875299e-05,,NOT_COMPUTED,False,False,False,[252]
D0__CAL_R2_K125,D0,125,CAL,R2,PE 18:0_20:5,PE,0.0038646551555956933,0.0,COMPUTED,True,False,False,[253]
D0__CAL_R2_K125,D0,125,CAL,R2,PE 18:0_22:3,PE,0.0010144664943122273,2.4800744605028118e-23,COMPUTED,True,False,False,[254]
D0__CAL_R2_K125,D0,125,CAL,R2,PE 18:0_22:4,PE,0.008393778291708452,2.6008739884479854e-26,COMPUTED,True,False,False,[255]
D0__CAL_R2_K125,D0,125,CAL,R2,PE 18:0_22:5,PE,0.0007925254354544983,,NOT_COMPUTED,False,True,True,[256]
D0__CAL_R2_K125,D0,125,CAL,R2,PE 18:0_22:6,PE,4.6649111930139256e-07,,NOT_COMPUTED,False,False,False,[257]
D0__CAL_R2_K125,D0,125,CAL,R2,PE 18:1_20:1,PE,0.0007381432110853197,,NOT_COMPUTED,False,False,False,[259]
D0__CAL_R2_K125,D0,125,CAL,R2,PE 18:1_20:2,PE,0.0006031979242940551,,NOT_COMPUTED,False,False,False,[260]
D0__CAL_R2_K125,D0,125,CAL,R2,PE 18:1_20:3,PE,0.0019825939741555804,0.0,COMPUTED,True,False,False,[261]
D0__CAL_R2_K125,D0,125,CAL,R2,PE 18:1_20:4,PE,0.0024097605410713257,2.0856992631295476e-25,COMPUTED,True,False,False,[262]
D0__CAL_R2_K125,D0,125,CAL,R2,PE 18:1_20:5,PE,9.422219671821877e-05,,NOT_COMPUTED,False,False,False,[263]
D0__CAL_R2_K125,D0,125,CAL,R2,PE 18:1_22:2,PE,0.00616530526275308,0.0,COMPUTED,True,False,False,[264]
D0__CAL_R2_K125,D0,125,CAL,R2,PE 18:1_22:3,PE,0.010115307999554509,0.0,COMPUTED,True,False,False,[265]
D0__CAL_R2_K125,D0,125,CAL,R2,PE 18:1_22:4,PE,0.013726878878726633,7.15183896773542e-24,COMPUTED,True,False,False,[266]
D0__CAL_R2_K125,D0,125,CAL,R2,PE 18:1_22:5,PE,0.004005068499288539,1.1722593089794727e-23,COMPUTED,True,False,False,[267]
D0__CAL_R2_K125,D0,125,CAL,R2,PE 18:1_22:6,PE,0.013894056192023888,3.9270110712362695e-06,COMPUTED,True,True,True,[268]
D0__CAL_R2_K125,D0,125,CAL,R2,PE 18:2_20:2,PE,3.3316316738765564e-05,,NOT_COMPUTED,False,False,False,[271]
D0__CAL_R2_K125,D0,125,CAL,R2,PE 18:2_20:3,PE,0.0031887972844630605,0.0,COMPUTED,True,False,False,[272]
D0__CAL_R2_K125,D0,125,CAL,R2,PE 18:2_20:4,PE,0.0008591183325303603,,NOT_COMPUTED,False,False,False,[273]
D0__CAL_R2_K125,D0,125,CAL,R2,PE 18:2_20:5,PE,7.2349589236999215e-06,,NOT_COMPUTED,False,False,False,[274]
D0__CAL_R2_K125,D0,125,CAL,R2,PE 18:2_22:2,PE,4.357715816545701e-06,,NOT_COMPUTED,False,False,False,[276]
D0__CAL_R2_K125,D0,125,CAL,R2,PE 18:2_22:3,PE,6.219422008185025e-05,,NOT_COMPUTED,False,False,False,[277]
D0__CAL_R2_K125,D0,125,CAL,R2,PE 18:2_22:4,PE,0.0007701618044354993,,NOT_COMPUTED,False,True,True,[278]
D0__CAL_R2_K125,D0,125,CAL,R2,PE 18:2_22:5,PE,0.008883548266899657,0.0,COMPUTED,True,False,False,[279]
D0__CAL_R2_K125,D0,125,CAL,R2,PE 18:2_22:6,PE,0.0011484465862926282,1.8796610091765041e-26,COMPUTED,True,False,False,[280]
D0__CAL_R2_K125,D0,125,CAL,R2,PE 18:3_20:3,PE,0.0005418516120674321,,NOT_COMPUTED,False,False,False,[284]
D0__CAL_R2_K125,D0,125,CAL,R2,PE 18:3_20:4,PE,0.007088502389153854,1.0222974241879376e-24,COMPUTED,True,False,False,[285]
D0__CAL_R2_K125,D0,125,CAL,R2,PE 18:3_20:5,PE,0.00043614851811565804,,NOT_COMPUTED,False,False,False,[286]
D0__CAL_R2_K125,D0,125,CAL,R2,PE 18:3_22:3,PE,0.017756519504047535,6.624162908199277e-06,COMPUTED,True,True,True,[290]
D0__CAL_R2_K125,D0,125,CAL,R2,PE 18:3_22:4,PE,0.00021263100853391597,,NOT_COMPUTED,False,False,False,[291]
D0__CAL_R2_K125,D0,125,CAL,R2,PE 18:3_22:5,PE,0.0033781319299455675,3.224659566689069e-22,COMPUTED,True,False,False,[292]
D0__CAL_R2_K125,D0,125,CAL,R2,PE 18:3_22:6,PE,0.007673205049418594,5.475258861770473e-07,COMPUTED,True,True,True,[293]
D0__CAL_R2_K125,D0,125,CAL,R2,PE 20:0_17:1,PE,0.00012651679368327328,,NOT_COMPUTED,False,False,False,[333]
D0__CAL_R2_K125,D0,125,CAL,R2,PE 20:0_18:1,PE,0.005232514086821858,3.5885104174325413e-07,COMPUTED,True,True,True,[258]
D0__CAL_R2_K125,D0,125,CAL,R2,PE 20:0_18:2,PE,0.0013709939400096754,0.0,COMPUTED,True,False,False,[269]
D0__CAL_R2_K125,D0,125,CAL,R2,PE 20:0_18:3,PE,0.0016672424332125919,0.0,COMPUTED,True,False,False,[281]
D0__CAL_R2_K125,D0,125,CAL,R2,PE 20:0_20:3,PE,0.016505947029773642,8.806877797531933e-08,COMPUTED,True,True,True,[294]
D0__CAL_R2_K125,D0,125,CAL,R2,PE 20:0_20:4,PE,0.0017066932361444267,0.0,COMPUTED,True,False,False,[295]
D0__CAL_R2_K125,D0,125,CAL,R2,PE 20:0_20:5,PE,2.2279155114993347e-05,,NOT_COMPUTED,False,False,False,[296]
D0__CAL_R2_K125,D0,125,CAL,R2,PE 20:1_18:2,PE,1.936689705727594e-05,,NOT_COMPUTED,False,False,False,[270]
D0__CAL_R2_K125,D0,125,CAL,R2,PE 20:1_18:3,PE,1.610962750705729e-07,,NOT_COMPUTED,False,False,False,[282]
D0__CAL_R2_K125,D0,125,CAL,R2,PE 20:1_20:2,PE,0.002673625399387351,1.6949978484441197e-26,COMPUTED,True,False,False,[297]
D0__CAL_R2_K125,D0,125,CAL,R2,PE 20:1_20:3,PE,0.0010457216462984244,0.0,COMPUTED,True,False,False,[298]
D0__CAL_R2_K125,D0,125,CAL,R2,PE 20:1_20:4,PE,0.0010120517396629573,0.0,COMPUTED,True,False,False,[299]
D0__CAL_R2_K125,D0,125,CAL,R2,PE 20:1_20:5,PE,6.809999919744845e-06,,NOT_COMPUTED,False,False,False,[300]
D0__CAL_R2_K125,D0,125,CAL,R2,PE 20:2_18:3,PE,0.007984089904817644,3.1378431744809937e-07,COMPUTED,True,True,True,[283]
D0__CAL_R2_K125,D0,125,CAL,R2,PE 20:2_20:2,PE,0.0020167659491570154,0.0,COMPUTED,True,False,False,[301]
D0__CAL_R2_K125,D0,125,CAL,R2,PE 20:2_20:3,PE,0.003838687767602523,2.385732688721627e-07,COMPUTED,True,True,True,[302]
D0__CAL_R2_K125,D0,125,CAL,R2,PE 20:2_20:4,PE,2.9100146214712293e-05,,NOT_COMPUTED,False,False,False,[303]
D0__CAL_R2_K125,D0,125,CAL,R2,PE 20:2_20:5,PE,0.0032098421301198616,1.9864460659677493e-26,COMPUTED,True,False,False,[304]
D0__CAL_R2_K125,D0,125,CAL,R2,PE 20:3_20:3,PE,0.002251088233219483,3.563579316409764e-24,COMPUTED,True,False,False,[305]
D0__CAL_R2_K125,D0,125,CAL,R2,PE 20:3_20:4,PE,0.007045897080908716,0.0,COMPUTED,True,False,False,[306]
D0__CAL_R2_K125,D0,125,CAL,R2,PE 20:3_20:5,PE,0.002266134288786503,0.0,COMPUTED,True,False,False,[307]
D0__CAL_R2_K125,D0,125,CAL,R2,PE 20:4_20:4,PE,0.009842997205929616,4.2627693670262915e-06,COMPUTED,True,True,True,[308]
D0__CAL_R2_K125,D0,125,CAL,R2,PE 20:4_20:5,PE,0.003265658683563481,2.151958058705014e-22,COMPUTED,True,False,False,[309]
D0__CAL_R2_K125,D0,125,CAL,R2,PE 20:5_20:5,PE,0.0024155873381240937,0.0,COMPUTED,True,False,False,[310]
D0__CAL_R2_K125,D0,125,CAL,R2,PE 22:0_16:1,PE,0.0036586006269387307,0.0,COMPUTED,True,False,False,[236]
D0__CAL_R2_K125,D0,125,CAL,R2,PE 22:0_17:1,PE,0.0,,NOT_COMPUTED,False,False,False,[339]
D0__CAL_R2_K125,D0,125,CAL,R2,PE 22:0_18:3,PE,0.0070753931423388604,0.0,COMPUTED,True,False,False,[287]
D0__CAL_R2_K125,D0,125,CAL,R2,PE 22:1_18:2,PE,0.028316465950590633,1.5615917438068632e-05,COMPUTED,True,True,True,[275]
D0__CAL_R2_K125,D0,125,CAL,R2,PE 22:1_18:3,PE,0.0028696707088404364,5.853166398374682e-07,COMPUTED,True,True,True,[288]
D0__CAL_R2_K125,D0,125,CAL,R2,PE 22:2_18:3,PE,0.003242306178581918,1.1420044329500714e-22,COMPUTED,True,False,False,[289]
D0__CAL_R2_K125,D0,125,CAL,R2,PE O-14:0_24:0,PE,0.0,,NOT_COMPUTED,False,False,False,[346]
D0__CAL_R2_K125,D0,125,CAL,R2,PE O-14:0_24:1,PE,0.0084443850878974,5.460948526640549e-08,COMPUTED,True,True,True,[347]
D0__CAL_R2_K125,D0,125,CAL,R2,PE O-14:0_24:2,PE,5.420237110192477e-05,,NOT_COMPUTED,False,False,False,[348]
D0__CAL_R2_K125,D0,125,CAL,R2,PE O-14:0_24:3,PE,0.00041288379707526,,NOT_COMPUTED,False,False,False,[349]
D0__CAL_R2_K125,D0,125,CAL,R2,PE O-14:0_24:4,PE,0.0008352141459687642,,NOT_COMPUTED,False,False,False,[350]
D0__CAL_R2_K125,D0,125,CAL,R2,PE O-14:0_24:5,PE,2.0385407700780734e-05,,NOT_COMPUTED,False,False,False,[351]
D0__CAL_R2_K125,D0,125,CAL,R2,PE O-14:0_24:6,PE,0.0006211414304115064,,NOT_COMPUTED,False,False,False,[352]
D0__CAL_R2_K125,D0,125,CAL,R2,PE O-15:0_24:4,PE,0.00016472051255398158,,NOT_COMPUTED,False,False,False,[554]
D0__CAL_R2_K125,D0,125,CAL,R2,PE O-16:0_22:0,PE,0.0009303215299827711,,NOT_COMPUTED,False,False,False,[353]
D0__CAL_R2_K125,D0,125,CAL,R2,PE O-16:0_22:1,PE,0.015284462910538253,3.222751772187337e-08,COMPUTED,True,True,True,[354]
D0__CAL_R2_K125,D0,125,CAL,R2,PE O-16:0_22:2,PE,7.30276267907659e-05,,NOT_COMPUTED,False,False,False,[355]
D0__CAL_R2_K125,D0,125,CAL,R2,PE O-16:0_22:3,PE,0.013330618066194231,5.695960874248572e-22,COMPUTED,True,False,False,[356]
D0__CAL_R2_K125,D0,125,CAL,R2,PE O-16:0_22:4,PE,0.0017041629012273219,0.0,COMPUTED,True,False,False,[357]
D0__CAL_R2_K125,D0,125,CAL,R2,PE O-16:0_22:5,PE,0.003973188876435331,1.8570595617007765e-06,COMPUTED,True,True,True,[358]
D0__CAL_R2_K125,D0,125,CAL,R2,PE O-16:0_22:6,PE,0.0011492258895680902,3.9342518896721248e-25,COMPUTED,True,False,False,[359]
D0__CAL_R2_K125,D0,125,CAL,R2,PE O-16:0_24:0,PE,0.02747988976258017,6.604443444654461e-05,COMPUTED,True,True,True,[360]
D0__CAL_R2_K125,D0,125,CAL,R2,PE O-16:0_24:1,PE,0.02980758949070238,7.2742870503965505e-06,COMPUTED,True,True,True,[361]
D0__CAL_R2_K125,D0,125,CAL,R2,PE O-16:0_24:2,PE,0.0006347630352320685,,NOT_COMPUTED,False,False,False,[362]
D0__CAL_R2_K125,D0,125,CAL,R2,PE O-16:0_24:3,PE,0.0034381427408040734,6.760498160374912e-27,COMPUTED,True,False,False,[363]
D0__CAL_R2_K125,D0,125,CAL,R2,PE O-16:0_24:4,PE,7.438290757024489e-07,,NOT_COMPUTED,False,False,False,[364]
D0__CAL_R2_K125,D0,125,CAL,R2,PE O-16:0_24:5,PE,0.00459573653577433,1.9538278493627604e-26,COMPUTED,True,False,False,[365]
D0__CAL_R2_K125,D0,125,CAL,R2,PE O-16:0_24:6,PE,0.0,,NOT_COMPUTED,False,False,False,[366]
D0__CAL_R2_K125,D0,125,CAL,R2,PE O-16:1_22:0,PE,0.005870843623519013,3.831627062117513e-22,COMPUTED,True,False,False,[367]
D0__CAL_R2_K125,D0,125,CAL,R2,PE O-16:1_22:1,PE,9.939740069007713e-07,,NOT_COMPUTED,False,False,False,[368]
D0__CAL_R2_K125,D0,125,CAL,R2,PE O-16:1_22:2,PE,0.014553643378046417,1.8612356779078322e-08,COMPUTED,True,True,True,[369]
D0__CAL_R2_K125,D0,125,CAL,R2,PE O-16:1_22:3,PE,0.0009566803061186103,,NOT_COMPUTED,False,True,True,[370]
D0__CAL_R2_K125,D0,125,CAL,R2,PE O-16:1_22:4,PE,0.01648391175799683,1.1568926080160732e-21,COMPUTED,True,False,False,[371]
D0__CAL_R2_K125,D0,125,CAL,R2,PE O-16:1_22:5,PE,0.01576783904823644,5.819321271310078e-07,COMPUTED,True,True,True,[372]
D0__CAL_R2_K125,D0,125,CAL,R2,PE O-16:1_24:0,PE,0.0006392474657950471,,NOT_COMPUTED,False,False,False,[373]
D0__CAL_R2_K125,D0,125,CAL,R2,PE O-16:1_24:1,PE,0.0015962217303426094,0.0,COMPUTED,True,False,False,[374]
D0__CAL_R2_K125,D0,125,CAL,R2,PE O-16:1_24:2,PE,0.001755180372026449,3.592943145864463e-24,COMPUTED,True,False,False,[375]
D0__CAL_R2_K125,D0,125,CAL,R2,PE O-16:1_24:3,PE,0.0199563607273934,9.477565887266732e-08,COMPUTED,True,True,True,[376]
D0__CAL_R2_K125,D0,125,CAL,R2,PE O-16:1_24:4,PE,5.557241063446614e-06,,NOT_COMPUTED,False,False,False,[377]
D0__CAL_R2_K125,D0,125,CAL,R2,PE O-16:1_24:5,PE,0.0023929903106516457,0.0,COMPUTED,True,False,False,[378]
D0__CAL_R2_K125,D0,125,CAL,R2,PE O-16:1_24:6,PE,3.45112283456071e-05,,NOT_COMPUTED,False,False,False,[379]
D0__CAL_R2_K125,D0,125,CAL,R2,PE O-17:0_22:0,PE,0.00034727582298985283,,NOT_COMPUTED,False,False,False,[555]
D0__CAL_R2_K125,D0,125,CAL,R2,PE O-17:0_22:1,PE,3.975947091779511e-06,,NOT_COMPUTED,False,False,False,[556]
D0__CAL_R2_K125,D0,125,CAL,R2,PE O-17:0_22:2,PE,1.3056666786217487e-06,,NOT_COMPUTED,False,False,False,[557]
D0__CAL_R2_K125,D0,125,CAL,R2,PE O-17:0_22:3,PE,0.0,,NOT_COMPUTED,False,False,False,[558]
D0__CAL_R2_K125,D0,125,CAL,R2,PE O-17:0_22:4,PE,1.123033195153844e-07,,NOT_COMPUTED,False,False,False,[559]
D0__CAL_R2_K125,D0,125,CAL,R2,PE O-17:0_22:5,PE,1.1492699689295916e-06,,NOT_COMPUTED,False,False,False,[560]
D0__CAL_R2_K125,D0,125,CAL,R2,PE O-17:0_22:6,PE,0.0,,NOT_COMPUTED,False,False,False,[561]
D0__CAL_R2_K125,D0,125,CAL,R2,PE O-17:0_24:4,PE,0.0,,NOT_COMPUTED,False,False,False,[562]
D0__CAL_R2_K125,D0,125,CAL,R2,PE O-17:1_22:0,PE,1.1939024712363243e-07,,NOT_COMPUTED,False,False,False,[563]
D0__CAL_R2_K125,D0,125,CAL,R2,PE O-17:1_22:1,PE,0.0,,NOT_COMPUTED,False,False,False,[564]
D0__CAL_R2_K125,D0,125,CAL,R2,PE O-17:1_22:2,PE,2.8514553787452664e-06,,NOT_COMPUTED,False,True,True,[565]
D0__CAL_R2_K125,D0,125,CAL,R2,PE O-17:1_22:3,PE,0.0,,NOT_COMPUTED,False,False,False,[566]
D0__CAL_R2_K125,D0,125,CAL,R2,PE O-17:1_22:4,PE,0.0023539200898500968,0.0,COMPUTED,True,False,False,[567]
D0__CAL_R2_K125,D0,125,CAL,R2,PE O-17:1_22:5,PE,0.0030738401528992015,0.0,COMPUTED,True,False,False,[568]
D0__CAL_R2_K125,D0,125,CAL,R2,PE O-17:1_22:6,PE,0.0003585344332180332,,NOT_COMPUTED,False,False,False,[569]
D0__CAL_R2_K125,D0,125,CAL,R2,PE O-17:1_24:4,PE,0.0,,NOT_COMPUTED,False,False,False,[570]
D0__CAL_R2_K125,D0,125,CAL,R2,PE O-18:0_20:0,PE,2.5605654026046922e-05,,NOT_COMPUTED,False,False,False,[380]
D0__CAL_R2_K125,D0,125,CAL,R2,PE O-18:0_20:1,PE,0.000754214344645956,,NOT_COMPUTED,False,False,False,[381]
D0__CAL_R2_K125,D0,125,CAL,R2,PE O-18:0_20:2,PE,7.878192443754167e-08,,NOT_COMPUTED,False,False,False,[382]
D0__CAL_R2_K125,D0,125,CAL,R2,PE O-18:0_20:3,PE,0.018111041288881025,3.0993252584453306e-07,COMPUTED,True,True,True,[383]
D0__CAL_R2_K125,D0,125,CAL,R2,PE O-18:0_20:4,PE,0.0007946472835732806,,NOT_COMPUTED,False,False,False,[384]
D0__CAL_R2_K125,D0,125,CAL,R2,PE O-18:0_20:5,PE,0.006419170179375088,9.262013525748904e-22,COMPUTED,True,False,False,[385]
D0__CAL_R2_K125,D0,125,CAL,R2,PE O-18:0_22:0,PE,0.0009126045424607758,,NOT_COMPUTED,False,False,False,[386]
D0__CAL_R2_K125,D0,125,CAL,R2,PE O-18:0_22:1,PE,0.0,,NOT_COMPUTED,False,False,False,[387]
D0__CAL_R2_K125,D0,125,CAL,R2,PE O-18:0_22:2,PE,0.0026753564205283754,1.2183197009723029e-23,COMPUTED,True,False,False,[388]
D0__CAL_R2_K125,D0,125,CAL,R2,PE O-18:0_22:3,PE,0.0003018819239516085,,NOT_COMPUTED,False,False,False,[389]
D0__CAL_R2_K125,D0,125,CAL,R2,PE O-18:0_22:4,PE,0.0012122096602066698,1.0073792137111647e-26,COMPUTED,True,False,False,[390]
D0__CAL_R2_K125,D0,125,CAL,R2,PE O-18:0_22:5,PE,0.006133028901629031,2.2595263817169985e-22,COMPUTED,True,False,False,[391]
D0__CAL_R2_K125,D0,125,CAL,R2,PE O-18:0_22:6,PE,0.00029804066388638045,,NOT_COMPUTED,False,False,False,[392]
D0__CAL_R2_K125,D0,125,CAL,R2,PE O-18:1_20:0,PE,0.0031241053834283727,1.0747081646856934e-07,COMPUTED,True,True,True,[393]
D0__CAL_R2_K125,D0,125,CAL,R2,PE O-18:1_20:1,PE,4.451896581100638e-07,,NOT_COMPUTED,False,False,False,[394]
D0__CAL_R2_K125,D0,125,CAL,R2,PE O-18:1_20:2,PE,0.002289781565489857,8.3126377927488165e-22,COMPUTED,True,False,False,[395]
D0__CAL_R2_K125,D0,125,CAL,R2,PE O-18:1_20:3,PE,0.0022671399373939767,2.7889521179635486e-09,COMPUTED,True,True,True,[396]
D0__CAL_R2_K125,D0,125,CAL,R2,PE O-18:1_20:4,PE,0.0028068745599832924,1.8287431623140763e-26,COMPUTED,True,False,False,[397]
D0__CAL_R2_K125,D0,125,CAL,R2,PE O-18:1_20:5,PE,1.8996604300957184e-05,,NOT_COMPUTED,False,False,False,[398]
D0__CAL_R2_K125,D0,125,CAL,R2,PE O-18:1_22:0,PE,0.003991783063484797,5.8218270705348706e-08,COMPUTED,True,True,True,[399]
D0__CAL_R2_K125,D0,125,CAL,R2,PE O-18:1_22:1,PE,0.01656992289149788,0.0,COMPUTED,True,False,False,[400]
D0__CAL_R2_K125,D0,125,CAL,R2,PE O-18:1_22:2,PE,0.009998578417434904,1.4969885790410018e-26,COMPUTED,True,False,False,[401]
D0__CAL_R2_K125,D0,125,CAL,R2,PE O-18:1_22:3,PE,0.008416067401095587,0.0,COMPUTED,True,False,False,[402]
D0__CAL_R2_K125,D0,125,CAL,R2,PE O-18:1_22:4,PE,0.013654740006714575,2.9338513187750345e-07,COMPUTED,True,True,True,[403]
D0__CAL_R2_K125,D0,125,CAL,R2,PE O-18:1_22:5,PE,5.713604568283743e-07,,NOT_COMPUTED,False,False,False,[404]
D0__CAL_R2_K125,D0,125,CAL,R2,PE O-18:1_22:6,PE,0.0013463468283195456,3.232360392292589e-27,COMPUTED,True,False,False,[405]
D0__CAL_R2_K125,D0,125,CAL,R2,PE O-18:2_20:0,PE,0.0,,NOT_COMPUTED,False,False,False,[406]
D0__CAL_R2_K125,D0,125,CAL,R2,PE O-18:2_20:1,PE,0.0011415290768492523,1.6569758965214938e-26,COMPUTED,True,False,False,[407]
D0__CAL_R2_K125,D0,125,CAL,R2,PE O-18:2_20:2,PE,9.50947288528881e-05,,NOT_COMPUTED,False,False,False,[408]
D0__CAL_R2_K125,D0,125,CAL,R2,PE O-18:2_20:3,PE,0.027569118107687814,1.0439825127667325e-21,COMPUTED,True,False,False,[409]
D0__CAL_R2_K125,D0,125,CAL,R2,PE O-18:2_20:4,PE,0.0005598459333655614,,NOT_COMPUTED,False,False,False,[410]
D0__CAL_R2_K125,D0,125,CAL,R2,PE O-18:2_22:0,PE,0.002307544569813271,5.277029950334169e-23,COMPUTED,True,False,False,[411]
D0__CAL_R2_K125,D0,125,CAL,R2,PE O-18:2_22:1,PE,0.011535536637409142,6.362915916167595e-07,COMPUTED,True,True,True,[412]
D0__CAL_R2_K125,D0,125,CAL,R2,PE O-18:2_22:2,PE,0.003272369260688499,3.766763729497495e-08,COMPUTED,True,True,True,[413]
D0__CAL_R2_K125,D0,125,CAL,R2,PE O-18:2_22:3,PE,0.0009055912186869859,,NOT_COMPUTED,False,False,False,[414]
D0__CAL_R2_K125,D0,125,CAL,R2,PE O-18:2_22:4,PE,0.014086116613868662,3.360596428761877e-08,COMPUTED,True,True,True,[415]
D0__CAL_R2_K125,D0,125,CAL,R2,PE O-18:2_22:5,PE,0.005470549076062832,0.0,COMPUTED,True,False,False,[416]
D0__CAL_R2_K125,D0,125,CAL,R2,PE O-18:2_22:6,PE,0.0018536068341930224,6.08334596680748e-27,COMPUTED,True,False,False,[417]
D0__CAL_R2_K125,D0,125,CAL,R2,PE O-18:3_20:0,PE,0.0023445052723899944,0.0,COMPUTED,True,False,False,[418]
D0__CAL_R2_K125,D0,125,CAL,R2,PE O-18:3_20:1,PE,0.0019492634822251497,0.0,COMPUTED,True,False,False,[419]
D0__CAL_R2_K125,D0,125,CAL,R2,PE O-18:3_20:2,PE,0.0002981564106362942,,NOT_COMPUTED,False,False,False,[420]
D0__CAL_R2_K125,D0,125,CAL,R2,PE O-18:3_20:3,PE,0.01612864160456591,1.696837097072883e-07,COMPUTED,True,True,True,[421]
D0__CAL_R2_K125,D0,125,CAL,R2,PE O-18:3_22:0,PE,0.0021310175390054616,0.0,COMPUTED,True,False,False,[422]
D0__CAL_R2_K125,D0,125,CAL,R2,PE O-18:3_22:1,PE,0.0001154637460335984,,NOT_COMPUTED,False,False,False,[423]
D0__CAL_R2_K125,D0,125,CAL,R2,PE O-18:3_22:2,PE,0.01105241835920202,0.0,COMPUTED,True,False,False,[424]
D0__CAL_R2_K125,D0,125,CAL,R2,PE O-18:3_22:3,PE,0.005138203173288311,3.840281206406288e-23,COMPUTED,True,False,False,[425]
D0__CAL_R2_K125,D0,125,CAL,R2,PE O-18:3_22:4,PE,0.008917858570457527,1.1559940017061015e-22,COMPUTED,True,False,False,[426]
D0__CAL_R2_K125,D0,125,CAL,R2,PE O-18:3_22:5,PE,0.014161437601796681,5.832715936657592e-08,COMPUTED,True,True,True,[427]
D0__CAL_R2_K125,D0,125,CAL,R2,PE O-18:3_22:6,PE,0.024679795136749807,1.8024319187534522e-05,COMPUTED,True,True,True,[428]
D0__CAL_R2_K125,D0,125,CAL,R2,PE O-20:0_18:0,PE,4.035170581277636e-07,,NOT_COMPUTED,False,False,False,[429]
D0__CAL_R2_K125,D0,125,CAL,R2,PE O-20:0_18:1,PE,0.0,,NOT_COMPUTED,False,False,False,[430]
D0__CAL_R2_K125,D0,125,CAL,R2,PE O-20:0_18:2,PE,0.0,,NOT_COMPUTED,False,False,False,[431]
D0__CAL_R2_K125,D0,125,CAL,R2,PE O-20:0_18:3,PE,0.00027319903422123843,,NOT_COMPUTED,False,False,False,[432]
D0__CAL_R2_K125,D0,125,CAL,R2,PE O-20:0_20:0,PE,0.0004381412261517909,,NOT_COMPUTED,False,False,False,[433]
D0__CAL_R2_K125,D0,125,CAL,R2,PE O-20:0_20:1,PE,3.6826744399715e-07,,NOT_COMPUTED,False,False,False,[434]
D0__CAL_R2_K125,D0,125,CAL,R2,PE O-20:0_20:2,PE,2.2825223801577415e-05,,NOT_COMPUTED,False,False,False,[435]
D0__CAL_R2_K125,D0,125,CAL,R2,PE O-20:0_20:3,PE,9.91538992830602e-05,,NOT_COMPUTED,False,False,False,[436]
D0__CAL_R2_K125,D0,125,CAL,R2,PE O-20:0_20:4,PE,0.0007206454526838328,,NOT_COMPUTED,False,False,False,[437]
D0__CAL_R2_K125,D0,125,CAL,R2,PE O-20:0_20:5,PE,2.7694917871669976e-05,,NOT_COMPUTED,False,False,False,[438]
D0__CAL_R2_K125,D0,125,CAL,R2,PE O-20:1_18:0,PE,1.7028667215886997e-06,,NOT_COMPUTED,False,False,False,[439]
D0__CAL_R2_K125,D0,125,CAL,R2,PE O-20:1_18:1,PE,2.575293063439044e-07,,NOT_COMPUTED,False,False,False,[440]
D0__CAL_R2_K125,D0,125,CAL,R2,PE O-20:1_18:2,PE,4.891639537125056e-05,,NOT_COMPUTED,False,False,False,[441]
D0__CAL_R2_K125,D0,125,CAL,R2,PE O-20:1_18:3,PE,8.63228395605709e-08,,NOT_COMPUTED,False,False,False,[442]
D0__CAL_R2_K125,D0,125,CAL,R2,PE O-20:1_20:0,PE,0.0005121323120236444,,NOT_COMPUTED,False,False,False,[443]
D0__CAL_R2_K125,D0,125,CAL,R2,PE O-20:1_20:1,PE,0.000592943897211647,,NOT_COMPUTED,False,False,False,[444]
D0__CAL_R2_K125,D0,125,CAL,R2,PE O-20:1_20:2,PE,2.5053224213230558e-05,,NOT_COMPUTED,False,False,False,[445]
D0__CAL_R2_K125,D0,125,CAL,R2,PE O-20:1_20:3,PE,8.615355696624417e-08,,NOT_COMPUTED,False,False,False,[446]
D0__CAL_R2_K125,D0,125,CAL,R2,PE O-20:1_20:4,PE,0.00011167548492501532,,NOT_COMPUTED,False,False,False,[447]
D0__CAL_R2_K125,D0,125,CAL,R2,PE O-20:1_20:5,PE,1.64571031915879e-05,,NOT_COMPUTED,False,False,False,[448]
D0__CAL_R2_K125,D0,125,CAL,R2,PE O-20:2_18:0,PE,6.86672067295205e-08,,NOT_COMPUTED,False,False,False,[449]
D0__CAL_R2_K125,D0,125,CAL,R2,PE O-20:2_18:1,PE,0.0017899200305236914,0.0,COMPUTED,True,False,False,[450]
D0__CAL_R2_K125,D0,125,CAL,R2,PE O-20:2_18:2,PE,1.80149066910571e-05,,NOT_COMPUTED,False,False,False,[451]
D0__CAL_R2_K125,D0,125,CAL,R2,PE O-20:2_18:3,PE,0.004540603354337208,0.0,COMPUTED,True,False,False,[452]
D0__CAL_R2_K125,D0,125,CAL,R2,PE O-20:2_20:0,PE,0.0011089518141289816,0.0,COMPUTED,True,False,False,[453]
D0__CAL_R2_K125,D0,125,CAL,R2,PE O-20:2_20:1,PE,0.002506811753235262,1.0914421617025944e-29,COMPUTED,True,False,False,[454]
D0__CAL_R2_K125,D0,125,CAL,R2,PE O-20:2_20:2,PE,0.0010677057136217155,2.3203065867418792e-09,COMPUTED,True,True,True,[455]
D0__CAL_R2_K125,D0,125,CAL,R2,PE O-20:2_20:3,PE,0.00024332101922513248,,NOT_COMPUTED,False,False,False,[456]
D0__CAL_R2_K125,D0,125,CAL,R2,PE O-20:2_20:4,PE,3.0445253303273566e-05,,NOT_COMPUTED,False,False,False,[457]
D0__CAL_R2_K125,D0,125,CAL,R2,PE O-20:2_20:5,PE,2.2269745721865582e-05,,NOT_COMPUTED,False,False,False,[458]
D0__CAL_R2_K125,D0,125,CAL,R2,PE O-20:3_18:0,PE,0.0005619535577247832,,NOT_COMPUTED,False,False,False,[459]
D0__CAL_R2_K125,D0,125,CAL,R2,PE O-20:3_18:1,PE,2.0826970404319583e-06,,NOT_COMPUTED,False,False,False,[460]
D0__CAL_R2_K125,D0,125,CAL,R2,PE O-20:3_18:2,PE,1.7885779935924293e-06,,NOT_COMPUTED,False,False,False,[461]
D0__CAL_R2_K125,D0,125,CAL,R2,PE O-20:3_18:3,PE,1.0767745539647044e-07,,NOT_COMPUTED,False,False,False,[462]
D0__CAL_R2_K125,D0,125,CAL,R2,PE O-20:3_20:0,PE,0.0001060027987090652,,NOT_COMPUTED,False,False,False,[463]
D0__CAL_R2_K125,D0,125,CAL,R2,PE O-20:3_20:1,PE,6.404352344680132e-05,,NOT_COMPUTED,False,False,False,[464]
D0__CAL_R2_K125,D0,125,CAL,R2,PE O-20:3_20:2,PE,1.866835256204429e-05,,NOT_COMPUTED,False,False,False,[465]
D0__CAL_R2_K125,D0,125,CAL,R2,PE O-20:3_20:3,PE,6.10527756507185e-05,,NOT_COMPUTED,False,False,False,[466]
D0__CAL_R2_K125,D0,125,CAL,R2,PE O-20:3_20:4,PE,2.9660137699712063e-05,,NOT_COMPUTED,False,False,False,[467]
D0__CAL_R2_K125,D0,125,CAL,R2,PE O-20:3_20:5,PE,8.837506272715902e-06,,NOT_COMPUTED,False,False,False,[468]
D0__CAL_R2_K125,D0,125,CAL,R2,PE O-20:4_18:0,PE,0.0014542879376054799,7.069314901752635e-22,COMPUTED,True,False,False,[469]
D0__CAL_R2_K125,D0,125,CAL,R2,PE O-20:4_18:1,PE,0.004266296539950404,0.0,COMPUTED,True,False,False,[470]
D0__CAL_R2_K125,D0,125,CAL,R2,PE O-20:4_18:2,PE,0.0016159362984545702,0.0,COMPUTED,True,False,False,[471]
D0__CAL_R2_K125,D0,125,CAL,R2,PE O-20:4_20:0,PE,0.0016142601603878644,0.0,COMPUTED,True,False,False,[472]
D0__CAL_R2_K125,D0,125,CAL,R2,PE O-20:4_20:1,PE,0.020068576893947344,1.195584056383856e-06,COMPUTED,True,True,True,[473]
D0__CAL_R2_K125,D0,125,CAL,R2,PE O-20:4_20:2,PE,0.0012322857861456437,0.0,COMPUTED,True,False,False,[474]
D0__CAL_R2_K125,D0,125,CAL,R2,PE O-20:4_20:3,PE,0.009134795240624865,0.0,COMPUTED,True,False,False,[475]
D0__CAL_R2_K125,D0,125,CAL,R2,PE O-20:4_20:4,PE,0.0017143938353644437,0.0,COMPUTED,True,False,False,[476]
D0__CAL_R2_K125,D0,125,CAL,R2,PE O-20:4_20:5,PE,0.010169444996971054,2.8426929136183196e-06,COMPUTED,True,True,True,[477]
D0__CAL_R2_K125,D0,125,CAL,R2,PE O-20:4_22:6,PE,0.0022202637768061976,2.032164638094734e-26,COMPUTED,True,False,False,[478]
D0__CAL_R2_K125,D0,125,CAL,R2,PE O-20:5_18:0,PE,0.006416237262671211,0.0,COMPUTED,True,False,False,[479]
D0__CAL_R2_K125,D0,125,CAL,R2,PE O-20:5_18:1,PE,4.945058387828805e-07,,NOT_COMPUTED,False,False,False,[480]
D0__CAL_R2_K125,D0,125,CAL,R2,PE O-20:5_20:0,PE,0.0019868056411007635,2.911895036532412e-26,COMPUTED,True,False,False,[481]
D0__CAL_R2_K125,D0,125,CAL,R2,PE O-20:5_20:1,PE,0.0007761307635895142,,NOT_COMPUTED,False,False,False,[482]
D0__CAL_R2_K125,D0,125,CAL,R2,PE O-20:5_20:2,PE,1.888338782016072e-05,,NOT_COMPUTED,False,False,False,[483]
D0__CAL_R2_K125,D0,125,CAL,R2,PE O-20:5_20:3,PE,4.2513698882806375e-05,,NOT_COMPUTED,False,False,False,[484]
D0__CAL_R2_K125,D0,125,CAL,R2,PE O-20:5_20:4,PE,5.339945758007318e-05,,NOT_COMPUTED,False,False,False,[485]
D0__CAL_R2_K125,D0,125,CAL,R2,PE O-20:5_20:5,PE,3.546388264667957e-05,,NOT_COMPUTED,False,False,False,[486]
D0__CAL_R2_K125,D0,125,CAL,R2,PE O-20:5_22:5,PE,1.0712789595479653e-05,,NOT_COMPUTED,False,False,False,[487]
D0__CAL_R2_K125,D0,125,CAL,R2,PE O-20:5_22:6,PE,3.406613848290977e-07,,NOT_COMPUTED,False,False,False,[488]
D0__CAL_R2_K125,D0,125,CAL,R2,PE O-22:0_16:0,PE,1.395650823056216e-07,,NOT_COMPUTED,False,False,False,[489]
D0__CAL_R2_K125,D0,125,CAL,R2,PE O-22:0_16:1,PE,0.0002614391569963532,,NOT_COMPUTED,False,False,False,[490]
D0__CAL_R2_K125,D0,125,CAL,R2,PE O-22:0_18:0,PE,0.0032166288617193803,1.5875058894049676e-26,COMPUTED,True,False,False,[491]
D0__CAL_R2_K125,D0,125,CAL,R2,PE O-22:0_18:1,PE,0.0001809114943636783,,NOT_COMPUTED,False,False,False,[492]
D0__CAL_R2_K125,D0,125,CAL,R2,PE O-22:0_18:2,PE,0.00041801739781196655,,NOT_COMPUTED,False,False,False,[493]
D0__CAL_R2_K125,D0,125,CAL,R2,PE O-22:0_18:3,PE,0.00013387918503124664,,NOT_COMPUTED,False,False,False,[494]
D0__CAL_R2_K125,D0,125,CAL,R2,PE O-22:1_16:0,PE,0.0001541109939679202,,NOT_COMPUTED,False,False,False,[495]
D0__CAL_R2_K125,D0,125,CAL,R2,PE O-22:1_16:1,PE,4.8050827371543994e-05,,NOT_COMPUTED,False,False,False,[496]
D0__CAL_R2_K125,D0,125,CAL,R2,PE O-22:1_18:0,PE,0.0013672066796398962,1.980830721297341e-22,COMPUTED,True,False,False,[497]
D0__CAL_R2_K125,D0,125,CAL,R2,PE O-22:1_18:1,PE,0.02895887417456835,4.287927736435297e-06,COMPUTED,True,True,True,[498]
D0__CAL_R2_K125,D0,125,CAL,R2,PE O-22:1_18:2,PE,0.028465347393367372,2.0711296051743805e-05,COMPUTED,True,True,True,[499]
D0__CAL_R2_K125,D0,125,CAL,R2,PE O-22:1_18:3,PE,0.0051009448473864905,1.1018404055000727e-06,COMPUTED,True,True,True,[500]
D0__CAL_R2_K125,D0,125,CAL,R2,PE O-22:2_16:0,PE,0.0,,NOT_COMPUTED,False,False,False,[501]
D0__CAL_R2_K125,D0,125,CAL,R2,PE O-22:2_16:1,PE,5.906068364304349e-05,,NOT_COMPUTED,False,False,False,[502]
D0__CAL_R2_K125,D0,125,CAL,R2,PE O-22:2_18:0,PE,0.0008769364590387316,,NOT_COMPUTED,False,False,False,[503]
D0__CAL_R2_K125,D0,125,CAL,R2,PE O-22:2_18:1,PE,0.0006351847310301843,,NOT_COMPUTED,False,False,False,[504]
D0__CAL_R2_K125,D0,125,CAL,R2,PE O-22:2_18:2,PE,2.0815062482993683e-08,,NOT_COMPUTED,False,False,False,[505]
D0__CAL_R2_K125,D0,125,CAL,R2,PE O-22:2_18:3,PE,0.00023203309612304944,,NOT_COMPUTED,False,False,False,[506]
D0__CAL_R2_K125,D0,125,CAL,R2,PE O-22:3_16:0,PE,0.00012839292834357547,,NOT_COMPUTED,False,False,False,[507]
D0__CAL_R2_K125,D0,125,CAL,R2,PE O-22:3_16:1,PE,0.009930553287944482,1.1803291762023902e-06,COMPUTED,True,True,True,[508]
D0__CAL_R2_K125,D0,125,CAL,R2,PE O-22:3_18:0,PE,0.003053358999312854,0.0,COMPUTED,True,False,False,[509]
D0__CAL_R2_K125,D0,125,CAL,R2,PE O-22:3_18:1,PE,0.0024722510684725566,2.653289980759002e-30,COMPUTED,True,False,False,[510]
D0__CAL_R2_K125,D0,125,CAL,R2,PE O-22:3_18:2,PE,0.0007204686553913946,,NOT_COMPUTED,False,False,False,[511]
D0__CAL_R2_K125,D0,125,CAL,R2,PE O-22:3_18:3,PE,0.0017719952454483317,5.5381155913534485e-28,COMPUTED,True,False,False,[512]
D0__CAL_R2_K125,D0,125,CAL,R2,PE O-22:4_16:0,PE,2.5623713944508505e-05,,NOT_COMPUTED,False,False,False,[513]
D0__CAL_R2_K125,D0,125,CAL,R2,PE O-22:4_16:1,PE,5.1578330096488365e-05,,NOT_COMPUTED,False,False,False,[514]
D0__CAL_R2_K125,D0,125,CAL,R2,PE O-22:4_18:0,PE,2.0938455226269004e-07,,NOT_COMPUTED,False,False,False,[515]
D0__CAL_R2_K125,D0,125,CAL,R2,PE O-22:4_18:1,PE,0.00025551865756210117,,NOT_COMPUTED,False,False,False,[516]
D0__CAL_R2_K125,D0,125,CAL,R2,PE O-22:4_18:2,PE,3.466103016814905e-06,,NOT_COMPUTED,False,False,False,[517]
D0__CAL_R2_K125,D0,125,CAL,R2,PE O-22:4_18:3,PE,2.8948016814492813e-07,,NOT_COMPUTED,False,False,False,[518]
D0__CAL_R2_K125,D0,125,CAL,R2,PE O-22:5_16:0,PE,0.0011174707814091858,0.0,COMPUTED,True,False,False,[519]
D0__CAL_R2_K125,D0,125,CAL,R2,PE O-22:5_16:1,PE,0.0005035986170201286,,NOT_COMPUTED,False,False,False,[520]
D0__CAL_R2_K125,D0,125,CAL,R2,PE O-22:5_18:0,PE,0.0064443699316707554,5.412728157149856e-08,COMPUTED,True,True,True,[521]
D0__CAL_R2_K125,D0,125,CAL,R2,PE O-22:5_18:1,PE,0.0003661117046901635,,NOT_COMPUTED,False,False,False,[522]
D0__CAL_R2_K125,D0,125,CAL,R2,PE O-22:5_18:2,PE,6.355885155008288e-05,,NOT_COMPUTED,False,False,False,[523]
D0__CAL_R2_K125,D0,125,CAL,R2,PE O-22:5_18:3,PE,0.00424448378426161,1.3231347063712888e-26,COMPUTED,True,False,False,[524]
D0__CAL_R2_K125,D0,125,CAL,R2,PE O-22:5_20:5,PE,2.450097474489585e-05,,NOT_COMPUTED,False,False,False,[525]
D0__CAL_R2_K125,D0,125,CAL,R2,PE O-22:6_16:0,PE,1.307272266642748e-05,,NOT_COMPUTED,False,False,False,[526]
D0__CAL_R2_K125,D0,125,CAL,R2,PE O-22:6_18:0,PE,0.00023215969623721348,,NOT_COMPUTED,False,False,False,[527]
D0__CAL_R2_K125,D0,125,CAL,R2,PE O-22:6_18:1,PE,6.362163341769825e-05,,NOT_COMPUTED,False,False,False,[528]
D0__CAL_R2_K125,D0,125,CAL,R2,PE O-22:6_18:2,PE,2.7583213511363778e-05,,NOT_COMPUTED,False,False,False,[529]
D0__CAL_R2_K125,D0,125,CAL,R2,PE O-22:6_18:3,PE,0.0027654056692161064,4.965304060933701e-29,COMPUTED,True,False,False,[530]
D0__CAL_R2_K125,D0,125,CAL,R2,PE O-22:6_20:4,PE,1.1826239057688428e-05,,NOT_COMPUTED,False,False,False,[531]
D0__CAL_R2_K125,D0,125,CAL,R2,PE O-22:6_20:5,PE,2.0734687124206534e-05,,NOT_COMPUTED,False,False,False,[532]
D0__CAL_R2_K125,D0,125,CAL,R2,PE O-24:0_14:0,PE,0.0,,NOT_COMPUTED,False,False,False,[533]
D0__CAL_R2_K125,D0,125,CAL,R2,PE O-24:0_16:0,PE,0.009317276388329798,5.123905407775345e-06,COMPUTED,True,True,True,[534]
D0__CAL_R2_K125,D0,125,CAL,R2,PE O-24:0_16:1,PE,0.00018538519948547514,,NOT_COMPUTED,False,False,False,[535]
D0__CAL_R2_K125,D0,125,CAL,R2,PE O-24:1_14:0,PE,0.0013044837105013769,0.0,COMPUTED,True,False,False,[536]
D0__CAL_R2_K125,D0,125,CAL,R2,PE O-24:1_16:0,PE,0.0,,NOT_COMPUTED,False,False,False,[537]
D0__CAL_R2_K125,D0,125,CAL,R2,PE O-24:1_16:1,PE,0.0009254236682645734,,NOT_COMPUTED,False,False,False,[538]
D0__CAL_R2_K125,D0,125,CAL,R2,PE O-24:2_14:0,PE,0.0,,NOT_COMPUTED,False,False,False,[539]
D0__CAL_R2_K125,D0,125,CAL,R2,PE O-24:2_16:0,PE,0.00032505675144037515,,NOT_COMPUTED,False,False,False,[540]
D0__CAL_R2_K125,D0,125,CAL,R2,PE O-24:2_16:1,PE,0.000490891645014848,,NOT_COMPUTED,False,False,False,[541]
D0__CAL_R2_K125,D0,125,CAL,R2,PE O-24:3_14:0,PE,0.0006965702456103831,,NOT_COMPUTED,False,False,False,[542]
D0__CAL_R2_K125,D0,125,CAL,R2,PE O-24:3_16:0,PE,0.00036070143284098495,,NOT_COMPUTED,False,False,False,[543]
D0__CAL_R2_K125,D0,125,CAL,R2,PE O-24:3_16:1,PE,0.00022681853311521449,,NOT_COMPUTED,False,False,False,[544]
D0__CAL_R2_K125,D0,125,CAL,R2,PE O-24:4_14:0,PE,0.0015947822703097317,2.1912534624875927e-23,COMPUTED,True,False,False,[545]
D0__CAL_R2_K125,D0,125,CAL,R2,PE O-24:4_16:0,PE,0.0005443639331955832,,NOT_COMPUTED,False,False,False,[546]
D0__CAL_R2_K125,D0,125,CAL,R2,PE O-24:4_16:1,PE,0.025478151763617764,4.926001750008642e-05,COMPUTED,True,True,True,[547]
D0__CAL_R2_K125,D0,125,CAL,R2,PE O-24:5_14:0,PE,0.0014308079413168418,0.0,COMPUTED,True,False,False,[548]
D0__CAL_R2_K125,D0,125,CAL,R2,PE O-24:5_16:0,PE,0.0002497287470613815,,NOT_COMPUTED,False,False,False,[549]
D0__CAL_R2_K125,D0,125,CAL,R2,PE O-24:5_16:1,PE,6.230160708189228e-08,,NOT_COMPUTED,False,False,False,[550]
D0__CAL_R2_K125,D0,125,CAL,R2,PE O-24:6_14:0,PE,0.00022293999699994854,,NOT_COMPUTED,False,False,False,[551]
D0__CAL_R2_K125,D0,125,CAL,R2,PE O-24:6_16:0,PE,0.0,,NOT_COMPUTED,False,False,False,[552]
D0__CAL_R2_K125,D0,125,CAL,R2,PE O-24:6_16:1,PE,7.504999416958347e-05,,NOT_COMPUTED,False,False,False,[553]
D0__CAL_R2_K125,D0,125,CAL,R2,PG 12:0_22:0,PG,0.00012537831178216984,,NOT_COMPUTED,False,False,False,[571]
D0__CAL_R2_K125,D0,125,CAL,R2,PG 12:0_24:0,PG,0.005426873271417986,6.952853279316486e-08,COMPUTED,True,True,True,[606]
D0__CAL_R2_K125,D0,125,CAL,R2,PG 12:0_24:1,PG,0.000299005216969139,,NOT_COMPUTED,False,False,False,[601]
D0__CAL_R2_K125,D0,125,CAL,R2,PG 12:0_24:2,PG,0.0026889651129505306,2.4058512583585988e-08,COMPUTED,True,True,True,[595]
D0__CAL_R2_K125,D0,125,CAL,R2,PG 12:0_24:3,PG,0.0011002156950060795,5.77858390715752e-23,COMPUTED,True,False,False,[589]
D0__CAL_R2_K125,D0,125,CAL,R2,PG 12:0_24:4,PG,2.297615988225231e-05,,NOT_COMPUTED,False,False,False,[583]
D0__CAL_R2_K125,D0,125,CAL,R2,PG 12:0_24:5,PG,1.0776490279187069e-05,,NOT_COMPUTED,False,False,False,[578]
D0__CAL_R2_K125,D0,125,CAL,R2,PG 12:0_24:6,PG,0.03230023749633191,4.238930097103078e-05,COMPUTED,True,True,True,[574]
D0__CAL_R2_K125,D0,125,CAL,R2,PG 13:0_22:0,PG,0.0,,NOT_COMPUTED,False,False,False,[634]
D0__CAL_R2_K125,D0,125,CAL,R2,PG 13:0_22:1,PG,0.0,,NOT_COMPUTED,False,False,False,[635]
D0__CAL_R2_K125,D0,125,CAL,R2,PG 13:0_22:2,PG,0.0,,NOT_COMPUTED,False,False,False,[636]
D0__CAL_R2_K125,D0,125,CAL,R2,PG 13:0_22:3,PG,0.0,,NOT_COMPUTED,False,False,False,[637]
D0__CAL_R2_K125,D0,125,CAL,R2,PG 13:0_22:4,PG,0.0,,NOT_COMPUTED,False,False,False,[638]
D0__CAL_R2_K125,D0,125,CAL,R2,PG 13:0_22:5,PG,7.792583775475537e-08,,NOT_COMPUTED,False,False,False,[639]
D0__CAL_R2_K125,D0,125,CAL,R2,PG 13:0_22:6,PG,0.0,,NOT_COMPUTED,False,False,False,[640]
D0__CAL_R2_K125,D0,125,CAL,R2,PG 13:0_24:4,PG,7.656343482244628e-05,,NOT_COMPUTED,False,False,False,[641]
D0__CAL_R2_K125,D0,125,CAL,R2,PG 14:0_20:0,PG,4.61232444730421e-06,,NOT_COMPUTED,False,False,False,[572]
D0__CAL_R2_K125,D0,125,CAL,R2,PG 14:0_22:0,PG,0.02135744649179627,3.122484726902812e-07,COMPUTED,True,True,True,[607]
D0__CAL_R2_K125,D0,125,CAL,R2,PG 14:0_22:1,PG,0.006305905180948758,2.223943581556848e-26,COMPUTED,True,False,False,[602]
D0__CAL_R2_K125,D0,125,CAL,R2,PG 14:0_22:2,PG,0.0003817395308805006,,NOT_COMPUTED,False,False,False,[596]
D0__CAL_R2_K125,D0,125,CAL,R2,PG 14:0_22:3,PG,8.918320296818462e-05,,NOT_COMPUTED,False,False,False,[590]
D0__CAL_R2_K125,D0,125,CAL,R2,PG 14:0_22:4,PG,0.0010215421937121965,2.2222516490615424e-28,COMPUTED,True,False,False,[584]
D0__CAL_R2_K125,D0,125,CAL,R2,PG 14:0_22:5,PG,0.010035749428079384,6.260004003407986e-07,COMPUTED,True,True,True,[579]
D0__CAL_R2_K125,D0,125,CAL,R2,PG 14:0_22:6,PG,0.005769249311038329,0.0,COMPUTED,True,False,False,[575]
D0__CAL_R2_K125,D0,125,CAL,R2,PG 14:0_24:4,PG,0.0,,NOT_COMPUTED,False,False,False,[627]
D0__CAL_R2_K125,D0,125,CAL,R2,PG 14:0_24:5,PG,3.1538661654038644e-08,,NOT_COMPUTED,False,False,False,[620]
D0__CAL_R2_K125,D0,125,CAL,R2,PG 14:0_24:6,PG,0.0,,NOT_COMPUTED,False,False,False,[614]
D0__CAL_R2_K125,D0,125,CAL,R2,PG 15:0_20:0,PG,0.0,,NOT_COMPUTED,False,False,False,[642]
D0__CAL_R2_K125,D0,125,CAL,R2,PG 15:0_20:1,PG,0.0,,NOT_COMPUTED,False,False,False,[643]
D0__CAL_R2_K125,D0,125,CAL,R2,PG 15:0_20:2,PG,0.0,,NOT_COMPUTED,False,False,False,[644]
D0__CAL_R2_K125,D0,125,CAL,R2,PG 15:0_20:3,PG,0.0,,NOT_COMPUTED,False,False,False,[645]
D0__CAL_R2_K125,D0,125,CAL,R2,PG 15:0_20:4,PG,0.0,,NOT_COMPUTED,False,False,False,[646]
D0__CAL_R2_K125,D0,125,CAL,R2,PG 15:0_20:5,PG,0.0,,NOT_COMPUTED,False,False,False,[647]
D0__CAL_R2_K125,D0,125,CAL,R2,PG 15:0_22:0,PG,0.010771512771458314,1.0716797649503239e-06,COMPUTED,True,True,True,[648]
D0__CAL_R2_K125,D0,125,CAL,R2,PG 15:0_22:1,PG,0.023538065691151848,1.5889271953477526e-06,COMPUTED,True,True,True,[649]
D0__CAL_R2_K125,D0,125,CAL,R2,PG 15:0_22:2,PG,0.0,,NOT_COMPUTED,False,False,False,[650]
D0__CAL_R2_K125,D0,125,CAL,R2,PG 15:0_22:3,PG,0.0,,NOT_COMPUTED,False,False,False,[651]
D0__CAL_R2_K125,D0,125,CAL,R2,PG 15:0_22:4,PG,0.012466417807160022,5.059043510047023e-24,COMPUTED,True,False,False,[652]
D0__CAL_R2_K125,D0,125,CAL,R2,PG 15:0_22:5,PG,7.411522620602856e-08,,NOT_COMPUTED,False,False,False,[653]
D0__CAL_R2_K125,D0,125,CAL,R2,PG 15:0_22:6,PG,0.0,,NOT_COMPUTED,False,False,False,[654]
D0__CAL_R2_K125,D0,125,CAL,R2,PG 16:0_18:0,PG,0.0,,NOT_COMPUTED,False,False,False,[573]
D0__CAL_R2_K125,D0,125,CAL,R2,PG 16:0_20:0,PG,0.0006269646101354134,,NOT_COMPUTED,False,False,False,[608]
D0__CAL_R2_K125,D0,125,CAL,R2,PG 16:0_20:1,PG,0.025024766625562245,6.587592018910356e-07,COMPUTED,True,True,True,[603]
D0__CAL_R2_K125,D0,125,CAL,R2,PG 16:0_20:2,PG,0.0007717760380452372,,NOT_COMPUTED,False,False,False,[597]
D0__CAL_R2_K125,D0,125,CAL,R2,PG 16:0_20:3,PG,0.0038249147809273007,3.2974122184664563e-24,COMPUTED,True,False,False,[591]
D0__CAL_R2_K125,D0,125,CAL,R2,PG 16:0_20:4,PG,0.00175852179575337,0.0,COMPUTED,True,False,False,[585]
D0__CAL_R2_K125,D0,125,CAL,R2,PG 16:0_20:5,PG,0.001071798758810331,0.0,COMPUTED,True,False,False,[580]
D0__CAL_R2_K125,D0,125,CAL,R2,PG 16:0_22:4,PG,0.0,,NOT_COMPUTED,False,False,False,[628]
D0__CAL_R2_K125,D0,125,CAL,R2,PG 16:0_22:5,PG,0.0,,NOT_COMPUTED,False,False,False,[621]
D0__CAL_R2_K125,D0,125,CAL,R2,PG 16:0_22:6,PG,0.0,,NOT_COMPUTED,False,False,False,[615]
D0__CAL_R2_K125,D0,125,CAL,R2,PG 16:1_20:1,PG,0.0028847044076107733,0.0,COMPUTED,True,False,False,[598]
D0__CAL_R2_K125,D0,125,CAL,R2,PG 16:1_20:2,PG,0.0028928289607811275,1.2364594476006614e-08,COMPUTED,True,True,True,[592]
D0__CAL_R2_K125,D0,125,CAL,R2,PG 16:1_20:3,PG,0.009431308049947284,4.213847667199346e-07,COMPUTED,True,True,True,[586]
D0__CAL_R2_K125,D0,125,CAL,R2,PG 16:1_20:4,PG,0.02872643783493799,1.2670026943947493e-05,COMPUTED,True,True,True,[581]
D0__CAL_R2_K125,D0,125,CAL,R2,PG 16:1_20:5,PG,0.005568243331967256,1.6322121852755214e-26,COMPUTED,True,False,False,[576]
D0__CAL_R2_K125,D0,125,CAL,R2,PG 16:1_22:3,PG,0.0,,NOT_COMPUTED,False,False,False,[629]
D0__CAL_R2_K125,D0,125,CAL,R2,PG 16:1_22:4,PG,0.0,,NOT_COMPUTED,False,False,False,[622]
D0__CAL_R2_K125,D0,125,CAL,R2,PG 16:1_22:5,PG,1.5572208420349917e-05,,NOT_COMPUTED,False,False,False,[616]
D0__CAL_R2_K125,D0,125,CAL,R2,PG 16:1_22:6,PG,0.0006068012098762138,,NOT_COMPUTED,False,False,False,[611]
D0__CAL_R2_K125,D0,125,CAL,R2,PG 17:0_17:0,PG,0.0,,NOT_COMPUTED,False,False,False,[675]
D0__CAL_R2_K125,D0,125,CAL,R2,PG 17:0_18:0,PG,0.0,,NOT_COMPUTED,False,False,False,[655]
D0__CAL_R2_K125,D0,125,CAL,R2,PG 17:0_18:1,PG,0.0,,NOT_COMPUTED,False,False,False,[656]
D0__CAL_R2_K125,D0,125,CAL,R2,PG 17:0_18:2,PG,0.0,,NOT_COMPUTED,False,False,False,[657]
D0__CAL_R2_K125,D0,125,CAL,R2,PG 17:0_18:3,PG,5.667691892860653e-07,,NOT_COMPUTED,False,False,False,[658]
D0__CAL_R2_K125,D0,125,CAL,R2,PG 17:0_20:0,PG,0.00033140716842955,,NOT_COMPUTED,False,False,False,[659]
D0__CAL_R2_K125,D0,125,CAL,R2,PG 17:0_20:1,PG,0.017306338038659285,2.039270747490132e-23,COMPUTED,True,False,False,[660]
D0__CAL_R2_K125,D0,125,CAL,R2,PG 17:0_20:2,PG,4.69263726325115e-06,,NOT_COMPUTED,False,False,False,[661]
D0__CAL_R2_K125,D0,125,CAL,R2,PG 17:0_20:3,PG,0.0,,NOT_COMPUTED,False,False,False,[662]
D0__CAL_R2_K125,D0,125,CAL,R2,PG 17:0_20:4,PG,0.009853808388612733,1.963792808419558e-06,COMPUTED,True,True,True,[663]
D0__CAL_R2_K125,D0,125,CAL,R2,PG 17:0_20:5,PG,2.113805950218865e-07,,NOT_COMPUTED,False,False,False,[664]
D0__CAL_R2_K125,D0,125,CAL,R2,PG 17:1_18:1,PG,0.0,,NOT_COMPUTED,False,False,False,[666]
D0__CAL_R2_K125,D0,125,CAL,R2,PG 17:1_18:2,PG,0.0,,NOT_COMPUTED,False,False,False,[667]
D0__CAL_R2_K125,D0,125,CAL,R2,PG 17:1_18:3,PG,6.619022211534263e-08,,NOT_COMPUTED,False,False,False,[668]
D0__CAL_R2_K125,D0,125,CAL,R2,PG 17:1_20:1,PG,0.0,,NOT_COMPUTED,False,False,False,[670]
D0__CAL_R2_K125,D0,125,CAL,R2,PG 17:1_20:2,PG,0.0,,NOT_COMPUTED,False,False,False,[671]
D0__CAL_R2_K125,D0,125,CAL,R2,PG 17:1_20:3,PG,0.012910031473777643,3.4743443660292195e-26,COMPUTED,True,False,False,[672]
D0__CAL_R2_K125,D0,125,CAL,R2,PG 17:1_20:4,PG,1.3966740374035644e-05,,NOT_COMPUTED,False,False,False,[673]
D0__CAL_R2_K125,D0,125,CAL,R2,PG 17:1_20:5,PG,2.444711765000428e-06,,NOT_COMPUTED,False,False,False,[674]
D0__CAL_R2_K125,D0,125,CAL,R2,PG 18:0_17:1,PG,0.0,,NOT_COMPUTED,False,False,False,[665]
D0__CAL_R2_K125,D0,125,CAL,R2,PG 18:0_18:0,PG,0.0005758815240602271,,NOT_COMPUTED,False,False,False,[609]
D0__CAL_R2_K125,D0,125,CAL,R2,PG 18:0_18:1,PG,0.00010058111864074133,,NOT_COMPUTED,False,False,False,[605]
D0__CAL_R2_K125,D0,125,CAL,R2,PG 18:0_18:2,PG,0.00010996240098037072,,NOT_COMPUTED,False,False,False,[599]
D0__CAL_R2_K125,D0,125,CAL,R2,PG 18:0_18:3,PG,0.00078693832794453,,NOT_COMPUTED,False,False,False,[593]
D0__CAL_R2_K125,D0,125,CAL,R2,PG 18:0_20:4,PG,0.0,,NOT_COMPUTED,False,False,False,[630]
D0__CAL_R2_K125,D0,125,CAL,R2,PG 18:0_20:5,PG,0.0,,NOT_COMPUTED,False,False,False,[623]
D0__CAL_R2_K125,D0,125,CAL,R2,PG 18:1_18:1,PG,3.249221312938141e-05,,NOT_COMPUTED,False,False,False,[600]
D0__CAL_R2_K125,D0,125,CAL,R2,PG 18:1_18:2,PG,0.000442244135573669,,NOT_COMPUTED,False,False,False,[594]
D0__CAL_R2_K125,D0,125,CAL,R2,PG 18:1_18:3,PG,0.006312427201898472,0.0,COMPUTED,True,False,False,[587]
D0__CAL_R2_K125,D0,125,CAL,R2,PG 18:1_20:3,PG,0.0,,NOT_COMPUTED,False,False,False,[631]
D0__CAL_R2_K125,D0,125,CAL,R2,PG 18:1_20:4,PG,0.0,,NOT_COMPUTED,False,False,False,[624]
D0__CAL_R2_K125,D0,125,CAL,R2,PG 18:1_20:5,PG,0.0,,NOT_COMPUTED,False,False,False,[617]
D0__CAL_R2_K125,D0,125,CAL,R2,PG 18:2_18:2,PG,0.0004636483805234225,,NOT_COMPUTED,False,False,False,[588]
D0__CAL_R2_K125,D0,125,CAL,R2,PG 18:2_18:3,PG,0.010916811931238982,4.978308187524668e-07,COMPUTED,True,True,True,[582]
D0__CAL_R2_K125,D0,125,CAL,R2,PG 18:2_20:2,PG,0.0,,NOT_COMPUTED,False,False,False,[632]
D0__CAL_R2_K125,D0,125,CAL,R2,PG 18:2_20:3,PG,0.0,,NOT_COMPUTED,False,False,False,[625]
D0__CAL_R2_K125,D0,125,CAL,R2,PG 18:2_20:4,PG,9.784142353251979e-06,,NOT_COMPUTED,False,False,False,[618]
D0__CAL_R2_K125,D0,125,CAL,R2,PG 18:2_20:5,PG,7.225167049930121e-06,,NOT_COMPUTED,False,False,False,[612]
D0__CAL_R2_K125,D0,125,CAL,R2,PG 18:3_18:3,PG,0.01924720304162316,2.1679969203040803e-06,COMPUTED,True,True,True,[577]
D0__CAL_R2_K125,D0,125,CAL,R2,PG 18:3_20:3,PG,0.0,,NOT_COMPUTED,False,False,False,[619]
D0__CAL_R2_K125,D0,125,CAL,R2,PG 18:3_20:4,PG,0.0014400334504816573,9.715148340150839e-24,COMPUTED,True,False,False,[613]
D0__CAL_R2_K125,D0,125,CAL,R2,PG 18:3_20:5,PG,0.02366389852229556,2.578454312770213e-05,COMPUTED,True,True,True,[610]
D0__CAL_R2_K125,D0,125,CAL,R2,PG 20:0_16:1,PG,9.623897313515274e-06,,NOT_COMPUTED,False,False,False,[604]
D0__CAL_R2_K125,D0,125,CAL,R2,PG 20:0_17:1,PG,0.0023998757050347577,3.1606541023714173e-28,COMPUTED,True,False,False,[669]
D0__CAL_R2_K125,D0,125,CAL,R2,PG 20:1_18:3,PG,6.191597811234617e-08,,NOT_COMPUTED,False,False,False,[633]
D0__CAL_R2_K125,D0,125,CAL,R2,PG 20:2_18:3,PG,3.369208782828501e-08,,NOT_COMPUTED,False,False,False,[626]
D0__CAL_R2_K125,D0,125,CAL,R2,PI 12:0_16:0,PI,0.0001967630022500084,,NOT_COMPUTED,False,False,False,[676]
D0__CAL_R2_K125,D0,125,CAL,R2,PI 12:0_16:1,PI,0.0002845989663652787,,NOT_COMPUTED,False,False,False,[677]
D0__CAL_R2_K125,D0,125,CAL,R2,PI 12:0_17:0,PI,0.0,,NOT_COMPUTED,False,False,False,[694]
D0__CAL_R2_K125,D0,125,CAL,R2,PI 12:0_17:1,PI,0.0016674634153091648,2.1626094721017413e-22,COMPUTED,True,False,False,[696]
D0__CAL_R2_K125,D0,125,CAL,R2,PI 12:0_18:0,PI,0.009558943055066512,1.0775956432857034e-05,COMPUTED,True,True,True,[678]
D0__CAL_R2_K125,D0,125,CAL,R2,PI 12:0_18:1,PI,3.557610188201498e-09,,NOT_COMPUTED,False,False,False,[679]
D0__CAL_R2_K125,D0,125,CAL,R2,PI 12:0_18:2,PI,0.0001581440487049836,,NOT_COMPUTED,False,False,False,[680]
D0__CAL_R2_K125,D0,125,CAL,R2,PI 12:0_18:3,PI,0.008366902946829527,0.00012147989145093498,COMPUTED,True,True,True,[681]
D0__CAL_R2_K125,D0,125,CAL,R2,PI 13:0_15:0,PI,0.0005954813352625418,,NOT_COMPUTED,False,False,False,[698]
D0__CAL_R2_K125,D0,125,CAL,R2,PI 13:0_16:0,PI,0.00014908007980327025,,NOT_COMPUTED,False,False,False,[685]
D0__CAL_R2_K125,D0,125,CAL,R2,PI 13:0_16:1,PI,0.003830167159378267,3.7677195336683026e-06,COMPUTED,True,True,True,[686]
D0__CAL_R2_K125,D0,125,CAL,R2,PI 13:0_17:0,PI,0.030854310078732114,0.00014401776930953242,COMPUTED,True,True,True,[699]
D0__CAL_R2_K125,D0,125,CAL,R2,PI 13:0_17:1,PI,0.0,,NOT_COMPUTED,False,False,False,[700]
D0__CAL_R2_K125,D0,125,CAL,R2,PI 13:0_18:0,PI,0.00010895547394425758,,NOT_COMPUTED,False,False,False,[687]
D0__CAL_R2_K125,D0,125,CAL,R2,PI 13:0_18:1,PI,0.0006807090895856866,,NOT_COMPUTED,False,False,False,[688]
D0__CAL_R2_K125,D0,125,CAL,R2,PI 13:0_18:2,PI,0.000517940462053079,,NOT_COMPUTED,False,False,False,[689]
D0__CAL_R2_K125,D0,125,CAL,R2,PI 13:0_18:3,PI,0.04495008506119101,7.129796920657203e-05,COMPUTED,True,True,True,[690]
D0__CAL_R2_K125,D0,125,CAL,R2,PI 14:0_14:0,PI,0.0,,NOT_COMPUTED,False,False,False,[682]
D0__CAL_R2_K125,D0,125,CAL,R2,PI 14:0_15:0,PI,0.0008270243994307094,,NOT_COMPUTED,False,False,False,[691]
D0__CAL_R2_K125,D0,125,CAL,R2,PI 14:0_16:0,PI,2.4570655891829422e-05,,NOT_COMPUTED,False,False,False,[683]
D0__CAL_R2_K125,D0,125,CAL,R2,PI 14:0_16:1,PI,1.875841499848695e-08,,NOT_COMPUTED,False,False,False,[684]
D0__CAL_R2_K125,D0,125,CAL,R2,PI 14:0_17:0,PI,0.008894428707537677,2.8705820326561402e-06,COMPUTED,True,True,True,[695]
D0__CAL_R2_K125,D0,125,CAL,R2,PI 14:0_17:1,PI,0.007050699923117555,2.301385381582915e-05,COMPUTED,True,True,True,[697]
D0__CAL_R2_K125,D0,125,CAL,R2,PI 15:0_15:0,PI,0.0012513114544992934,4.799552735183908e-22,COMPUTED,True,False,False,[701]
D0__CAL_R2_K125,D0,125,CAL,R2,PI 15:0_16:0,PI,0.00024117744170774977,,NOT_COMPUTED,False,False,False,[692]
D0__CAL_R2_K125,D0,125,CAL,R2,PI 15:0_16:1,PI,0.02139262721654817,7.683068691168843e-06,COMPUTED,True,True,True,[693]
D0__CAL_R2_K125,D0,125,CAL,R2,PS 12:0_22:0,PS,4.464573620460458e-05,,NOT_COMPUTED,False,False,False,[125]
D0__CAL_R2_K125,D0,125,CAL,R2,PS 12:0_22:1,PS,1.6710006349143153e-05,,NOT_COMPUTED,False,False,False,[126]
D0__CAL_R2_K125,D0,125,CAL,R2,PS 12:0_22:2,PS,0.0,,NOT_COMPUTED,False,False,False,[127]
D0__CAL_R2_K125,D0,125,CAL,R2,PS 12:0_22:3,PS,0.0,,NOT_COMPUTED,False,False,False,[128]
D0__CAL_R2_K125,D0,125,CAL,R2,PS 12:0_22:4,PS,0.0,,NOT_COMPUTED,False,False,False,[129]
D0__CAL_R2_K125,D0,125,CAL,R2,PS 12:0_22:5,PS,0.0,,NOT_COMPUTED,False,False,False,[130]
D0__CAL_R2_K125,D0,125,CAL,R2,PS 12:0_22:6,PS,0.0,,NOT_COMPUTED,False,False,False,[131]
D0__CAL_R2_K125,D0,125,CAL,R2,PS 12:0_24:0,PS,0.0,,NOT_COMPUTED,False,False,False,[132]
D0__CAL_R2_K125,D0,125,CAL,R2,PS 12:0_24:1,PS,7.794991831681758e-11,,NOT_COMPUTED,False,False,False,[133]
D0__CAL_R2_K125,D0,125,CAL,R2,PS 12:0_24:2,PS,0.0,,NOT_COMPUTED,False,False,False,[134]
D0__CAL_R2_K125,D0,125,CAL,R2,PS 12:0_24:3,PS,0.012300942680566121,2.871974125691421e-06,COMPUTED,True,True,True,[135]
D0__CAL_R2_K125,D0,125,CAL,R2,PS 12:0_24:4,PS,0.01983894982229672,9.028277292805197e-06,COMPUTED,True,True,True,[136]
D0__CAL_R2_K125,D0,125,CAL,R2,PS 12:0_24:5,PS,0.0064059862994460225,6.375977282903521e-22,COMPUTED,True,False,False,[137]
D0__CAL_R2_K125,D0,125,CAL,R2,PS 12:0_24:6,PS,0.0026861501799315198,2.233492982726541e-23,COMPUTED,True,False,False,[138]
D0__CAL_R2_K125,D0,125,CAL,R2,PS 13:0_20:0,PS,1.0943140728585458e-07,,NOT_COMPUTED,False,False,False,[182]
D0__CAL_R2_K125,D0,125,CAL,R2,PS 13:0_22:0,PS,3.769075774668152e-05,,NOT_COMPUTED,False,False,False,[183]
D0__CAL_R2_K125,D0,125,CAL,R2,PS 13:0_22:1,PS,7.256691621703675e-05,,NOT_COMPUTED,False,False,False,[184]
D0__CAL_R2_K125,D0,125,CAL,R2,PS 13:0_22:2,PS,0.0,,NOT_COMPUTED,False,False,False,[185]
D0__CAL_R2_K125,D0,125,CAL,R2,PS 13:0_22:3,PS,0.0,,NOT_COMPUTED,False,False,False,[186]
D0__CAL_R2_K125,D0,125,CAL,R2,PS 13:0_22:4,PS,0.00017053401091807552,,NOT_COMPUTED,False,False,False,[187]
D0__CAL_R2_K125,D0,125,CAL,R2,PS 13:0_22:5,PS,0.030793418024721048,0.00024084189417627658,COMPUTED,True,True,True,[188]
D0__CAL_R2_K125,D0,125,CAL,R2,PS 13:0_22:6,PS,0.0,,NOT_COMPUTED,False,False,False,[189]
D0__CAL_R2_K125,D0,125,CAL,R2,PS 13:0_24:4,PS,1.3340420279078632e-05,,NOT_COMPUTED,False,False,False,[190]
D0__CAL_R2_K125,D0,125,CAL,R2,PS 14:0_20:0,PS,3.753442553308472e-05,,NOT_COMPUTED,False,False,False,[139]
D0__CAL_R2_K125,D0,125,CAL,R2,PS 14:0_20:1,PS,0.0,,NOT_COMPUTED,False,False,False,[140]
D0__CAL_R2_K125,D0,125,CAL,R2,PS 14:0_20:2,PS,2.1712874878060536e-05,,NOT_COMPUTED,False,False,False,[141]
D0__CAL_R2_K125,D0,125,CAL,R2,PS 14:0_20:3,PS,1.5675235976491332e-07,,NOT_COMPUTED,False,False,False,[142]
D0__CAL_R2_K125,D0,125,CAL,R2,PS 14:0_20:4,PS,0.0,,NOT_COMPUTED,False,False,False,[143]
D0__CAL_R2_K125,D0,125,CAL,R2,PS 14:0_20:5,PS,0.0,,NOT_COMPUTED,False,False,False,[144]
D0__CAL_R2_K125,D0,125,CAL,R2,PS 14:0_22:0,PS,1.499575185882644e-08,,NOT_COMPUTED,False,False,False,[145]
D0__CAL_R2_K125,D0,125,CAL,R2,PS 14:0_22:1,PS,0.0,,NOT_COMPUTED,False,False,False,[146]
D0__CAL_R2_K125,D0,125,CAL,R2,PS 14:0_22:2,PS,0.0,,NOT_COMPUTED,False,False,False,[147]
D0__CAL_R2_K125,D0,125,CAL,R2,PS 14:0_22:3,PS,6.0158523994498944e-05,,NOT_COMPUTED,False,False,False,[148]
D0__CAL_R2_K125,D0,125,CAL,R2,PS 14:0_22:4,PS,1.5436310894811305e-06,,NOT_COMPUTED,False,False,False,[149]
D0__CAL_R2_K125,D0,125,CAL,R2,PS 14:0_22:5,PS,4.771371200570861e-05,,NOT_COMPUTED,False,False,False,[150]
D0__CAL_R2_K125,D0,125,CAL,R2,PS 14:0_22:6,PS,0.0004000638952194024,,NOT_COMPUTED,False,False,False,[151]
D0__CAL_R2_K125,D0,125,CAL,R2,PS 15:0_18:0,PS,0.0,,NOT_COMPUTED,False,False,False,[191]
D0__CAL_R2_K125,D0,125,CAL,R2,PS 15:0_20:0,PS,0.0,,NOT_COMPUTED,False,False,False,[192]
D0__CAL_R2_K125,D0,125,CAL,R2,PS 15:0_20:1,PS,0.0008171049821634939,,NOT_COMPUTED,False,False,False,[193]
D0__CAL_R2_K125,D0,125,CAL,R2,PS 15:0_20:2,PS,0.0,,NOT_COMPUTED,False,False,False,[194]
D0__CAL_R2_K125,D0,125,CAL,R2,PS 15:0_20:3,PS,1.76529412734522e-09,,NOT_COMPUTED,False,False,False,[195]
D0__CAL_R2_K125,D0,125,CAL,R2,PS 15:0_20:4,PS,0.0001385571150892924,,NOT_COMPUTED,False,False,False,[196]
D0__CAL_R2_K125,D0,125,CAL,R2,PS 15:0_20:5,PS,2.7252145050518505e-05,,NOT_COMPUTED,False,False,False,[197]
D0__CAL_R2_K125,D0,125,CAL,R2,PS 15:0_22:4,PS,2.80460047509448e-05,,NOT_COMPUTED,False,False,False,[198]
D0__CAL_R2_K125,D0,125,CAL,R2,PS 15:0_22:5,PS,0.008814997126850457,1.5384273860041168e-05,COMPUTED,True,True,True,[199]
D0__CAL_R2_K125,D0,125,CAL,R2,PS 15:0_22:6,PS,0.002220149672912803,1.9572413168572498e-26,COMPUTED,True,False,False,[200]
D0__CAL_R2_K125,D0,125,CAL,R2,PS 16:0_17:0,PS,0.0,,NOT_COMPUTED,False,False,False,[201]
D0__CAL_R2_K125,D0,125,CAL,R2,PS 16:0_18:0,PS,0.016020107647895385,4.614270955828144e-05,COMPUTED,True,True,True,[152]
D0__CAL_R2_K125,D0,125,CAL,R2,PS 16:0_18:1,PS,0.0,,NOT_COMPUTED,False,False,False,[153]
D0__CAL_R2_K125,D0,125,CAL,R2,PS 16:0_18:2,PS,0.0007335756713762035,,NOT_COMPUTED,False,False,False,[154]
D0__CAL_R2_K125,D0,125,CAL,R2,PS 16:0_18:3,PS,0.0,,NOT_COMPUTED,False,False,False,[155]
D0__CAL_R2_K125,D0,125,CAL,R2,PS 16:0_20:0,PS,9.463919869883063e-08,,NOT_COMPUTED,False,False,False,[156]
D0__CAL_R2_K125,D0,125,CAL,R2,PS 16:0_20:1,PS,2.9318020313144392e-05,,NOT_COMPUTED,False,False,False,[157]
D0__CAL_R2_K125,D0,125,CAL,R2,PS 16:0_20:2,PS,3.82878767790281e-05,,NOT_COMPUTED,False,False,False,[158]
D0__CAL_R2_K125,D0,125,CAL,R2,PS 16:0_20:3,PS,0.0001286799673774002,,NOT_COMPUTED,False,False,False,[159]
D0__CAL_R2_K125,D0,125,CAL,R2,PS 16:0_20:4,PS,0.01218761081001903,1.1015023406812243e-06,COMPUTED,True,True,True,[160]
D0__CAL_R2_K125,D0,125,CAL,R2,PS 16:0_20:5,PS,0.011715413721664545,5.9087938711382895e-06,COMPUTED,True,True,True,[161]
D0__CAL_R2_K125,D0,125,CAL,R2,PS 16:1_18:1,PS,8.440659896826056e-05,,NOT_COMPUTED,False,False,False,[163]
D0__CAL_R2_K125,D0,125,CAL,R2,PS 16:1_18:2,PS,0.0,,NOT_COMPUTED,False,False,False,[164]
D0__CAL_R2_K125,D0,125,CAL,R2,PS 16:1_18:3,PS,0.0,,NOT_COMPUTED,False,False,False,[165]
D0__CAL_R2_K125,D0,125,CAL,R2,PS 16:1_20:1,PS,6.489526305669277e-05,,NOT_COMPUTED,False,False,False,[167]
D0__CAL_R2_K125,D0,125,CAL,R2,PS 16:1_20:2,PS,0.00031771247613688935,,NOT_COMPUTED,False,False,False,[168]
D0__CAL_R2_K125,D0,125,CAL,R2,PS 16:1_20:3,PS,0.002277172766665912,3.302006412631964e-26,COMPUTED,True,False,False,[169]
D0__CAL_R2_K125,D0,125,CAL,R2,PS 16:1_20:4,PS,0.007988464789404882,2.206213248042706e-06,COMPUTED,True,True,True,[170]
D0__CAL_R2_K125,D0,125,CAL,R2,PS 16:1_20:5,PS,5.5657586490099835e-06,,NOT_COMPUTED,False,False,False,[171]
D0__CAL_R2_K125,D0,125,CAL,R2,PS 17:0_17:0,PS,0.002372552681200305,0.0,COMPUTED,True,False,False,[215]
D0__CAL_R2_K125,D0,125,CAL,R2,PS 17:0_17:1,PS,0.0,,NOT_COMPUTED,False,False,False,[216]
D0__CAL_R2_K125,D0,125,CAL,R2,PS 17:0_18:0,PS,0.0,,NOT_COMPUTED,False,False,False,[202]
D0__CAL_R2_K125,D0,125,CAL,R2,PS 17:0_18:1,PS,0.009925746253785634,2.8282995231131862e-05,COMPUTED,True,True,True,[203]
D0__CAL_R2_K125,D0,125,CAL,R2,PS 17:0_18:2,PS,0.0,,NOT_COMPUTED,False,False,False,[204]
D0__CAL_R2_K125,D0,125,CAL,R2,PS 17:0_18:3,PS,0.0,,NOT_COMPUTED,False,False,False,[205]
D0__CAL_R2_K125,D0,125,CAL,R2,PS 17:0_20:4,PS,0.029472160170369494,0.00028579430011496567,COMPUTED,True,True,True,[206]
D0__CAL_R2_K125,D0,125,CAL,R2,PS 17:0_20:5,PS,0.0034858763918752434,0.0,COMPUTED,True,False,False,[207]
D0__CAL_R2_K125,D0,125,CAL,R2,PS 17:1_17:1,PS,0.03004611793879323,0.00021463741872366498,COMPUTED,True,True,True,[217]
D0__CAL_R2_K125,D0,125,CAL,R2,PS 17:1_18:1,PS,5.1364977682788926e-05,,NOT_COMPUTED,False,False,False,[209]
D0__CAL_R2_K125,D0,125,CAL,R2,PS 17:1_18:2,PS,1.0034160302880171e-05,,NOT_COMPUTED,False,False,False,[210]
D0__CAL_R2_K125,D0,125,CAL,R2,PS 17:1_18:3,PS,0.0074864713485678315,7.011062511231309e-05,COMPUTED,True,True,True,[211]
D0__CAL_R2_K125,D0,125,CAL,R2,PS 17:1_20:3,PS,0.00012276429977474274,,NOT_COMPUTED,False,False,False,[212]
D0__CAL_R2_K125,D0,125,CAL,R2,PS 17:1_20:4,PS,0.013306739771368547,1.896847736724409e-05,COMPUTED,True,True,True,[213]
D0__CAL_R2_K125,D0,125,CAL,R2,PS 17:1_20:5,PS,0.028704382337288906,0.00046711870383739617,COMPUTED,True,True,True,[214]
D0__CAL_R2_K125,D0,125,CAL,R2,PS 18:0_16:1,PS,7.893113314887547e-06,,NOT_COMPUTED,False,False,False,[162]
D0__CAL_R2_K125,D0,125,CAL,R2,PS 18:0_17:1,PS,7.985717071530174e-05,,NOT_COMPUTED,False,False,False,[208]
D0__CAL_R2_K125,D0,125,CAL,R2,PS 18:0_18:0,PS,3.605481262607978e-05,,NOT_COMPUTED,False,False,False,[172]
D0__CAL_R2_K125,D0,125,CAL,R2,PS 18:0_18:1,PS,1.6784362224667844e-06,,NOT_COMPUTED,False,False,False,[173]
D0__CAL_R2_K125,D0,125,CAL,R2,PS 18:0_18:2,PS,4.958599331959269e-07,,NOT_COMPUTED,False,False,False,[174]
D0__CAL_R2_K125,D0,125,CAL,R2,PS 18:0_18:3,PS,0.03890615025163567,5.6122798374287046e-05,COMPUTED,True,True,True,[175]
D0__CAL_R2_K125,D0,125,CAL,R2,PS 18:1_18:1,PS,0.0001377893619086808,,NOT_COMPUTED,False,False,False,[176]
D0__CAL_R2_K125,D0,125,CAL,R2,PS 18:1_18:2,PS,0.002077084156322452,5.706786394032563e-22,COMPUTED,True,False,False,[177]
D0__CAL_R2_K125,D0,125,CAL,R2,PS 18:1_18:3,PS,7.03033032134136e-05,,NOT_COMPUTED,False,False,False,[178]
D0__CAL_R2_K125,D0,125,CAL,R2,PS 18:2_18:2,PS,0.0037871339927647465,0.0,COMPUTED,True,False,False,[179]
D0__CAL_R2_K125,D0,125,CAL,R2,PS 18:2_18:3,PS,0.030851906208685238,0.0005310154800223989,COMPUTED,True,True,True,[180]
D0__CAL_R2_K125,D0,125,CAL,R2,PS 18:3_18:3,PS,0.002406448016317923,4.3819090305748155e-06,COMPUTED,True,True,True,[181]
D0__CAL_R2_K125,D0,125,CAL,R2,PS 20:0_16:1,PS,0.0,,NOT_COMPUTED,False,False,False,[166]
