domain,lipid_name,molecular_truth,reportable_truth,X_hat,rho_zero,predictive_gain,unrestricted_predictive_gain,evaluable,supported_folds,positive_gain_folds,candidate_indices,raw_solver_reported
CLEAN,PA 16:0_24:0,True,True,0.02206871413877214,1.7916298684924645e-05,11.15936269658927,11.15936269658927,True,3,3,[0],True
CLEAN,PA 16:0_24:1,False,False,0.002741593775854162,1.2655279756195291e-20,3.7042878374316213e-10,3.7042878374316213e-10,True,3,2,[1],True
CLEAN,PA 18:0_22:0,False,False,0.0061304479120487055,5.265348238566402e-20,-0.0004101480599110261,-0.0004101480599110261,True,2,0,[5],True
CLEAN,PA 18:0_22:1,True,True,0.01195739120514359,6.849826663802598e-07,0.23324149067289798,0.23324149067289798,True,2,3,[6],True
CLEAN,PA 18:0_22:3,True,True,0.006133105027416855,7.648183435343335e-08,0.07603379190997919,0.07603379190997919,True,2,3,[8],True
CLEAN,PA 18:0_22:5,True,True,0.01051146636648853,2.737093658639987e-08,0.6404363156649296,0.6404363156649296,True,3,3,[10],True
CLEAN,PA 18:0_24:0,True,True,0.006931849711507101,3.405057693459683e-05,3.232602995800275,3.232602995800275,True,3,3,[11],True
CLEAN,PA 18:0_24:4,True,True,0.004229296107339587,9.673938289264283e-08,16.06505267490917,16.06505267490917,True,2,3,[13],True
CLEAN,PA 18:1_22:2,True,True,0.026998508738280264,1.206462265159496e-06,3.3093838962077413,3.3093838962077413,True,2,3,[18],True
CLEAN,PA 18:1_22:3,False,False,0.0056271879583168595,0.0,-1.6372956469119488e-05,-1.6372956469119488e-05,True,2,0,[19],True
CLEAN,PA 18:1_22:4,False,False,0.009860620707567845,1.5484524345939566e-20,1.8155371644101172e-09,1.8155371644101172e-09,True,3,1,[20],True
CLEAN,PA 18:1_24:4,False,False,0.0016232758674796616,4.485087625409012e-20,-9.657955523043479e-09,-9.657955523043479e-09,True,2,1,[23],True
CLEAN,PA 18:1_24:5,True,True,0.004376342478407217,5.483678970688452e-08,11.552091326723616,11.552091326723616,True,2,3,[24],True
CLEAN,PA 18:2_22:2,True,True,0.011255258380391714,3.342608367062656e-07,11.430273293664568,11.430273293664568,True,3,3,[28],True
CLEAN,PA 18:2_22:3,True,True,0.00878386887404199,1.335145113276362e-07,5.9849568082478575,5.9849568082478575,True,3,3,[29],True
CLEAN,PA 20:0_20:0,True,True,0.014433919328280554,7.446638299169471e-07,1.1852209483893823,1.1852209483893823,True,2,3,[35],True
CLEAN,PA 20:0_20:1,True,True,0.014206224233064956,1.0917870342210231e-06,9.350895185188342,9.350895185188342,True,2,3,[36],True
CLEAN,PA 20:0_20:4,False,False,0.006449527476904421,1.823672502391924e-20,-1.3363999210717345e-08,-1.3363999210717345e-08,True,3,1,[39],True
CLEAN,PA 20:0_22:5,False,False,0.001531360439187455,5.768387160428136e-21,-3.6998043848798157e-13,-3.6998043848798157e-13,True,3,2,[45],True
CLEAN,PA 20:0_22:6,False,False,0.001103487648339716,1.8149777364481892e-28,-7.1668199952106396e-12,-7.1668199952106396e-12,True,3,0,[46],True
CLEAN,PA 20:1_20:2,True,True,0.009639398764580889,1.7416392006372027e-07,0.9554951841249408,0.9554951841249408,True,2,3,[48],True
CLEAN,PA 20:1_20:3,True,True,0.023800256475776754,1.6688695153178876e-07,0.9902997723638499,0.9902997723638499,True,2,3,[49],True
CLEAN,PA 20:1_20:4,True,True,0.02353446491757947,2.8665053653408235e-06,2.0411731638092387,2.0411731638092387,True,3,3,[50],True
CLEAN,PA 20:1_22:2,True,True,0.02005509904786493,4.8327812431517506e-06,2.8691537114678027,2.8691537114678027,True,3,3,[53],True
CLEAN,PA 20:1_22:4,True,True,0.015762963574742522,1.4006641030238715e-05,9.676446473585354,9.676446473585354,True,3,3,[55],True
CLEAN,PA 20:1_22:5,False,False,0.001922054410756468,3.0330398519472785e-27,-1.8203067986499577e-05,-1.8203067986499577e-05,True,3,1,[56],True
CLEAN,PA 20:1_22:6,False,False,0.01135109796542075,4.8525286961670255e-28,-0.00010875210199442604,-0.00010875210199442604,True,3,0,[57],True
CLEAN,PA 20:2_20:2,True,True,0.014436457125201734,1.7139318807173146e-07,0.047586490206815574,0.047586490206815574,True,2,3,[58],True
CLEAN,PA 20:2_20:3,False,False,0.0034306746512120997,6.368610567775e-20,-4.749123709055459e-05,-4.749123709055459e-05,True,2,1,[59],True
CLEAN,PA 20:2_22:4,True,True,0.012407767683257714,8.867070394986005e-07,0.21659852595294746,0.21659852595294746,True,3,3,[61],True
CLEAN,PA 20:2_22:6,True,True,0.012685078029723575,6.2131265125641895e-06,9.549436676490865,9.549436676490865,True,3,3,[62],True
CLEAN,PA 20:3_22:3,True,True,0.025024329582499557,1.6796022217580196e-05,0.23930959056762346,0.23930959056762346,True,3,3,[65],True
CLEAN,PA 20:3_22:4,False,False,0.003059724226812473,0.0,-2.2985462626191734e-05,-2.2985462626191734e-05,True,3,1,[66],True
CLEAN,PA 20:3_22:6,True,True,0.003208276461550322,1.7799234974638722e-06,1.8814762312539783,1.8814762312539783,True,3,3,[67],True
CLEAN,PA 20:4_22:5,False,False,0.0017520204266461637,2.5447258844641927e-29,-7.814642306258027e-05,-7.814642306258027e-05,True,3,1,[73],True
CLEAN,PA 22:0_18:1,True,True,0.00435250716075901,1.054948971150376e-06,11.808436609340712,11.808436609340712,True,2,3,[16],True
CLEAN,PA 22:0_20:1,False,False,0.00127066623285552,0.0,5.147941367300845e-11,5.147941367300845e-11,True,3,2,[51],True
CLEAN,PA 22:1_20:2,False,False,0.001896894538028031,0.0,-2.0852422732506924e-05,-2.0852422732506924e-05,True,3,0,[60],True
CLEAN,PA 22:1_20:4,True,True,0.010596129891963058,4.1545499327095873e-07,0.4200829201725401,0.4200829201725401,True,3,3,[69],True
CLEAN,PA 22:2_20:4,True,True,0.020565776909088743,4.2858047516889744e-07,9.851093502364701,9.851093502364701,True,3,3,[70],True
CLEAN,PA 22:3_20:4,True,True,0.025909500932137203,3.88355365716354e-05,1.7700036274980537,1.7700036274980537,True,3,3,[71],True
CLEAN,PA 22:3_22:6,False,False,0.002587960877075639,1.925081831516637e-21,-5.76825582778107e-06,-5.76825582778107e-06,True,3,1,[76],True
CLEAN,PA 22:4_22:5,True,True,0.007125378173540764,4.353183070443103e-06,0.014002495915848241,0.014002495915848241,True,3,3,[77],True
CLEAN,PA 22:4_22:6,True,True,0.005860302140837411,1.4271846926615679e-07,3.5715743142210195,3.5715743142210195,True,3,3,[78],True
CLEAN,PA 22:6_22:6,False,False,0.001363250307355863,0.0,-1.335336151413274e-10,-1.335336151413274e-10,True,3,0,[81],True
CLEAN,PA 24:0_16:1,False,False,0.0015712651115189955,1.3529552476867874e-20,-1.5240525827569832e-07,-1.5240525827569832e-07,True,3,1,[4],True
CLEAN,PC 14:0_18:0,False,False,0.0024587359397668417,2.7659118770717437e-27,3.2995190539909814e-10,3.2995190539909814e-10,True,3,2,"[343, 355, 367]",True
CLEAN,PC 14:0_18:2,True,True,0.007694399603147772,5.01610874686159e-07,9.115305597156107,9.115305597156107,True,2,3,[369],True
CLEAN,PC 14:0_20:0,True,True,0.005784866525792566,4.873513766907567e-06,10.481695238097544,10.481695238097544,True,3,3,[370],True
CLEAN,PC 14:0_20:1,True,True,0.00629242042665494,5.593128274195781e-07,9.446342765326065,9.446342765326065,True,3,3,[371],True
CLEAN,PC 14:0_20:3,True,True,0.025864388231599027,2.530408080878393e-05,0.15421918550689664,0.15421918550689664,True,3,3,[373],True
CLEAN,PC 16:1_18:2,False,False,0.003160147618675322,0.0,5.590292620245149e-13,5.590292620245149e-13,True,3,2,[387],True
CLEAN,PC 17:0_17:0,True,True,0.031555504227056205,3.405768648625433e-05,8.69810042820136,8.69810042820136,True,3,3,[388],True
CLEAN,PC 18:0_14:1,True,True,0.025808403747302134,0.0002676178919178276,9.76488382363483,9.76488382363483,True,2,3,[376],True
CLEAN,PC O-16:1_17:1,True,True,0.010157580711497775,0.00011911029253980875,12.743352718822274,12.743352718822274,True,2,3,[365],True
CLEAN,PC O-16:1_18:0,True,True,0.011782755168438012,0.00015376052770730753,1.485666292382401,1.485666292382401,True,2,3,[350],True
CLEAN,PE 16:0_22:3,False,False,0.004060913963218693,0.0,-2.4687454628196938e-05,-2.4687454628196938e-05,True,2,1,[118],True
CLEAN,PE 16:0_22:4,False,False,0.00364819053550454,1.5881873485170809e-22,-1.16255359264478e-08,-1.16255359264478e-08,True,2,0,[119],True
CLEAN,PE 16:0_22:6,True,True,0.0035692266560857625,5.946968909614031e-07,9.98092247912043,9.98092247912043,True,3,3,[121],True
CLEAN,PE 16:0_24:4,False,False,0.0013265048245826585,0.0,-1.041983492744232e-11,-1.041983492744232e-11,True,3,2,[122],True
CLEAN,PE 16:1_22:2,True,True,0.01613071649840392,6.795844897528203e-07,7.6797355073340965,7.6797355073340965,True,3,3,[127],True
CLEAN,PE 16:1_22:3,False,False,0.0013582064357787122,0.0,-7.473470449052529e-06,-7.473470449052529e-06,True,2,1,[128],True
CLEAN,PE 16:1_22:4,False,False,0.0026223633635263396,0.0,-5.2156738261988205e-18,-5.2156738261988205e-18,True,2,0,[129],True
CLEAN,PE 16:1_22:5,False,False,0.002148423787975997,3.5970537295751794e-22,-9.73487392022867e-09,-9.73487392022867e-09,True,2,1,[130],True
CLEAN,PE 16:1_22:6,False,False,0.001504205290635387,0.0,-1.4316595441314326e-09,-1.4316595441314326e-09,True,3,1,[131],True
CLEAN,PE 17:0_20:0,False,False,0.011078223262436585,8.606791461215002e-22,-4.1195373016321034e-07,-4.1195373016321034e-07,True,3,1,[186],True
CLEAN,PE 17:0_20:1,True,True,0.014480046126660215,1.720497397138138e-07,10.580737706965337,10.580737706965337,True,3,3,[187],True
CLEAN,PE 17:0_20:2,True,True,0.006287239363586717,2.5994920094358176e-08,16.652969066460795,16.652969066460795,True,2,3,[188],True
CLEAN,PE 17:0_20:4,True,True,0.0034046196679314083,5.217807150762012e-08,15.921650367404741,15.921650367404741,True,2,3,[190],True
CLEAN,PE 17:0_20:5,True,True,0.020633821729847297,4.496648196411416e-05,9.46504481708893,9.46504481708893,True,3,3,[191],True
CLEAN,PE 17:0_22:2,False,False,0.007605132208067067,8.856436082802003e-25,-1.1041486623029111e-06,-1.1041486623029111e-06,True,2,1,[193],True
CLEAN,PE 17:0_22:5,False,False,0.0022524657262027055,1.1503795970786982e-25,-1.4468810321904451e-11,-1.4468810321904451e-11,True,3,1,[196],True
CLEAN,PE 17:0_22:6,False,False,0.005045519977680907,0.0,1.0469754124853378e-08,1.0469754124853378e-08,True,3,1,[197],True
CLEAN,PE 17:1_20:2,False,False,0.006345369828461578,4.771693806645236e-21,-1.4078919697631834e-08,-1.4078919697631834e-08,True,2,1,[200],True
CLEAN,PE 17:1_20:4,True,True,0.016269967643028814,7.354188924189217e-08,5.71136905597032,5.71136905597032,True,2,3,[202],True
CLEAN,PE 17:1_22:1,True,True,0.01997523704418065,8.116888061390411e-06,9.999838911711407,9.999838911711407,True,2,3,[203],True
CLEAN,PE 17:1_22:3,False,False,0.005955674767352675,0.0,-1.2687367377839336e-06,-1.2687367377839336e-06,True,2,0,[204],True
CLEAN,PE 17:1_22:4,False,False,0.005868692472432538,0.0,-1.166959111844372e-13,-1.166959111844372e-13,True,2,1,[205],True
CLEAN,PE 17:1_22:5,False,False,0.005122577331466543,0.0,1.8113914672442403e-13,1.8113914672442403e-13,True,2,2,[206],True
CLEAN,PE 18:0_20:0,True,True,0.024198189300963388,0.00021491093143030096,0.29664423811348134,0.29664423811348134,True,3,3,[132],True
CLEAN,PE 18:0_20:4,True,True,0.018876060766355677,1.164825252204842e-06,9.309072927898358,9.309072927898358,True,2,3,[136],True
CLEAN,PE 18:0_22:3,True,True,0.019934719232089695,1.9803504340473043e-08,6.015129802459491,6.015129802459491,True,2,3,[138],True
CLEAN,PE 18:0_22:4,True,True,0.01942845036344724,3.8734382953479965e-08,10.003531683691707,10.003531683691707,True,2,3,[139],True
CLEAN,PE 18:0_22:5,True,True,0.016648612570760713,5.773790864971675e-07,14.811921754182892,14.811921754182892,True,2,3,[140],True
CLEAN,PE 18:0_22:6,True,True,0.022787757016764502,3.864752648267769e-06,11.603384991039702,11.603384991039702,True,3,3,[141],True
CLEAN,PE 18:1_20:3,True,True,0.004867811809477667,2.0196404215828995e-08,4.860775039572399,4.860775039572399,True,2,3,[145],True
CLEAN,PE 18:1_20:5,False,False,0.0011031182620618145,0.0,-6.074309686631373e-06,-6.074309686631373e-06,True,2,0,[147],True
CLEAN,PE 18:1_22:6,False,False,0.00422227980457449,0.0,-1.4448898907523747e-08,-1.4448898907523747e-08,True,3,0,[152],True
CLEAN,PE 18:2_20:2,False,False,0.009537290237594536,9.12226024553226e-21,-2.9619081006397353e-09,-2.9619081006397353e-09,True,3,1,[155],True
CLEAN,PE 18:2_20:4,False,False,0.012201079907396174,0.0,-1.4509945858578184e-16,-1.4509945858578184e-16,True,3,1,[157],True
CLEAN,PE 18:2_22:2,False,False,0.009024521445052856,2.688185712418627e-24,-2.3410734068303706e-05,-2.3410734068303706e-05,True,3,2,[160],True
CLEAN,PE 18:2_22:3,True,True,0.016702751288668754,1.3193204543205254e-06,9.510863098911065,9.510863098911065,True,3,3,[161],True
CLEAN,PE 18:2_22:4,True,True,0.0036084914212083812,4.097181429883048e-08,7.849882035727099,7.849882035727099,True,3,3,[162],True
CLEAN,PE 18:2_22:5,True,True,0.006297309445988472,5.3843879257425476e-08,9.280070433061008,9.280070433061008,True,3,3,[163],True
CLEAN,PE 18:2_22:6,True,True,0.012141771821119933,1.7139398900787625e-06,7.412880935936431,7.412880935936431,True,2,3,[164],True
CLEAN,PE 20:0_17:1,True,True,0.029549656276871665,2.3460737905200416e-05,10.732463332028974,10.732463332028974,True,3,3,[198],True
CLEAN,PE 20:0_20:3,False,False,0.0017799602557502842,4.84063843050407e-28,-1.6242333175789442e-05,-1.6242333175789442e-05,True,3,1,[170],True
CLEAN,PE 20:0_20:4,True,True,0.014603061969414298,9.289963668510981e-07,15.299415221790502,15.299415221790502,True,3,3,[171],True
CLEAN,PE 20:0_20:5,False,False,0.004312640988010778,0.0,1.5774086200049378e-06,1.5774086200049378e-06,True,3,3,[172],True
CLEAN,PE 20:1_18:2,False,False,0.002149384469304753,1.8395881087440837e-22,1.0899703334911618e-10,1.0899703334911618e-10,True,3,1,[154],True
CLEAN,PE 20:1_18:3,False,False,0.0024612672121460777,0.0,1.424455885953131e-10,1.424455885953131e-10,True,3,2,[166],True
CLEAN,PE 20:1_20:2,True,True,0.007774956314217103,5.61486999700636e-08,3.39721016205285,3.39721016205285,True,3,3,[173],True
CLEAN,PE 20:1_20:3,False,False,0.005031622711196542,2.1998053495144017e-21,-2.0236115131476977e-08,-2.0236115131476977e-08,True,2,1,[174],True
CLEAN,PE 20:1_20:5,False,False,0.003209899654474411,0.0,5.5079778733596086e-11,5.5079778733596086e-11,True,3,2,[176],True
CLEAN,PE 20:2_20:2,True,True,0.01016820966470974,2.0586418891985483e-08,11.223965692819643,11.223965692819643,True,2,3,[177],True
CLEAN,PE 20:2_20:4,True,True,0.006118498880779389,5.337446848077425e-08,7.680391510576842,7.680391510576842,True,2,3,[179],True
CLEAN,PE 20:2_20:5,True,True,0.020511923873979338,3.206398687197748e-05,22.516695443653646,22.516695443653646,True,2,3,[180],True
CLEAN,PE 20:3_20:4,False,False,0.008064288587997133,3.412670204370871e-21,7.187558281493014e-17,7.187558281493014e-17,True,2,1,[182],True
CLEAN,PE 20:3_20:5,True,True,0.011072088508029881,6.034471090727215e-06,10.827481761634093,10.827481761634093,True,2,3,[183],True
CLEAN,PE 20:4_20:4,False,False,0.005993191425300106,0.0,-7.139677293480067e-12,-7.139677293480067e-12,True,2,0,[184],True
CLEAN,PE 22:1_18:2,True,True,0.03013615205302525,2.0540946649361716e-05,0.07543897571225143,0.07543897571225143,True,3,3,[159],True
CLEAN,PE O-16:0_22:1,False,False,0.002150374707576491,0.0,1.4843406645307933e-05,1.4843406645307933e-05,True,2,1,[208],True
CLEAN,PE O-16:0_22:2,True,True,0.012152957580486427,1.0973833123401195e-08,0.0352968290562703,0.0352968290562703,True,2,3,[209],True
CLEAN,PE O-16:0_22:3,True,True,0.00895254685760792,1.1295243300889608e-07,0.47473144688100544,0.47473144688100544,True,2,3,[210],True
CLEAN,PE O-16:0_22:4,False,False,0.0024876382980547718,3.558156649152873e-21,3.0367799690221278e-09,3.0367799690221278e-09,True,2,2,[211],True
CLEAN,PE O-16:0_22:5,False,False,0.002388482318373168,9.052639690330719e-22,-1.2414493944762307e-13,-1.2414493944762307e-13,True,2,1,[212],True
CLEAN,PE O-16:0_22:6,False,False,0.0012839851838878907,1.7882999693247994e-22,-3.837614635832777e-06,-3.837614635832777e-06,True,2,1,[213],True
CLEAN,PE O-16:1_22:0,True,True,0.006502773259135421,1.5094125903949502e-07,0.09359422255091704,0.09359422255091704,True,2,3,[214],True
CLEAN,PE O-16:1_22:1,False,False,0.002465785195121862,0.0,-0.00011653772099975557,-0.00011653772099975557,True,2,1,[215],True
CLEAN,PE O-16:1_22:2,True,True,0.007229444749410365,6.969613788535917e-08,9.134769482364172,9.134769482364172,True,2,3,[216],True
CLEAN,PE O-16:1_22:3,False,False,0.01360227249646352,3.2926506459406547e-28,0.0013971969765262764,0.0013971969765262764,True,2,1,[217],True
CLEAN,PE O-16:1_22:4,True,True,0.012954570595810021,6.97371981763781e-09,0.026254220036272445,0.026254220036272445,True,2,3,[218],True
CLEAN,PE O-16:1_22:5,True,True,0.015405164760709848,2.946502030662236e-07,9.450805315735773,9.450805315735773,True,2,3,[219],True
CLEAN,PE O-16:1_24:0,False,False,0.0021865893456608854,6.823396242180053e-21,,5.273869551527448e-09,False,0,2,[220],True
CLEAN,PE O-16:1_24:1,True,True,0.006128168720472908,1.7510684396050256e-05,,12.966704280457314,False,0,3,[221],True
CLEAN,PE O-18:0_20:1,False,False,0.0015165134599314453,2.896336583239661e-21,,-1.6982375589249183e-08,False,1,0,[225],True
CLEAN,PE O-18:0_20:2,False,False,0.006944736145917449,0.0,,-1.4752884109296348e-15,False,0,0,[226],True
CLEAN,PE O-18:0_20:3,False,False,0.004486242532701898,0.0,,4.969989163215546e-11,False,0,1,[227],True
CLEAN,PE O-18:0_20:4,False,False,0.002605900311116967,0.0,,-1.7412571206527963e-09,False,0,1,[228],True
CLEAN,PE O-18:0_22:1,True,True,0.01775606130467362,1.737959807195549e-05,,11.084826439937153,False,0,3,[230],True
CLEAN,PE O-18:0_22:2,True,True,0.006879904994149486,2.2072321157188232e-07,,0.191530768536575,False,0,3,[231],True
CLEAN,PE O-18:0_22:5,False,False,0.0018898422453008487,0.0,9.376983141481363e-11,9.376983141481363e-11,True,2,1,[234],True
CLEAN,PE O-18:0_22:6,False,False,0.004775667255578279,0.0,9.700315461746883e-12,9.700315461746883e-12,True,3,2,[235],True
CLEAN,PE O-18:1_20:1,True,True,0.005263295417980039,6.321183004720081e-08,,0.6553417863574964,False,1,3,[236],True
CLEAN,PE O-18:1_20:2,False,False,0.0039785799041023385,0.0,,-3.7166166444205086e-06,False,0,1,[237],True
CLEAN,PE O-18:1_20:3,False,False,0.002212049364787856,1.4018715436885161e-27,,-0.00015047093636915616,False,0,0,[238],True
CLEAN,PE O-18:1_20:4,True,True,0.012944688866166443,1.782600043069358e-07,,9.44981333149176,False,0,3,[239],True
CLEAN,PE O-18:1_20:5,False,False,0.0023431204930304894,0.0,,-2.3263187723621116e-11,False,0,1,[240],True
CLEAN,PE O-18:1_22:1,True,True,0.012936861733659943,2.8251990371146892e-08,,0.024084801798484847,False,0,3,[241],True
CLEAN,PE O-18:1_22:2,True,True,0.04308271221845116,6.904416672724642e-08,,0.0014389457794301936,False,0,2,[242],True
CLEAN,PE O-18:1_22:3,True,True,0.0079391181744936,3.0491092908005636e-09,,0.002373248085436258,False,0,3,[243],True
CLEAN,PE O-18:1_22:4,True,True,0.011621498731311873,2.0852663254069391e-07,,2.136313770183009,False,0,3,[244],True
CLEAN,PE O-18:1_22:5,True,True,0.009285689683653332,3.8269701516859887e-07,9.59131394704899,9.59131394704899,True,2,3,[245],True
CLEAN,PE O-18:1_22:6,True,True,0.006655011608371093,2.0008336413337336e-07,14.15559314797559,14.15559314797559,True,3,3,[246],True
CLEAN,PE O-18:2_20:2,True,True,0.006331812578693306,8.36960246584929e-08,,0.14404325118536895,False,0,3,[249],True
CLEAN,PE O-18:2_20:3,False,False,0.003307674750436374,2.5725413302239015e-21,,8.655192224975633e-07,False,0,2,[250],True
CLEAN,PE O-18:2_20:4,True,True,0.02026233432374667,3.989385008702664e-07,,10.010170772772335,False,0,3,[251],True
CLEAN,PE O-18:2_22:0,True,True,0.014286269212129225,1.2559228453757746e-06,,2.8711596263724144,False,1,3,[252],True
CLEAN,PE O-18:2_22:2,True,True,0.018544894205597223,2.6277368747093044e-08,,0.0017248709908159428,False,0,3,[254],True
CLEAN,PE O-18:2_22:3,False,False,0.014123999644421655,1.3645663782767079e-21,,-0.0001351308995589803,False,0,2,[255],True
CLEAN,PE O-18:2_22:4,False,False,0.00703563888701601,0.0,,-5.675964333105824e-05,False,0,1,[256],True
CLEAN,PE O-18:2_22:5,False,False,0.007750974156632493,0.0,9.666485491543668e-17,9.666485491543668e-17,True,2,2,[257],True
CLEAN,PE O-18:2_22:6,True,True,0.025793627306586145,0.00014092358076372513,13.548411195786803,13.548411195786803,True,3,3,[258],True
CLEAN,PE O-18:3_20:3,False,False,0.003073253026964952,3.896025387809402e-24,,-2.2914933383450685e-18,False,0,0,[259],True
CLEAN,PE O-18:3_22:0,True,True,0.006442473788682007,1.2043968913391365e-07,,1.022662690041285,False,1,3,[260],True
CLEAN,PE O-18:3_22:5,False,False,0.004205114104983782,0.0,-2.940560049344454e-11,-2.940560049344454e-11,True,2,1,[263],True
CLEAN,PE O-18:3_22:6,True,True,0.0020175686121673485,3.7741086621909626e-06,1.9137851676530462,1.9137851676530462,True,3,3,[264],True
CLEAN,PE O-20:0_18:2,True,True,0.02327560806150545,3.0135537079826333e-06,,0.07095212301269437,False,1,3,[247],True
CLEAN,PE O-20:0_20:2,False,False,0.0029385521947484406,1.4083617501698436e-20,-1.2434391670878205e-11,-1.2434391670878205e-11,True,2,0,[265],True
CLEAN,PE O-20:1_18:2,False,False,0.002372948134989712,0.0,,2.0054631712224714e-10,False,1,1,[248],True
CLEAN,PE O-20:2_20:3,False,False,0.005134969584477642,9.548079626761311e-22,7.752890649197877e-13,7.752890649197877e-13,True,2,2,[273],True
CLEAN,PE O-20:2_20:4,True,True,0.003604951436720222,6.265961922870542e-08,10.908543098160147,10.908543098160147,True,2,3,[274],True
CLEAN,PG 14:0_20:0,False,False,0.001208671160458738,0.0,2.2531538905101363e-12,2.2531538905101363e-12,True,3,2,[277],True
CLEAN,PG 14:0_22:1,True,True,0.010030124695365798,2.13832897316871e-08,7.759762516676937,7.759762516676937,True,3,3,[298],True
CLEAN,PG 14:0_22:3,False,False,0.0023418247518815698,0.0,-1.282649110744924e-15,-1.282649110744924e-15,True,3,0,[288],True
CLEAN,PG 16:0_18:0,False,False,0.005360315903945805,0.0,-3.803465838614916e-10,-3.803465838614916e-10,True,3,1,[278],True
CLEAN,PG 16:0_20:1,True,True,0.0018211247017812285,4.842465525515777e-08,14.200223455434879,14.200223455434879,True,2,3,[299],True
CLEAN,PG 16:0_20:2,False,False,0.009517593218228348,0.0,-5.93386476847651e-08,-5.93386476847651e-08,True,3,0,[294],True
CLEAN,PG 16:0_20:3,True,True,0.022878248448128836,4.1630869908933796e-08,4.256782380881811,4.256782380881811,True,3,3,[289],True
CLEAN,PG 16:0_22:5,True,True,0.004108973513877292,3.7941287357076186e-08,3.9718128280767684,3.9718128280767684,True,3,3,[312],True
CLEAN,PG 16:1_20:2,True,True,0.010372310738939836,3.1000289649937915e-09,2.943139722825101,2.943139722825101,True,2,3,[290],True
CLEAN,PG 16:1_20:3,False,False,0.0026285534380896167,0.0,-6.413153510466455e-08,-6.413153510466455e-08,True,3,1,[285],True
CLEAN,PG 16:1_20:4,True,True,0.007603715402373219,3.00097724292882e-07,3.0095407299232093,3.0095407299232093,True,3,3,[281],True
CLEAN,PG 17:0_17:0,True,True,0.010390677289735471,1.641973187307952e-05,,20.710298219953554,False,1,3,[342],True
CLEAN,PG 17:0_18:1,False,False,0.0025467410466855885,2.3045406736672778e-27,-3.647813100556007e-06,-3.647813100556007e-06,True,2,0,[326],True
CLEAN,PG 17:0_20:1,False,False,0.0028398873736415193,0.0,3.259474277817866e-09,3.259474277817866e-09,True,3,3,[329],True
CLEAN,PG 17:0_20:2,True,True,0.026356503997347267,3.4640198643914067e-07,9.258302253855696,9.258302253855696,True,3,3,[330],True
CLEAN,PG 17:0_20:3,False,False,0.018736354153071216,2.4565765320344326e-21,8.59156370228953e-07,8.59156370228953e-07,True,3,1,[331],True
CLEAN,PG 17:0_20:4,False,False,0.008614623699311577,6.4409475308222295e-24,5.343556713910011e-10,5.343556713910011e-10,True,3,3,[332],True
CLEAN,PG 17:0_20:5,True,True,0.003129566999976191,2.6004640203129144e-07,19.487943781092728,19.487943781092728,True,3,3,[333],True
CLEAN,PG 17:1_18:2,True,True,0.028120164993586588,0.0015689316695355689,,9.824530101417274,False,1,3,[336],True
CLEAN,PG 17:1_20:1,False,False,0.006334122738784711,3.11248417698796e-23,1.275023361856159e-07,1.275023361856159e-07,True,3,3,[338],True
CLEAN,PG 17:1_20:2,True,True,0.01298716255482164,2.1582523669187578e-07,10.097816888480613,10.097816888480613,True,2,3,[339],True
CLEAN,PG 17:1_20:3,True,True,0.0014304132518866942,4.973609880080697e-08,9.14014694659784,9.14014694659784,True,2,3,[340],True
CLEAN,PG 17:1_20:4,False,False,0.008005006473811813,5.2228353825112626e-21,-1.598570590431653e-06,-1.598570590431653e-06,True,2,1,[341],True
CLEAN,PG 18:0_17:1,True,True,0.010941857626654948,1.6066849105487307e-06,19.374096132484816,19.374096132484816,True,2,3,[334],True
CLEAN,PG 18:0_18:0,False,False,0.001935005195613044,0.0,,1.614471297820682e-10,False,0,2,[304],True
CLEAN,PG 18:0_18:1,False,False,0.0029127146042948263,2.4397454132502373e-28,-2.4206247039484347e-06,-2.4206247039484347e-06,True,3,0,[301],True
CLEAN,PG 18:0_18:2,True,True,0.014259090757711241,5.353327067604143e-07,9.884465459722412,9.884465459722412,True,2,3,[296],True
CLEAN,PG 18:0_18:3,True,True,0.01407610037221033,1.7000349195552183e-07,15.48636046789781,15.48636046789781,True,2,3,[291],True
CLEAN,PG 18:0_20:4,True,True,0.02083172140931099,2.4569616658616507e-06,13.991159397684342,13.991159397684342,True,3,3,[321],True
CLEAN,PG 18:0_20:5,False,False,0.017726653169742607,0.0,-2.905049253632499e-07,-2.905049253632499e-07,True,3,2,[314],True
CLEAN,PG 18:1_18:2,False,False,0.0033737406673019898,6.810617172541987e-21,,5.7986869000922945e-08,False,1,1,[292],True
CLEAN,PG 18:1_18:3,False,False,0.0018778615147099316,1.3883819359837887e-22,-6.988242590900693e-08,-6.988242590900693e-08,True,2,0,[286],True
CLEAN,PG 18:1_20:3,True,True,0.01127158573428659,3.362450992772802e-08,15.303288416741484,15.303288416741484,True,3,3,[322],True
CLEAN,PG 18:1_20:4,False,False,0.0034810872617279925,1.375280753606382e-29,-3.3812077764997643e-12,-3.3812077764997643e-12,True,3,0,[315],True
CLEAN,PG 18:2_18:2,True,True,0.010167795190062208,3.854766889095603e-08,,9.819424175832857,False,1,3,[287],True
CLEAN,PG 18:2_20:2,False,False,0.011593721532741913,1.0861002034993369e-22,1.5833346209095294e-07,1.5833346209095294e-07,True,3,2,[323],True
CLEAN,PG 18:2_20:3,True,True,0.025247011549920123,8.274467013114422e-07,8.972982124696417,8.972982124696417,True,3,3,[316],True
CLEAN,PG 18:2_20:5,False,False,0.0035301312942335543,0.0,-2.2470134276610234e-08,-2.2470134276610234e-08,True,3,1,[306],True
CLEAN,PG 18:3_20:4,True,True,0.011242664683798314,1.754120202516292e-06,16.08765959571387,16.08765959571387,True,3,3,[307],True
CLEAN,PG 20:0_16:1,False,False,0.003953788699110233,5.0728238490141484e-23,-3.820775072941949e-13,-3.820775072941949e-13,True,2,1,[300],True
CLEAN,PG 20:0_17:1,True,True,0.01968982091867188,6.146665166823754e-06,20.492251006137337,20.492251006137337,True,3,3,[337],True
CLEAN,PG 20:1_18:3,False,False,0.005889808848309675,1.4446839733714884e-21,-8.33719736752665e-08,-8.33719736752665e-08,True,3,0,[324],True
CLEAN,PG 20:2_18:3,True,True,0.00570564854413126,1.034660980627212e-07,13.990832930302682,13.990832930302682,True,3,3,[317],True
CLEAN,PS 14:0_20:1,True,True,0.028874583470814976,0.00023814475119686041,0.39013144898030344,0.39013144898030344,True,3,3,[83],True
CLEAN,PS 14:0_22:3,False,False,0.0031605121728625093,0.0,-1.8386381078445853e-10,-1.8386381078445853e-10,True,3,1,[87],True
CLEAN,PS 14:0_22:4,False,False,0.0029043095696454926,2.2624180859089653e-21,-1.931518980875876e-12,-1.931518980875876e-12,True,3,0,[88],True
CLEAN,PS 16:0_18:0,True,True,0.02765854960495815,0.00016819032474636148,13.74708159895281,13.74708159895281,True,3,3,[89],True
CLEAN,PS 16:0_18:2,True,True,0.008088733246122791,3.915570835532074e-06,4.782648753553549,4.782648753553549,True,3,3,[91],True
CLEAN,PS 16:0_20:0,True,True,0.00406929548339252,7.856529376522762e-07,1.4937834707120816,1.4937834707120816,True,3,3,[92],True
CLEAN,PS 16:0_20:1,False,False,0.0015993225004257538,0.0,-7.1472310146502755e-09,-7.1472310146502755e-09,True,3,1,[93],True
CLEAN,PS 16:0_20:2,False,False,0.002148704791013351,0.0,-5.310299725974771e-10,-5.310299725974771e-10,True,3,0,[94],True
CLEAN,PS 16:0_20:4,True,True,0.002681504039285461,1.0271407146944327e-06,10.277846550644702,10.277846550644702,True,3,3,[96],True
CLEAN,PS 16:1_18:1,True,True,0.007778380031257926,7.326043436633263e-06,9.12286141769266,9.12286141769266,True,3,3,[99],True
CLEAN,PS 16:1_20:2,True,True,0.026385985277025945,5.136133198891674e-05,5.498733950159578,5.498733950159578,True,3,3,[102],True
CLEAN,PS 16:1_20:3,False,False,0.0011335628641942921,2.3170655238089475e-21,-1.559637392661126e-08,-1.559637392661126e-08,True,3,0,[103],True
CLEAN,PS 17:0_18:2,True,True,0.032653403154086345,0.0019467473153822084,0.5479975047874588,0.5479975047874588,True,2,3,[114],True
CLEAN,PS 18:0_18:0,False,False,0.004367748505027684,1.2375094643005208e-20,1.921520416469986e-10,1.921520416469986e-10,True,2,1,[105],True
CLEAN,PS 18:0_18:1,True,True,0.005514441245853422,2.636849767029295e-06,5.362962131674789,5.362962131674789,True,2,3,[106],True
CLEAN,PS 18:0_18:2,False,False,0.003890347292023737,2.9396399066539825e-20,-2.130454652044448e-05,-2.130454652044448e-05,True,3,1,[107],True
CLEAN,PS 18:1_18:1,True,True,0.02028398085722845,2.2288123011132246e-05,6.143545976077448,6.143545976077448,True,2,3,[109],True
CLEAN,PS 18:1_18:2,True,True,0.01028059801304697,7.914987510322835e-06,,6.728515341901756,False,1,3,[110],True
CLEAN,PS 18:2_18:2,True,True,0.007357458029378484,7.2243686319783096e-06,,9.11929955342921,False,1,3,[112],True
CLEAN,PS 20:0_16:1,False,False,0.002882823306393893,0.0,1.5171402200589672e-09,1.5171402200589672e-09,True,2,2,[100],True
MILD,PA 16:0_24:0,True,True,0.019785041137137572,4.85505181597886e-05,-0.25936748094733864,-0.25936748094733864,True,3,2,[0],True
MILD,PA 16:0_24:1,False,False,0.002410689151713639,0.0,3.901386104233894e-13,3.901386104233894e-13,True,3,2,[1],True
MILD,PA 18:0_22:0,False,False,0.00524853044261201,6.1824595780249055e-06,-0.07045547812859904,-0.07045547812859904,True,2,1,[5],True
MILD,PA 18:0_22:1,True,True,0.013005088059975233,2.7148736016660327e-05,-0.06245447646680301,-0.06245447646680301,True,2,1,[6],True
MILD,PA 18:0_22:3,True,True,0.0059759572448099445,0.0,-0.0008302849982746117,-0.0008302849982746117,True,2,1,[8],True
MILD,PA 18:0_22:4,False,False,0.0018274968432823746,0.0,0.00023266109891124527,0.00023266109891124527,True,3,2,[9],True
MILD,PA 18:0_22:5,True,True,0.009276636792376248,0.0,-1.5497259070600097e-13,-1.5497259070600097e-13,True,3,0,[10],True
MILD,PA 18:0_24:0,True,True,0.006996494721217055,3.7165958667292124e-05,-0.14220767998485792,-0.14220767998485792,True,3,0,[11],True
MILD,PA 18:0_24:4,True,True,0.003908110176574131,0.0,2.975252327428526e-15,2.975252327428526e-15,True,2,2,[13],True
MILD,PA 18:1_22:2,True,True,0.030656200653489875,1.090330298137343e-06,0.015231792233580496,0.015231792233580496,True,2,2,[18],True
MILD,PA 18:1_22:3,False,False,0.006067068297408468,8.474893859679513e-06,-0.2211906403607459,-0.2211906403607459,True,2,0,[19],True
MILD,PA 18:1_22:4,False,False,0.012337072358770306,0.0,5.387974389229287e-13,5.387974389229287e-13,True,3,2,[20],True
MILD,PA 18:1_24:5,True,True,0.004036435633417792,0.0,0.00015991695846909754,0.00015991695846909754,True,2,3,[24],True
MILD,PA 18:2_22:2,True,True,0.012436147005554185,6.917752800400272e-07,-0.0039191034773873226,-0.0039191034773873226,True,3,2,[28],True
MILD,PA 18:2_22:3,True,True,0.007107591770200264,2.76889556343824e-07,-0.03470515067221484,-0.03470515067221484,True,3,0,[29],True
MILD,PA 20:0_20:0,True,True,0.014122314394394892,0.0,-0.014455031436842777,-0.014455031436842777,True,2,2,[35],True
MILD,PA 20:0_20:1,True,True,0.014147961316347437,7.183856999576672e-07,-0.0033119423942961643,-0.0033119423942961643,True,2,2,[36],True
MILD,PA 20:0_20:4,False,False,0.004274410202972739,0.0,0.00020232715771277118,0.00020232715771277118,True,3,3,[39],True
MILD,PA 20:0_22:5,False,False,0.0019930758600626643,0.0,2.975252327428526e-15,2.975252327428526e-15,True,3,2,[45],True
MILD,PA 20:1_20:2,True,True,0.008674950928167856,9.806839998786968e-06,-0.17105648317936414,-0.17105648317936414,True,2,1,[48],True
MILD,PA 20:1_20:3,True,True,0.023725510577107783,8.718766390187077e-07,2.975252327428526e-15,2.975252327428526e-15,True,2,2,[49],True
MILD,PA 20:1_20:4,True,True,0.02491774139321967,0.0,0.03628081752585621,0.03628081752585621,True,3,1,[50],True
MILD,PA 20:1_22:2,True,True,0.021354780881223175,2.329625636972671e-05,-0.04399911752805035,-0.04399911752805035,True,3,1,[53],True
MILD,PA 20:1_22:4,True,True,0.015728717200456117,5.420718097728402e-05,-0.3939012572935856,-0.3939012572935856,True,3,2,[55],True
MILD,PA 20:1_22:5,False,False,0.0017160778806742329,9.009363879083474e-19,0.004743901042364194,0.004743901042364194,True,3,2,[56],True
MILD,PA 20:1_22:6,False,False,0.011711613850962945,1.3358524096542611e-05,0.07397686488970838,0.07397686488970838,True,3,1,[57],True
MILD,PA 20:2_20:2,True,True,0.011399022448677751,1.7457523371189477e-06,-0.012192559909052653,-0.012192559909052653,True,2,1,[58],True
MILD,PA 20:2_20:3,False,False,0.00338662627155709,1.7543740552697457e-05,-0.007808560071904512,-0.007808560071904512,True,2,0,[59],True
MILD,PA 20:2_22:4,True,True,0.017798171911182478,1.9465127661081986e-06,-0.006859745890093345,-0.006859745890093345,True,3,2,[61],True
MILD,PA 20:2_22:6,True,True,0.012885181348788329,3.419002040045556e-08,-0.011098179590125023,-0.011098179590125023,True,3,2,[62],True
MILD,PA 20:3_22:3,True,True,0.03086197250755665,3.9999303122907696e-05,-0.057401880765445126,-0.057401880765445126,True,3,1,[65],True
MILD,PA 20:3_22:4,False,False,0.002078998008342995,0.0,0.00024514572486638577,0.00024514572486638577,True,3,2,[66],True
MILD,PA 20:3_22:6,True,True,0.002882598390597184,0.0,-0.006043044077718575,-0.006043044077718575,True,3,2,[67],True
MILD,PA 20:4_22:5,False,False,0.0010567713267999768,6.1057144497455745e-06,0.0014562650669259906,0.0014562650669259906,True,3,1,[73],True
MILD,PA 20:4_22:6,False,False,0.0015148573435186548,0.0,0.0002986854353430624,0.0002986854353430624,True,3,3,[74],True
MILD,PA 22:0_18:1,True,True,0.004838775823892059,1.2658698082906799e-06,-0.05660396139023307,-0.05660396139023307,True,2,0,[16],True
MILD,PA 22:0_20:1,False,False,0.0012199467666765148,0.0,-5.375058565172233e-14,-5.375058565172233e-14,True,3,2,[51],True
MILD,PA 22:0_20:3,False,False,0.001056442320628412,1.5317974788045981e-07,-3.3062203188905366e-14,-3.3062203188905366e-14,True,3,2,[63],True
MILD,PA 22:1_20:2,False,False,0.0020848501682926963,2.4007984944727786e-07,-0.09990513825762705,-0.09990513825762705,True,3,2,[60],True
MILD,PA 22:1_20:4,True,True,0.009521711621383629,0.0,0.0015870949823546916,0.0015870949823546916,True,3,2,[69],True
MILD,PA 22:2_20:4,True,True,0.0098220734511435,1.3218154647409334e-05,-0.13602665285431623,-0.13602665285431623,True,3,1,[70],True
MILD,PA 22:3_20:4,True,True,0.025265279678898966,5.8004979343681166e-05,0.06963745247297477,0.06963745247297477,True,3,2,[71],True
MILD,PA 22:3_22:6,False,False,0.0030613328024529595,1.8313072202780209e-06,0.0013598360026734738,0.0013598360026734738,True,3,2,[76],True
MILD,PA 22:4_22:5,True,True,0.007131076544066699,5.563320381585912e-06,-0.07328918808805755,-0.07328918808805755,True,3,0,[77],True
MILD,PA 22:4_22:6,True,True,0.0039049994928708077,0.0,-0.0046462598600855295,-0.0046462598600855295,True,3,1,[78],True
MILD,PA 22:6_22:6,False,False,0.0015046741059478676,0.0,0.00017177766909739716,0.00017177766909739716,True,3,3,[81],True
MILD,PA 24:0_16:1,False,False,0.0015329015353781658,0.0,-0.05013535830785611,-0.05013535830785611,True,3,0,[4],True
MILD,PC 14:0_18:0,False,False,0.0017337348806278853,0.0,-0.02119664574241334,-0.02119664574241334,True,3,0,"[343, 355, 367]",True
MILD,PC 14:0_18:2,True,True,0.008603726866191881,5.8091438612578425e-06,-0.03451529808948554,-0.03451529808948554,True,2,0,[369],True
MILD,PC 14:0_20:0,True,True,0.006266251328411064,1.3458915464334212e-05,-0.08736128692112537,-0.08736128692112537,True,3,0,[370],True
MILD,PC 14:0_20:1,True,True,0.00511885670355683,2.5763920432146425e-08,-0.07631987397575972,-0.07631987397575972,True,3,0,[371],True
MILD,PC 14:0_20:3,True,True,0.024612825611504168,3.828690575080547e-05,-0.07682118867742188,-0.07682118867742188,True,3,1,[373],True
MILD,PC 16:0_18:1,False,False,0.0011564285994277211,0.0,2.9694863345459127e-15,2.9694863345459127e-15,True,2,2,[382],True
MILD,PC 16:1_18:2,False,False,0.0032820898538791317,0.0,-1.1779923459179223e-14,-1.1779923459179223e-14,True,3,1,[387],True
MILD,PC 17:0_17:0,True,True,0.030137541747581657,4.7214704469435585e-05,-0.11925586359298745,-0.11925586359298745,True,3,2,[388],True
MILD,PC 17:0_17:1,False,False,0.0010873175252109144,0.0,3.1251681423764752e-15,3.1251681423764752e-15,True,3,2,[389],True
MILD,PC 18:0_14:1,True,True,0.02778102888137392,0.00035541208069585814,-0.24840907668522616,-0.24840907668522616,True,2,1,[376],True
MILD,PC O-16:1_17:1,True,True,0.011120799370072806,0.00012921013642358583,0.03791854289743594,0.03791854289743594,True,2,2,[365],True
MILD,PC O-16:1_18:0,True,True,0.010065848120005976,0.00010917467612850081,0.0012929176349162012,0.0012929176349162012,True,2,2,[350],True
MILD,PE 16:0_22:1,False,False,0.0018318438741909727,0.0,3.840151259820539e-15,3.840151259820539e-15,True,2,2,[116],True
MILD,PE 16:0_22:3,False,False,0.0018437759662942067,0.0,-0.09351473516442224,-0.09351473516442224,True,2,1,[118],True
MILD,PE 16:0_22:4,False,False,0.005137393384235473,5.334277806883081e-07,3.9562206965475476e-13,3.9562206965475476e-13,True,2,2,[119],True
MILD,PE 16:0_22:6,True,True,0.004079391466481949,0.0,3.494191686863734e-15,3.494191686863734e-15,True,3,2,[121],True
MILD,PE 16:0_24:4,False,False,0.0029608707799122164,1.6863483420901576e-07,-0.29698495574571454,-0.29698495574571454,True,3,0,[122],True
MILD,PE 16:0_24:5,False,False,0.0012715497726279472,0.0,-0.16366471830270982,-0.16366471830270982,True,3,1,[123],True
MILD,PE 16:1_22:2,True,True,0.017919618479325296,1.3287116193309758e-06,0.05722642961006287,0.05722642961006287,True,3,3,[127],True
MILD,PE 16:1_22:3,False,False,0.003315799752967758,2.072578909258806e-07,-0.0605388053312178,-0.0605388053312178,True,2,1,[128],True
MILD,PE 16:1_22:5,False,False,0.0013133912885002635,0.0,-0.001747301011861043,-0.001747301011861043,True,2,1,[130],True
MILD,PE 17:0_20:0,False,False,0.010566248206964569,2.919677675568251e-08,-0.0028004289021479802,-0.0028004289021479802,True,3,1,[186],True
MILD,PE 17:0_20:1,True,True,0.01379328095059274,0.0,0.42168008390690626,0.42168008390690626,True,3,2,[187],True
MILD,PE 17:0_20:2,True,True,0.005981303843419486,0.0,-0.0015609573022046376,-0.0015609573022046376,True,2,2,[188],True
MILD,PE 17:0_20:4,True,True,0.007016757052079181,1.090299659591962e-06,-0.0048082476080779065,-0.0048082476080779065,True,2,2,[190],True
MILD,PE 17:0_20:5,True,True,0.019374824069778182,5.264267975691159e-05,0.058787178399907845,0.058787178399907845,True,3,2,[191],True
MILD,PE 17:0_22:2,False,False,0.01127026259413753,1.9739720590925727e-06,0.3435617964818499,0.3435617964818499,True,2,3,[193],True
MILD,PE 17:0_22:3,False,False,0.0012369164202424131,0.0,-4.577045150218535e-14,-4.577045150218535e-14,True,2,2,[194],True
MILD,PE 17:0_22:5,False,False,0.0032734645761087356,0.0,2.9694863345459127e-15,2.9694863345459127e-15,True,3,2,[196],True
MILD,PE 17:0_22:6,False,False,0.004933914255533652,0.0,0.000716518589510677,0.000716518589510677,True,3,2,[197],True
MILD,PE 17:1_20:1,False,False,0.0023967897913115114,1.0874742489116952e-06,0.005352267755306888,0.005352267755306888,True,3,2,[199],True
MILD,PE 17:1_20:2,False,False,0.002947856594527384,0.0,0.005093563551842547,0.005093563551842547,True,2,2,[200],True
MILD,PE 17:1_20:3,False,False,0.005040020480348643,0.0,0.0351303320720006,0.0351303320720006,True,2,2,[201],True
MILD,PE 17:1_20:4,True,True,0.009840619472349885,1.2887134164824975e-08,1.2460832158101045,1.2460832158101045,True,2,2,[202],True
MILD,PE 17:1_22:1,True,True,0.019494842961019356,1.0706220360063319e-05,0.05843063595333393,0.05843063595333393,True,2,1,[203],True
MILD,PE 17:1_22:3,False,False,0.001429335946969994,0.0,1.5798820498360778e-15,1.5798820498360778e-15,True,2,1,[204],True
MILD,PE 17:1_22:5,False,False,0.0033339591834127343,0.0,2.7619105907718296e-15,2.7619105907718296e-15,True,2,1,[206],True
MILD,PE 18:0_20:0,True,True,0.02125753152614276,0.00018184137379182008,-0.37039672933894763,-0.37039672933894763,True,3,1,[132],True
MILD,PE 18:0_20:4,True,True,0.016186147000392406,4.882100253894233e-06,0.007587954608190398,0.007587954608190398,True,2,2,[136],True
MILD,PE 18:0_22:3,True,True,0.02059147795897337,0.0,-0.021706948598145905,-0.021706948598145905,True,2,2,[138],True
MILD,PE 18:0_22:4,True,True,0.020450606662201994,0.0,-0.09734637089955896,-0.09734637089955896,True,2,1,[139],True
MILD,PE 18:0_22:5,True,True,0.017005397375121443,3.4110935277019974e-06,-0.0020993149767653415,-0.0020993149767653415,True,2,1,[140],True
MILD,PE 18:0_22:6,True,True,0.020244667868661463,1.6388739389102532e-05,0.8304741197538268,0.8304741197538268,True,3,1,[141],True
MILD,PE 18:1_20:2,False,False,0.0012926795609157055,0.0,0.0008188991693477644,0.0008188991693477644,True,2,3,[144],True
MILD,PE 18:1_20:3,True,True,0.002860338094096287,0.0,2.9694863345459127e-15,2.9694863345459127e-15,True,2,2,[145],True
MILD,PE 18:1_20:5,False,False,0.0010023609435978018,1.2745442857327864e-07,0.0029319480345282125,0.0029319480345282125,True,2,2,[147],True
MILD,PE 18:1_22:3,False,False,0.001112318616133091,9.172086170267859e-08,2.9694863345459127e-15,2.9694863345459127e-15,True,2,2,[149],True
MILD,PE 18:1_22:6,False,False,0.005860615188616879,0.0,0.0006366946545658519,0.0006366946545658519,True,3,3,[152],True
MILD,PE 18:2_20:2,False,False,0.010149085400044012,0.0,-0.006385605620115695,-0.006385605620115695,True,3,1,[155],True
MILD,PE 18:2_20:3,False,False,0.006159937673300966,0.0,2.9694863345459127e-15,2.9694863345459127e-15,True,3,2,[156],True
MILD,PE 18:2_20:4,False,False,0.012558037317705413,6.149296007707211e-07,0.024970460698199363,0.024970460698199363,True,3,1,[157],True
MILD,PE 18:2_22:2,False,False,0.009690733190220529,3.4730254983860087e-07,-0.009159735466411903,-0.009159735466411903,True,3,0,[160],True
MILD,PE 18:2_22:3,True,True,0.01791301669465429,1.9632249799889205e-06,0.4719192944855928,0.4719192944855928,True,3,2,[161],True
MILD,PE 18:2_22:4,True,True,0.007752626178582419,0.0,2.9694863345459127e-15,2.9694863345459127e-15,True,3,2,[162],True
MILD,PE 18:2_22:5,True,True,0.004653453217163848,0.0,-0.0008988917659951754,-0.0008988917659951754,True,3,2,[163],True
MILD,PE 18:2_22:6,True,True,0.010849344654744957,2.470147931174512e-05,-0.1221813155125277,-0.1221813155125277,True,2,1,[164],True
MILD,PE 18:3_22:5,False,False,0.001184300473404087,0.0,1.1344913914832518e-05,1.1344913914832518e-05,True,3,2,[169],True
MILD,PE 20:0_17:1,True,True,0.02880638317667984,4.767565484545883e-05,0.005655197569023269,0.005655197569023269,True,3,3,[198],True
MILD,PE 20:0_20:3,False,False,0.0019017471168648519,0.0,2.9694863345459127e-15,2.9694863345459127e-15,True,3,2,[170],True
MILD,PE 20:0_20:4,True,True,0.01685005185210037,1.7512146450466613e-05,-0.016260927905672806,-0.016260927905672806,True,3,1,[171],True
MILD,PE 20:0_20:5,False,False,0.00423257002377524,0.0,-0.21139869752477952,-0.21139869752477952,True,3,0,[172],True
MILD,PE 20:1_18:2,False,False,0.001515565541228379,3.5982174406738663e-07,0.00012101107065966295,0.00012101107065966295,True,3,2,[154],True
MILD,PE 20:1_18:3,False,False,0.002681333935167297,0.0,-0.04280830667579671,-0.04280830667579671,True,3,1,[166],True
MILD,PE 20:1_20:2,True,True,0.0036187296567048977,7.409885003223168e-07,2.9694863345459127e-15,2.9694863345459127e-15,True,3,2,[173],True
MILD,PE 20:1_20:3,False,False,0.00438009529585326,0.0,1.908543644145043e-15,1.908543644145043e-15,True,2,1,[174],True
MILD,PE 20:1_20:5,False,False,0.004109421430857681,0.0,-1.534330706063432e-14,-1.534330706063432e-14,True,3,2,[176],True
MILD,PE 20:2_20:2,True,True,0.00924122316150855,9.049997496953484e-08,0.0004765660049317268,0.0004765660049317268,True,2,3,[177],True
MILD,PE 20:2_20:4,True,True,0.006989820912541247,6.794001730614727e-07,1.7015444996592212e-14,1.7015444996592212e-14,True,2,1,[179],True
MILD,PE 20:2_20:5,True,True,0.022470615781960204,8.254303120015247e-05,1.0544738344774331,1.0544738344774331,True,2,3,[180],True
MILD,PE 20:3_20:4,False,False,0.007211442612426226,6.784430086076244e-07,-5.06559772716237e-13,-5.06559772716237e-13,True,2,1,[182],True
MILD,PE 20:3_20:5,True,True,0.010669094828171315,6.933346921735912e-06,0.5791456613226905,0.5791456613226905,True,2,2,[183],True
MILD,PE 20:4_20:4,False,False,0.007430540637358355,0.0,-0.0030129763843527815,-0.0030129763843527815,True,2,2,[184],True
MILD,PE 22:1_18:2,True,True,0.03391197251687695,5.942505155796931e-05,1.4731915665583388,1.4731915665583388,True,3,1,[159],True
MILD,PE O-16:0_22:1,False,False,0.002149466801169921,6.849512970555647e-07,9.212096188836162e-13,9.212096188836162e-13,True,2,2,[208],True
MILD,PE O-16:0_22:2,True,True,0.013249103691135829,1.9880644236884497e-07,2.658122718884788e-15,2.658122718884788e-15,True,2,1,[209],True
MILD,PE O-16:0_22:3,True,True,0.012034234035830425,1.3451901312723516e-07,-0.5280728936644055,-0.5280728936644055,True,2,1,[210],True
MILD,PE O-16:0_22:5,False,False,0.002878766709122828,0.0,2.9694863345459127e-15,2.9694863345459127e-15,True,2,2,[212],True
MILD,PE O-16:1_22:0,True,True,0.005302175651700597,6.277114508113899e-07,-0.0014900678506373046,-0.0014900678506373046,True,2,2,[214],True
MILD,PE O-16:1_22:1,False,False,0.0021366871104371694,0.0,5.37465494567045e-13,5.37465494567045e-13,True,2,2,[215],True
MILD,PE O-16:1_22:2,True,True,0.010728493408741456,9.265220323001758e-08,-1.6450377694096096e-14,-1.6450377694096096e-14,True,2,2,[216],True
MILD,PE O-16:1_22:3,False,False,0.015007957813399642,1.3405515272793722e-06,-0.5835567854767926,-0.5835567854767926,True,2,1,[217],True
MILD,PE O-16:1_22:4,True,True,0.010725670515515852,2.3008224439347147e-06,2.9694863345459127e-15,2.9694863345459127e-15,True,2,2,[218],True
MILD,PE O-16:1_22:5,True,True,0.018647120506863863,8.989085445777163e-08,-0.0005227023904312983,-0.0005227023904312983,True,2,2,[219],True
MILD,PE O-16:1_24:0,False,False,0.002796793075456093,7.142282267242483e-07,,0.013203227019198387,False,0,1,[220],True
MILD,PE O-16:1_24:1,True,True,0.006053967875714934,2.9014858644664996e-05,,-0.009209421312695925,False,0,1,[221],True
MILD,PE O-18:0_20:1,False,False,0.003984088124649258,3.776652699052412e-08,,-0.5957623540224095,False,1,1,[225],True
MILD,PE O-18:0_20:2,False,False,0.006738126403478536,0.0,,3.205892042733063e-15,False,0,3,[226],True
MILD,PE O-18:0_20:3,False,False,0.003445655269983989,4.6317622135604945e-07,,1.0039170207918231e-13,False,0,2,[227],True
MILD,PE O-18:0_20:4,False,False,0.001644157318203218,3.901584895451474e-08,,0.0006587071873247708,False,0,3,[228],True
MILD,PE O-18:0_22:1,True,True,0.018002588395591743,2.365642657630528e-05,,-0.597000335937761,False,0,0,[230],True
MILD,PE O-18:0_22:2,True,True,0.01740909452033673,7.132819448251793e-07,,0.006077711561027254,False,0,2,[231],True
MILD,PE O-18:0_22:6,False,False,0.004076876008985885,0.0,-2.068093058785486e-05,-2.068093058785486e-05,True,3,1,[235],True
MILD,PE O-18:1_20:1,True,True,0.0011845227673366345,3.711634532459841e-06,,-0.4042933512511915,False,1,1,[236],True
MILD,PE O-18:1_20:2,False,False,0.003115407946990679,0.0,,0.01593582524262035,False,0,2,[237],True
MILD,PE O-18:1_20:3,False,False,0.002735066419193475,0.0,,-3.219153826363074e-14,False,0,2,[238],True
MILD,PE O-18:1_20:4,True,True,0.009751124952343043,1.7406337881408617e-06,,-0.00047883301911999765,False,0,1,[239],True
MILD,PE O-18:1_20:5,False,False,0.001587974670036881,0.0,,-0.0016333494103556447,False,0,2,[240],True
MILD,PE O-18:1_22:1,True,True,0.013487519031104173,0.0,,-0.001836347054665099,False,0,2,[241],True
MILD,PE O-18:1_22:2,True,True,0.03050011595234316,4.6078165220098575e-06,,-0.04526023128027334,False,0,1,[242],True
MILD,PE O-18:1_22:3,True,True,0.011873865276837564,0.0,,0.00011814944171473264,False,0,2,[243],True
MILD,PE O-18:1_22:4,True,True,0.010173028491792873,0.0,,-4.2061188280800134e-13,False,0,2,[244],True
MILD,PE O-18:1_22:5,True,True,0.010265702635131003,1.9403014256663548e-05,-7.575534428963993e-13,-7.575534428963993e-13,True,2,1,[245],True
MILD,PE O-18:1_22:6,True,True,0.0070902271619404855,0.0,8.043560071245724e-15,8.043560071245724e-15,True,3,2,[246],True
MILD,PE O-18:2_20:2,True,True,0.006151810644481442,0.0,,0.013989842038874272,False,0,1,[249],True
MILD,PE O-18:2_20:3,False,False,0.00242452206368063,9.072898632226733e-07,,-0.08446528705680664,False,0,0,[250],True
MILD,PE O-18:2_20:4,True,True,0.024218436025360092,7.658890297915767e-06,,0.0053656659347725445,False,0,2,[251],True
MILD,PE O-18:2_22:0,True,True,0.010891641127012254,5.849226620613857e-07,,0.1252999909982934,False,1,2,[252],True
MILD,PE O-18:2_22:2,True,True,0.00986060993103747,0.0,,2.9694863345459127e-15,False,0,2,[254],True
MILD,PE O-18:2_22:3,False,False,0.0032606502989581177,0.0,,-6.841662525067342,False,0,1,[255],True
MILD,PE O-18:2_22:4,False,False,0.0061704364949304044,0.0,,-2.2077986747526795e-14,False,0,2,[256],True
MILD,PE O-18:2_22:5,False,False,0.0060063207111403834,1.8564222906953895e-05,-6.24975968546469e-14,-6.24975968546469e-14,True,2,2,[257],True
MILD,PE O-18:2_22:6,True,True,0.01788447300920164,5.131550505600969e-05,-0.02107123308140822,-0.02107123308140822,True,3,2,[258],True
MILD,PE O-18:3_20:3,False,False,0.002047491252691153,0.0,,3.4711277153332804e-15,False,0,2,[259],True
MILD,PE O-18:3_22:0,True,True,0.00597951174777122,1.5896968670285708e-06,,1.9320112351772795e-13,False,1,2,[260],True
MILD,PE O-18:3_22:5,False,False,0.0037343301364431937,1.0330772482951994e-05,-1.0176397744404853,-1.0176397744404853,True,2,1,[263],True
MILD,PE O-18:3_22:6,True,True,0.0028725725358922,0.0,-0.007075856157179255,-0.007075856157179255,True,3,2,[264],True
MILD,PE O-20:0_18:2,True,True,0.025909930560586637,5.157507811758715e-06,,0.004417416688602541,False,1,3,[247],True
MILD,PE O-20:0_20:2,False,False,0.0015685664117022862,2.596508867838587e-06,-0.030130706724154282,-0.030130706724154282,True,2,1,[265],True
MILD,PE O-20:1_18:2,False,False,0.002221666450955112,3.117458540529789e-07,,0.0006141189000512182,False,1,3,[248],True
MILD,PE O-20:2_20:3,False,False,0.004842651450470358,2.2826099457679038e-07,3.2752142559370485,3.2752142559370485,True,2,2,[273],True
MILD,PE O-20:2_20:4,True,True,0.004975363392434335,3.9087060114047604e-08,-0.03080158840332167,-0.03080158840332167,True,2,2,[274],True
MILD,PG 14:0_20:0,False,False,0.0010733812990579388,0.0,-8.008964113950045e-15,-8.008964113950045e-15,True,3,2,[277],True
MILD,PG 14:0_22:1,True,True,0.01155996086566057,1.2613109430716862e-18,4.427532954772369e-13,4.427532954772369e-13,True,3,2,[298],True
MILD,PG 14:0_22:3,False,False,0.0033807855115930894,1.5799702338861383e-07,-1.2493349758544981e-12,-1.2493349758544981e-12,True,3,2,[288],True
MILD,PG 14:0_22:4,False,False,0.0020426727360757426,3.6037455516333895e-19,-3.6919652427373746e-14,-3.6919652427373746e-14,True,3,2,[283],True
MILD,PG 16:0_18:0,False,False,0.006205822350132473,0.0,0.24827892804653862,0.24827892804653862,True,3,2,[278],True
MILD,PG 16:0_20:1,True,True,0.0018189345559419432,1.3379837142782399e-06,0.018827098392275147,0.018827098392275147,True,2,2,[299],True
MILD,PG 16:0_20:2,False,False,0.010324831117978123,1.1454457500220701e-07,0.007115548132139302,0.007115548132139302,True,3,3,[294],True
MILD,PG 16:0_20:3,True,True,0.015527406170321294,2.9056792623825783e-08,0.016946611373757497,0.016946611373757497,True,3,2,[289],True
MILD,PG 16:0_22:4,False,False,0.0022022639456108183,2.7244209733859825e-07,-0.10742197969572466,-0.10742197969572466,True,3,1,[319],True
MILD,PG 16:0_22:5,True,True,0.008517523695032378,0.0,-0.0018336853178433016,-0.0018336853178433016,True,3,1,[312],True
MILD,PG 16:1_20:1,False,False,0.001256993467011039,0.0,2.9810183203111397e-15,2.9810183203111397e-15,True,3,2,[295],True
MILD,PG 16:1_20:2,True,True,0.015847033385083815,0.0,2.9694863345459127e-15,2.9694863345459127e-15,True,2,2,[290],True
MILD,PG 16:1_20:3,False,False,0.001289214161974965,0.0,-0.0070683133992582485,-0.0070683133992582485,True,3,1,[285],True
MILD,PG 16:1_20:4,True,True,0.007482144185603438,1.9547166903403568e-06,-0.03586796347533308,-0.03586796347533308,True,3,1,[281],True
MILD,PG 17:0_17:0,True,True,0.010545910954964238,2.884089101010703e-05,,1.0924926779230522,False,1,3,[342],True
MILD,PG 17:0_18:1,False,False,0.0014820146079714386,0.0,-0.0013360587638402161,-0.0013360587638402161,True,2,1,[326],True
MILD,PG 17:0_20:1,False,False,0.0017768161416734359,4.587389951023504e-09,-0.038575958590151276,-0.038575958590151276,True,3,1,[329],True
MILD,PG 17:0_20:2,True,True,0.025024142041711845,1.726494760920503e-06,-0.0026611725161237907,-0.0026611725161237907,True,3,1,[330],True
MILD,PG 17:0_20:3,False,False,0.025727824577634187,1.7096233826733347e-06,-0.009541380990093282,-0.009541380990093282,True,3,2,[331],True
MILD,PG 17:0_20:4,False,False,0.008152924499919226,5.135593729843997e-07,5.7232698697014e-05,5.7232698697014e-05,True,3,2,[332],True
MILD,PG 17:0_20:5,True,True,0.00433455379316378,0.0,0.00013616312003301824,0.00013616312003301824,True,3,1,[333],True
MILD,PG 17:1_18:2,True,True,0.025861129613767853,0.0015808966277790588,,-0.11305533401199543,False,1,1,[336],True
MILD,PG 17:1_20:1,False,False,0.006412362335774208,8.810932391348591e-09,-0.002932184190664958,-0.002932184190664958,True,3,0,[338],True
MILD,PG 17:1_20:2,True,True,0.010684658858745474,6.84269940094514e-08,-0.012684949400827608,-0.012684949400827608,True,2,1,[339],True
MILD,PG 17:1_20:4,False,False,0.008005572756686405,3.213895515078806e-06,-0.053906924995444416,-0.053906924995444416,True,2,0,[341],True
MILD,PG 18:0_17:1,True,True,0.01089004652671987,6.011864886821913e-06,-0.0379639141234812,-0.0379639141234812,True,2,1,[334],True
MILD,PG 18:0_18:0,False,False,0.0020266256001450875,0.0,,3.41923377938976e-15,False,0,2,[304],True
MILD,PG 18:0_18:1,False,False,0.0019951314473399093,0.0,-0.00198706733248901,-0.00198706733248901,True,3,2,[301],True
MILD,PG 18:0_18:2,True,True,0.013002382032342611,3.719741916069899e-06,-0.037435164832272085,-0.037435164832272085,True,2,1,[296],True
MILD,PG 18:0_18:3,True,True,0.014890637680764313,5.0335288192311915e-06,0.0008836881660085341,0.0008836881660085341,True,2,2,[291],True
MILD,PG 18:0_20:4,True,True,0.022392163136276916,0.0,0.03225538977615726,0.03225538977615726,True,3,1,[321],True
MILD,PG 18:0_20:5,False,False,0.017001584728845415,3.0396547484229727e-06,-0.04091184524455101,-0.04091184524455101,True,3,1,[314],True
MILD,PG 18:1_18:2,False,False,0.0044418383796973465,0.0,,0.00013663694876562364,False,1,2,[292],True
MILD,PG 18:1_18:3,False,False,0.001370795845751901,0.0,0.0233647292117902,0.0233647292117902,True,2,3,[286],True
MILD,PG 18:1_20:3,True,True,0.00899465371629891,3.6037455516333895e-19,-0.0025853473817866054,-0.0025853473817866054,True,3,2,[322],True
MILD,PG 18:1_20:4,False,False,0.0013599090437731583,2.826494926257116e-07,0.00028434360628117874,0.00028434360628117874,True,3,3,[315],True
MILD,PG 18:2_18:2,True,True,0.010089934786762478,0.0,,-7.897562114357778e-05,False,1,1,[287],True
MILD,PG 18:2_20:2,False,False,0.011772850862155484,2.2176691945372614e-06,-0.00040761659748326655,-0.00040761659748326655,True,3,2,[323],True
MILD,PG 18:2_20:3,True,True,0.021618551816150515,4.076341856791245e-06,-0.09609820278390642,-0.09609820278390642,True,3,2,[316],True
MILD,PG 18:2_20:5,False,False,0.0028940270785341995,0.0,-0.005478052521693145,-0.005478052521693145,True,3,1,[306],True
MILD,PG 18:3_20:4,True,True,0.011226211781244297,3.6037455516333895e-19,0.012824685672601165,0.012824685672601165,True,3,2,[307],True
MILD,PG 20:0_16:1,False,False,0.002898433820575138,0.0,-0.000532426501852363,-0.000532426501852363,True,2,2,[300],True
MILD,PG 20:0_17:1,True,True,0.021163489646997127,2.213903556225154e-05,0.07824830094105782,0.07824830094105782,True,3,3,[337],True
MILD,PG 20:1_18:3,False,False,0.006845991770805999,9.566292098304336e-08,0.004624219906961077,0.004624219906961077,True,3,1,[324],True
MILD,PG 20:2_18:3,True,True,0.0059253794503390305,0.0,-0.00402799663581874,-0.00402799663581874,True,3,1,[317],True
MILD,PS 14:0_20:0,False,False,0.0016797429842173436,0.0,-0.0003879427533069512,-0.0003879427533069512,True,3,2,[82],True
MILD,PS 14:0_20:1,True,True,0.028207305624022867,0.0002909273496917899,-0.12825066232356122,-0.12825066232356122,True,3,2,[83],True
MILD,PS 14:0_22:3,False,False,0.00148490084620681,0.0,-0.0029899944232884804,-0.0029899944232884804,True,3,1,[87],True
MILD,PS 14:0_22:4,False,False,0.0037056374482239557,0.0,3.2690429423801304e-07,3.2690429423801304e-07,True,3,2,[88],True
MILD,PS 16:0_18:0,True,True,0.027251430017189174,0.00024190180645163907,-0.014333759453105235,-0.014333759453105235,True,3,2,[89],True
MILD,PS 16:0_18:2,True,True,0.00786719207265762,5.928902441520948e-06,-0.01171797214693817,-0.01171797214693817,True,3,2,[91],True
MILD,PS 16:0_20:0,True,True,0.002752158096745323,0.0,0.0001128771737953886,0.0001128771737953886,True,3,3,[92],True
MILD,PS 16:0_20:4,True,True,0.002707039988859296,9.208863266961002e-06,-0.016216735396833874,-0.016216735396833874,True,3,1,[96],True
MILD,PS 16:1_18:1,True,True,0.008036571381485582,1.9950862623763457e-05,-0.2704094936365428,-0.2704094936365428,True,3,2,[99],True
MILD,PS 16:1_20:2,True,True,0.02787117267581202,7.446793528805293e-05,0.01655193016075393,0.01655193016075393,True,3,2,[102],True
MILD,PS 17:0_18:2,True,True,0.02865475602385688,0.002070645182677436,0.4850160391729298,0.4850160391729298,True,2,3,[114],True
MILD,PS 18:0_18:0,False,False,0.005196986717873519,2.2951148872229625e-05,-0.038594578529942976,-0.038594578529942976,True,2,0,[105],True
MILD,PS 18:0_18:1,True,True,0.0058212647727701695,7.640653914036409e-06,-0.0036438852479781948,-0.0036438852479781948,True,2,1,[106],True
MILD,PS 18:0_18:2,False,False,0.006630342517969303,6.312731853660888e-08,0.0029091337209851327,0.0029091337209851327,True,3,1,[107],True
MILD,PS 18:1_18:1,True,True,0.019509235180571464,4.5061982021607466e-05,0.1706991014033194,0.1706991014033194,True,2,2,[109],True
MILD,PS 18:1_18:2,True,True,0.006482636399943483,1.4543012328957631e-05,,0.15106378568217016,False,1,2,[110],True
MILD,PS 18:2_18:2,True,True,0.007835975867288122,1.9372376049906116e-05,,0.1052443883994332,False,1,2,[112],True
MILD,PS 20:0_16:1,False,False,0.0026557018114027804,0.0,2.975252327428526e-15,2.975252327428526e-15,True,2,2,[100],True
