dataset_id,split,replicate,complexity_condition,global_truth_K,candidate_index,candidate_id,lipid_name,X_hat,candidate_truth,molecular_truth,same_lipid_alternative_candidate,rho_zero
CAL_R1_BASE76,CAL,R1,BASE76,76,2,PA-H__0079,PA 16:0_24:4,0.003770927114025643,False,False,False,8.019089897631847e-28
CAL_R1_BASE76,CAL,R1,BASE76,76,3,PA-H__0080,PA 16:0_24:5,0.0012508085999425433,True,True,False,6.08407362920403e-09
CAL_R1_BASE76,CAL,R1,BASE76,76,5,PA-H__0117,PA 18:0_22:0,0.01104407080631515,True,True,False,2.1678889709732667e-05
CAL_R1_BASE76,CAL,R1,BASE76,76,17,PA-H__0141,PA 18:1_22:1,0.008890569253375955,False,False,False,0.0
CAL_R1_BASE76,CAL,R1,BASE76,76,19,PA-H__0143,PA 18:1_22:3,0.0011357667670624085,True,True,False,5.880681961489711e-07
CAL_R1_BASE76,CAL,R1,BASE76,76,23,PA-H__0151,PA 18:1_24:4,0.003476570631232348,True,True,False,3.6021201015042925e-07
CAL_R1_BASE76,CAL,R1,BASE76,76,25,PA-H__0153,PA 18:1_24:6,0.002762574738618095,False,False,False,7.469333978253159e-24
CAL_R1_BASE76,CAL,R1,BASE76,76,26,PA-H__0162,PA 22:0_18:2,0.0021411573843381332,False,False,False,0.0
CAL_R1_BASE76,CAL,R1,BASE76,76,35,PA-H__0197,PA 20:0_20:0,0.016933757169220767,True,True,False,9.466582062103826e-06
CAL_R1_BASE76,CAL,R1,BASE76,76,36,PA-H__0198,PA 20:0_20:1,0.0025461933475656013,True,True,False,1.4889608437270114e-07
CAL_R1_BASE76,CAL,R1,BASE76,76,37,PA-H__0199,PA 20:0_20:2,0.039714382564996285,True,True,False,4.398983113635418e-05
CAL_R1_BASE76,CAL,R1,BASE76,76,39,PA-H__0201,PA 20:0_20:4,0.0035763469614142262,False,False,False,1.092134558768206e-20
CAL_R1_BASE76,CAL,R1,BASE76,76,40,PA-H__0202,PA 20:0_20:5,0.005308675970543983,False,False,False,0.0
CAL_R1_BASE76,CAL,R1,BASE76,76,46,PA-H__0209,PA 20:0_22:6,0.006747056375356364,False,False,False,0.0
CAL_R1_BASE76,CAL,R1,BASE76,76,47,PA-H__0217,PA 20:1_20:1,0.008175983208557308,False,False,False,7.5580160955504435e-22
CAL_R1_BASE76,CAL,R1,BASE76,76,49,PA-H__0219,PA 20:1_20:3,0.0015523457114532987,True,True,False,5.925084827826146e-08
CAL_R1_BASE76,CAL,R1,BASE76,76,54,PA-H__0225,PA 20:1_22:3,0.0010936639684256727,False,False,False,1.0461239023235413e-27
CAL_R1_BASE76,CAL,R1,BASE76,76,55,PA-H__0226,PA 20:1_22:4,0.0010585440652908886,True,True,False,8.025457154481633e-08
CAL_R1_BASE76,CAL,R1,BASE76,76,56,PA-H__0227,PA 20:1_22:5,0.014020692685851875,False,False,False,0.0
CAL_R1_BASE76,CAL,R1,BASE76,76,57,PA-H__0228,PA 20:1_22:6,0.026572759846303508,True,True,False,0.00012031321236432216
CAL_R1_BASE76,CAL,R1,BASE76,76,62,PA-H__0246,PA 20:2_22:6,0.0030545632493082,False,False,False,0.0
CAL_R1_BASE76,CAL,R1,BASE76,76,67,PA-H__0263,PA 20:3_22:6,0.002017285629695636,False,False,False,3.720613849134885e-22
CAL_R1_BASE76,CAL,R1,BASE76,76,68,PA-H__0273,PA 22:0_20:4,0.0010261223009648817,False,False,False,0.0
CAL_R1_BASE76,CAL,R1,BASE76,76,69,PA-H__0274,PA 22:1_20:4,0.001094535174270748,False,False,False,2.1383713466317175e-21
CAL_R1_BASE76,CAL,R1,BASE76,76,71,PA-H__0276,PA 22:3_20:4,0.0036185822572060646,True,True,False,5.038400927801722e-06
CAL_R1_BASE76,CAL,R1,BASE76,76,75,PA-H__0289,PA 22:1_20:5,0.009392821279051075,True,True,False,2.4298388070266003e-05
CAL_R1_BASE76,CAL,R1,BASE76,76,84,PS-H__0042,PS 14:0_22:0,0.0055071145938920835,True,True,False,4.7215572027817645e-05
CAL_R1_BASE76,CAL,R1,BASE76,76,90,PS-H__0059,PS 16:0_18:1,0.0010255871039722925,False,False,False,1.2734087840348301e-20
CAL_R1_BASE76,CAL,R1,BASE76,76,92,PS-H__0062,PS 16:0_20:0,0.012065832381398274,True,True,False,3.43623259480309e-05
CAL_R1_BASE76,CAL,R1,BASE76,76,93,PS-H__0063,PS 16:0_20:1,0.004635794548760594,True,True,False,1.2027579514060087e-06
CAL_R1_BASE76,CAL,R1,BASE76,76,94,PS-H__0064,PS 16:0_20:2,0.0013997958777984107,False,False,False,9.73222897332654e-21
CAL_R1_BASE76,CAL,R1,BASE76,76,95,PS-H__0065,PS 16:0_20:3,0.007233825043932477,True,True,False,4.040994977503102e-06
CAL_R1_BASE76,CAL,R1,BASE76,76,97,PS-H__0067,PS 16:0_20:5,0.09862985806240512,True,True,False,0.0036791314737836616
CAL_R1_BASE76,CAL,R1,BASE76,76,101,PS-H__0088,PS 16:1_20:1,0.007066138703405059,True,True,False,8.107571562975972e-06
CAL_R1_BASE76,CAL,R1,BASE76,76,109,PS-H__0131,PS 18:1_18:1,0.001408295347336518,True,True,False,7.925461689875715e-07
CAL_R1_BASE76,CAL,R1,BASE76,76,110,PS-H__0132,PS 18:1_18:2,0.004165157897781323,True,True,False,9.456223819571391e-06
CAL_R1_BASE76,CAL,R1,BASE76,76,124,PE-H__0081,PE 16:0_24:6,0.02565794287668641,True,True,False,0.000154043247271481
CAL_R1_BASE76,CAL,R1,BASE76,76,127,PE-H__0095,PE 16:1_22:2,0.0039056551936468256,False,False,False,1.8001568291140137e-22
CAL_R1_BASE76,CAL,R1,BASE76,76,136,PE-H__0115,PE 18:0_20:4,0.0018770441680997013,False,False,False,1.84216915579329e-23
CAL_R1_BASE76,CAL,R1,BASE76,76,145,PE-H__0137,PE 18:1_20:3,0.0021464847559315376,False,False,False,0.0
CAL_R1_BASE76,CAL,R1,BASE76,76,146,PE-H__0138,PE 18:1_20:4,0.00255042805662898,False,False,False,0.0
CAL_R1_BASE76,CAL,R1,BASE76,76,148,PE-H__0142,PE 18:1_22:2,0.006064800648681475,True,True,False,2.6005092918046307e-08
CAL_R1_BASE76,CAL,R1,BASE76,76,151,PE-H__0145,PE 18:1_22:5,0.006489188088844293,True,True,False,5.851157809668759e-07
CAL_R1_BASE76,CAL,R1,BASE76,76,152,PE-H__0146,PE 18:1_22:6,0.0011843288143736429,False,False,False,0.0
CAL_R1_BASE76,CAL,R1,BASE76,76,155,PE-H__0158,PE 18:2_20:2,0.0019641267541368455,True,True,False,5.973748024424864e-08
CAL_R1_BASE76,CAL,R1,BASE76,76,157,PE-H__0160,PE 18:2_20:4,0.008489388180894388,False,False,False,2.3261163220267415e-22
CAL_R1_BASE76,CAL,R1,BASE76,76,160,PE-H__0164,PE 18:2_22:2,0.0010068424134077494,True,True,False,2.524469460097009e-07
CAL_R1_BASE76,CAL,R1,BASE76,76,162,PE-H__0166,PE 18:2_22:4,0.0011169669416355068,False,False,False,0.0
CAL_R1_BASE76,CAL,R1,BASE76,76,164,PE-H__0168,PE 18:2_22:6,0.001176874155415656,True,True,False,5.458050318117785e-08
CAL_R1_BASE76,CAL,R1,BASE76,76,170,PE-H__0200,PE 20:0_20:3,0.0010386265628430126,False,False,False,0.0
CAL_R1_BASE76,CAL,R1,BASE76,76,171,PE-H__0201,PE 20:0_20:4,0.010219320202880362,True,True,False,1.1956401202892267e-05
CAL_R1_BASE76,CAL,R1,BASE76,76,174,PE-H__0219,PE 20:1_20:3,0.00988723159936989,False,False,False,0.0
CAL_R1_BASE76,CAL,R1,BASE76,76,177,PE-H__0236,PE 20:2_20:2,0.0029412164480866775,True,True,False,7.27785467078585e-08
CAL_R1_BASE76,CAL,R1,BASE76,76,178,PE-H__0237,PE 20:2_20:3,0.001026698350879048,False,False,False,0.0
CAL_R1_BASE76,CAL,R1,BASE76,76,179,PE-H__0238,PE 20:2_20:4,0.005152365733004724,False,False,False,2.7767790007386667e-22
CAL_R1_BASE76,CAL,R1,BASE76,76,181,PE-H__0254,PE 20:3_20:3,0.0036094901401029613,False,False,False,0.0
CAL_R1_BASE76,CAL,R1,BASE76,76,184,PE-H__0271,PE 20:4_20:4,0.006638951390572192,False,False,False,7.826411474118639e-24
CAL_R1_BASE76,CAL,R1,BASE76,76,187,PE-H__0460,PE 17:0_20:1,0.0014274672188286136,False,False,False,0.0
CAL_R1_BASE76,CAL,R1,BASE76,76,188,PE-H__0461,PE 17:0_20:2,0.002865945840089438,False,False,False,0.0
CAL_R1_BASE76,CAL,R1,BASE76,76,191,PE-H__0464,PE 17:0_20:5,0.005487374357478291,False,False,False,1.3832468813319112e-21
CAL_R1_BASE76,CAL,R1,BASE76,76,197,PE-H__0471,PE 17:0_22:6,0.0014557849506857188,True,True,False,6.687990925933295e-07
CAL_R1_BASE76,CAL,R1,BASE76,76,198,PE-H__0481,PE 20:0_17:1,0.01739095535827199,True,True,False,5.440389976868739e-05
CAL_R1_BASE76,CAL,R1,BASE76,76,200,PE-H__0483,PE 17:1_20:2,0.002542811375334772,True,True,False,3.031998897767343e-08
CAL_R1_BASE76,CAL,R1,BASE76,76,201,PE-H__0484,PE 17:1_20:3,0.006263671171664113,False,False,False,0.0
CAL_R1_BASE76,CAL,R1,BASE76,76,202,PE-H__0485,PE 17:1_20:4,0.018707524342486237,True,True,False,3.0751632318322306e-05
CAL_R1_BASE76,CAL,R1,BASE76,76,204,PE-H__0490,PE 17:1_22:3,0.0031708824255798278,True,True,False,6.037873595501129e-09
CAL_R1_BASE76,CAL,R1,BASE76,76,205,PE-H__0491,PE 17:1_22:4,0.0017473440774297,False,False,False,5.765343964364158e-28
CAL_R1_BASE76,CAL,R1,BASE76,76,206,PE-H__0492,PE 17:1_22:5,0.017571844783194214,False,False,False,0.0
CAL_R1_BASE76,CAL,R1,BASE76,76,207,PE-H__0493,PE 17:1_22:6,0.0055868790203872235,False,False,False,3.193016214401833e-30
CAL_R1_BASE76,CAL,R1,BASE76,76,208,PEO-H__0072,PE O-16:0_22:1,0.01060810146462409,True,True,False,2.2643946988074543e-07
CAL_R1_BASE76,CAL,R1,BASE76,76,209,PEO-H__0073,PE O-16:0_22:2,0.016315010041747652,False,False,False,3.2339186153128486e-24
CAL_R1_BASE76,CAL,R1,BASE76,76,211,PEO-H__0075,PE O-16:0_22:4,0.0015333674695690712,False,False,False,0.0
CAL_R1_BASE76,CAL,R1,BASE76,76,212,PEO-H__0076,PE O-16:0_22:5,0.04144287436715265,True,True,False,0.0001329307122610076
CAL_R1_BASE76,CAL,R1,BASE76,76,221,PEO-H__0107,PE O-16:1_24:1,0.08561792908892728,True,True,False,0.007818445383608772
CAL_R1_BASE76,CAL,R1,BASE76,76,222,PEO-H__0110,PE O-16:1_24:4,0.0012879545249380071,False,False,False,3.8768318083508562e-28
CAL_R1_BASE76,CAL,R1,BASE76,76,229,PEO-H__0126,PE O-18:0_20:5,0.009081491877031365,False,False,False,1.779604503765693e-28
CAL_R1_BASE76,CAL,R1,BASE76,76,231,PEO-H__0129,PE O-18:0_22:2,0.017385504463670074,True,True,False,2.279875935480706e-05
CAL_R1_BASE76,CAL,R1,BASE76,76,235,PEO-H__0133,PE O-18:0_22:6,0.0025770493110067066,True,True,False,7.001069705850652e-07
CAL_R1_BASE76,CAL,R1,BASE76,76,239,PEO-H__0153,PE O-18:1_20:4,0.009782588397131232,False,False,False,2.5043030420030883e-24
CAL_R1_BASE76,CAL,R1,BASE76,76,242,PEO-H__0157,PE O-18:1_22:2,0.011799059848874204,True,True,False,3.57367924581198e-07
CAL_R1_BASE76,CAL,R1,BASE76,76,252,PEO-H__0183,PE O-18:2_22:0,0.0018954428883338594,True,True,False,4.7176253714077706e-07
CAL_R1_BASE76,CAL,R1,BASE76,76,259,PEO-H__0208,PE O-18:3_20:3,0.00513143971110396,False,False,False,0.0
CAL_R1_BASE76,CAL,R1,BASE76,76,264,PEO-H__0217,PE O-18:3_22:6,0.0010177857833277145,False,False,False,5.307536927519304e-28
CAL_R1_BASE76,CAL,R1,BASE76,76,265,PEO-H__0235,PE O-20:0_20:2,0.006532891282286694,False,False,False,4.181067059929832e-21
CAL_R1_BASE76,CAL,R1,BASE76,76,273,PEO-H__0292,PE O-20:2_20:3,0.0019554599416841474,False,False,False,0.0
CAL_R1_BASE76,CAL,R1,BASE76,76,274,PEO-H__0293,PE O-20:2_20:4,0.0013123851584775981,False,False,False,4.8672184017582955e-25
CAL_R1_BASE76,CAL,R1,BASE76,76,279,PG-H__0051,PG 14:0_22:5,0.008655166923451224,False,False,False,1.5014914041029307e-24
CAL_R1_BASE76,CAL,R1,BASE76,76,280,PG-H__0052,PG 16:0_20:5,0.01995214486694358,True,True,False,1.735242963452199e-05
CAL_R1_BASE76,CAL,R1,BASE76,76,281,PG-H__0053,PG 16:1_20:4,0.009076503106846427,True,True,False,1.1880695351151052e-06
CAL_R1_BASE76,CAL,R1,BASE76,76,282,PG-H__0054,PG 18:2_18:3,0.0010228809916512796,True,True,False,1.1198598353030054e-07
CAL_R1_BASE76,CAL,R1,BASE76,76,283,PG-H__0056,PG 14:0_22:4,0.002273277502717319,False,False,False,1.787173664363264e-21
CAL_R1_BASE76,CAL,R1,BASE76,76,284,PG-H__0057,PG 16:0_20:4,0.10783673078704568,True,True,False,1.8746888092597224e-05
CAL_R1_BASE76,CAL,R1,BASE76,76,285,PG-H__0058,PG 16:1_20:3,0.277048166350585,True,True,False,0.0016533991898770388
CAL_R1_BASE76,CAL,R1,BASE76,76,286,PG-H__0059,PG 18:1_18:3,0.004557077005167452,False,False,False,0.0
CAL_R1_BASE76,CAL,R1,BASE76,76,287,PG-H__0060,PG 18:2_18:2,0.028281818479001394,True,True,False,2.453620293891792e-09
CAL_R1_BASE76,CAL,R1,BASE76,76,294,PG-H__0069,PG 16:0_20:2,0.07821292951116768,True,True,False,8.3025515545202e-06
CAL_R1_BASE76,CAL,R1,BASE76,76,295,PG-H__0070,PG 16:1_20:1,0.07497509390258579,False,False,False,6.220692405323041e-24
CAL_R1_BASE76,CAL,R1,BASE76,76,297,PG-H__0072,PG 18:1_18:1,0.011218469495072053,True,True,False,1.2026430567548906e-06
CAL_R1_BASE76,CAL,R1,BASE76,76,312,PG-H__0093,PG 16:0_22:5,0.03302881558168866,False,False,False,7.432429112527918e-23
CAL_R1_BASE76,CAL,R1,BASE76,76,313,PG-H__0094,PG 16:1_22:4,0.007855134291036436,True,True,False,1.290216292821054e-07
CAL_R1_BASE76,CAL,R1,BASE76,76,315,PG-H__0096,PG 18:1_20:4,0.020517472052122804,False,False,False,2.0070915906193658e-22
CAL_R1_BASE76,CAL,R1,BASE76,76,316,PG-H__0097,PG 18:2_20:3,0.0189245020212486,True,True,False,1.2806312781567444e-05
CAL_R1_BASE76,CAL,R1,BASE76,76,320,PG-H__0101,PG 16:1_22:3,0.0022429330273243896,False,False,False,5.731269505071608e-22
CAL_R1_BASE76,CAL,R1,BASE76,76,323,PG-H__0104,PG 18:2_20:2,0.001633233547830043,False,False,False,0.0
CAL_R1_BASE76,CAL,R1,BASE76,76,331,PG-H__0462,PG 17:0_20:3,0.001385738329798105,False,False,False,1.568548123779738e-21
CAL_R1_BASE76,CAL,R1,BASE76,76,336,PG-H__0479,PG 17:1_18:2,0.003928860305538286,True,True,False,5.120210074172809e-05
CAL_R1_BASE76,CAL,R1,BASE76,76,338,PG-H__0482,PG 17:1_20:1,0.0012517758835819954,False,False,False,0.0
CAL_R1_BASE76,CAL,R1,BASE76,76,339,PG-H__0483,PG 17:1_20:2,0.001997917879053913,True,True,False,9.372922598346882e-09
CAL_R1_BASE76,CAL,R1,BASE76,76,341,PG-H__0485,PG 17:1_20:4,0.0025790500851952678,False,False,False,2.7704993032809e-21
CAL_R1_BASE76,CAL,R1,BASE76,76,342,PG-H__0502,PG 17:0_17:0,0.0010973205887084862,True,True,False,3.3730977974691655e-07
CAL_R1_BASE76,CAL,R1,BASE76,76,351,PCO+HCOO__0084,PC O-16:1_18:1,0.00545619807905497,True,True,False,7.875133427126076e-05
CAL_R1_BASE76,CAL,R1,BASE76,76,369,PC+Cl__0169,PC 14:0_18:2,0.0017949530575352974,False,False,False,0.0
CAL_R1_BASE76,CAL,R1,BASE76,76,373,PC+Cl__0179,PC 14:0_20:3,0.0018554180739018854,False,False,False,1.786132470544021e-27
CAL_R1_BASE76,CAL,R1,BASE76,76,374,PC+Cl__0180,PC 14:0_20:4,0.01757112890681846,True,True,False,0.00041544516684888233
CAL_R1_BASE76,CAL,R1,BASE76,76,375,PC+Cl__0219,PC 14:1_17:1,0.02351056511079809,True,True,False,0.0012011823588048056
CAL_R1_BASE76,CAL,R1,BASE76,76,384,PC+Cl__0435,PC 16:1_16:1,0.04280681346741396,True,True,False,0.0004838996511257891
CAL_R1_BASE76,CAL,R1,BASE76,76,389,PC+Cl__0658,PC 17:0_17:1,0.0014152163106863895,True,True,False,2.41898543639847e-08
CAL_R1_BASE76,CAL,R1,BASE76,76,390,PC+Cl__0706,PC 17:1_17:1,0.0015326780635851664,False,False,False,6.763086708336361e-22
CAL_R1_HIGH129,CAL,R1,HIGH129,129,2,PA-H__0079,PA 16:0_24:4,0.004321555331063267,False,False,False,0.0
CAL_R1_HIGH129,CAL,R1,HIGH129,129,3,PA-H__0080,PA 16:0_24:5,0.001274655101919519,True,True,False,3.884493847337653e-09
CAL_R1_HIGH129,CAL,R1,HIGH129,129,5,PA-H__0117,PA 18:0_22:0,0.011054091551704791,True,True,False,1.801727578206099e-05
CAL_R1_HIGH129,CAL,R1,HIGH129,129,17,PA-H__0141,PA 18:1_22:1,0.008199453740967191,False,False,False,4.789654252060568e-29
CAL_R1_HIGH129,CAL,R1,HIGH129,129,19,PA-H__0143,PA 18:1_22:3,0.0015750560091803572,True,True,False,1.9648478208075475e-07
CAL_R1_HIGH129,CAL,R1,HIGH129,129,23,PA-H__0151,PA 18:1_24:4,0.001574092603513778,True,True,False,5.98089908609022e-08
CAL_R1_HIGH129,CAL,R1,HIGH129,129,25,PA-H__0153,PA 18:1_24:6,0.0037130704014162815,False,False,False,5.537336156048898e-21
CAL_R1_HIGH129,CAL,R1,HIGH129,129,26,PA-H__0162,PA 22:0_18:2,0.0027055696740802574,True,True,False,6.763082011968452e-10
CAL_R1_HIGH129,CAL,R1,HIGH129,129,35,PA-H__0197,PA 20:0_20:0,0.0169401159967046,True,True,False,6.910797711481505e-06
CAL_R1_HIGH129,CAL,R1,HIGH129,129,36,PA-H__0198,PA 20:0_20:1,0.0014628757176018768,True,True,False,3.130226001978161e-08
CAL_R1_HIGH129,CAL,R1,HIGH129,129,37,PA-H__0199,PA 20:0_20:2,0.040305785965680706,True,True,False,3.3565959751575795e-05
CAL_R1_HIGH129,CAL,R1,HIGH129,129,39,PA-H__0201,PA 20:0_20:4,0.0044660337521126815,True,True,False,4.389097555052085e-10
CAL_R1_HIGH129,CAL,R1,HIGH129,129,40,PA-H__0202,PA 20:0_20:5,0.0043150903352999585,False,False,False,5.645835745951603e-29
CAL_R1_HIGH129,CAL,R1,HIGH129,129,41,PA-H__0204,PA 20:0_22:1,0.0013784321500190247,False,False,False,0.0
CAL_R1_HIGH129,CAL,R1,HIGH129,129,46,PA-H__0209,PA 20:0_22:6,0.005258961923005084,False,False,False,0.0
CAL_R1_HIGH129,CAL,R1,HIGH129,129,47,PA-H__0217,PA 20:1_20:1,0.008897749503039662,False,False,False,2.026930651462723e-24
CAL_R1_HIGH129,CAL,R1,HIGH129,129,49,PA-H__0219,PA 20:1_20:3,0.001256377649643309,True,True,False,1.0142433810624455e-08
CAL_R1_HIGH129,CAL,R1,HIGH129,129,55,PA-H__0226,PA 20:1_22:4,0.0013981462152052137,True,True,False,2.8526091188343833e-08
CAL_R1_HIGH129,CAL,R1,HIGH129,129,56,PA-H__0227,PA 20:1_22:5,0.01280568548531239,False,False,False,0.0
CAL_R1_HIGH129,CAL,R1,HIGH129,129,57,PA-H__0228,PA 20:1_22:6,0.02771941591033506,True,True,False,0.00010505835928125877
CAL_R1_HIGH129,CAL,R1,HIGH129,129,62,PA-H__0246,PA 20:2_22:6,0.0014557365999182848,False,False,False,0.0
CAL_R1_HIGH129,CAL,R1,HIGH129,129,67,PA-H__0263,PA 20:3_22:6,0.004490410517657209,False,False,False,0.0
CAL_R1_HIGH129,CAL,R1,HIGH129,129,68,PA-H__0273,PA 22:0_20:4,0.0014851345961071252,False,False,False,9.070572509099226e-21
CAL_R1_HIGH129,CAL,R1,HIGH129,129,70,PA-H__0275,PA 22:2_20:4,0.0011470690130635309,False,False,False,0.0
CAL_R1_HIGH129,CAL,R1,HIGH129,129,71,PA-H__0276,PA 22:3_20:4,0.003166845610406928,True,True,False,3.2454549460745846e-06
CAL_R1_HIGH129,CAL,R1,HIGH129,129,74,PA-H__0279,PA 20:4_22:6,0.0015668325265833824,True,True,False,7.837818678442882e-08
CAL_R1_HIGH129,CAL,R1,HIGH129,129,75,PA-H__0289,PA 22:1_20:5,0.00998512704251618,True,True,False,1.916231930377116e-05
CAL_R1_HIGH129,CAL,R1,HIGH129,129,84,PS-H__0042,PS 14:0_22:0,0.0053915292213454835,True,True,False,4.5497318667257954e-05
CAL_R1_HIGH129,CAL,R1,HIGH129,129,90,PS-H__0059,PS 16:0_18:1,0.001239859671018056,True,True,False,9.454834598551971e-08
CAL_R1_HIGH129,CAL,R1,HIGH129,129,92,PS-H__0062,PS 16:0_20:0,0.012408287563129719,True,True,False,2.6494428304610424e-05
CAL_R1_HIGH129,CAL,R1,HIGH129,129,93,PS-H__0063,PS 16:0_20:1,0.004840280259012506,True,True,False,7.269417564848721e-07
CAL_R1_HIGH129,CAL,R1,HIGH129,129,94,PS-H__0064,PS 16:0_20:2,0.0011634174372147105,False,False,False,2.208625116661904e-20
CAL_R1_HIGH129,CAL,R1,HIGH129,129,95,PS-H__0065,PS 16:0_20:3,0.006486252264292488,True,True,False,2.102409305686202e-06
CAL_R1_HIGH129,CAL,R1,HIGH129,129,97,PS-H__0067,PS 16:0_20:5,0.0985170616974393,True,True,False,0.0035838759969830073
CAL_R1_HIGH129,CAL,R1,HIGH129,129,101,PS-H__0088,PS 16:1_20:1,0.006753806492871761,True,True,False,5.061632784271226e-06
CAL_R1_HIGH129,CAL,R1,HIGH129,129,109,PS-H__0131,PS 18:1_18:1,0.0016776515283381068,True,True,False,1.7463926065507323e-07
CAL_R1_HIGH129,CAL,R1,HIGH129,129,110,PS-H__0132,PS 18:1_18:2,0.0046688368905575635,True,True,False,7.649997477443593e-06
CAL_R1_HIGH129,CAL,R1,HIGH129,129,117,PE-H__0070,PE 16:0_22:2,0.0016656400024309226,False,False,False,9.351653636979836e-23
CAL_R1_HIGH129,CAL,R1,HIGH129,129,119,PE-H__0072,PE 16:0_22:4,0.0015803734661358367,False,False,False,4.047671596560658e-21
CAL_R1_HIGH129,CAL,R1,HIGH129,129,121,PE-H__0074,PE 16:0_22:6,0.0014282172093885307,True,True,False,5.4598735769141706e-08
CAL_R1_HIGH129,CAL,R1,HIGH129,129,124,PE-H__0081,PE 16:0_24:6,0.026108208513165313,True,True,False,0.00014561060348072628
CAL_R1_HIGH129,CAL,R1,HIGH129,129,127,PE-H__0095,PE 16:1_22:2,0.004032937407763391,True,True,False,5.899335026880141e-12
CAL_R1_HIGH129,CAL,R1,HIGH129,129,136,PE-H__0115,PE 18:0_20:4,0.0013264071129074446,False,False,False,0.0
CAL_R1_HIGH129,CAL,R1,HIGH129,129,144,PE-H__0136,PE 18:1_20:2,0.0010026998333795857,False,False,False,5.777243473193579e-22
CAL_R1_HIGH129,CAL,R1,HIGH129,129,145,PE-H__0137,PE 18:1_20:3,0.002280298808876618,False,False,False,0.0
CAL_R1_HIGH129,CAL,R1,HIGH129,129,146,PE-H__0138,PE 18:1_20:4,0.003306742734564922,False,False,False,0.0
CAL_R1_HIGH129,CAL,R1,HIGH129,129,148,PE-H__0142,PE 18:1_22:2,0.00477801267290686,True,True,False,9.340602014174916e-09
CAL_R1_HIGH129,CAL,R1,HIGH129,129,151,PE-H__0145,PE 18:1_22:5,0.0047477164822776466,True,True,False,3.385199786613716e-07
CAL_R1_HIGH129,CAL,R1,HIGH129,129,152,PE-H__0146,PE 18:1_22:6,0.0014412141560497314,False,False,False,9.214415818650207e-21
CAL_R1_HIGH129,CAL,R1,HIGH129,129,155,PE-H__0158,PE 18:2_20:2,0.0023520024508360275,True,True,False,2.482605873855393e-08
CAL_R1_HIGH129,CAL,R1,HIGH129,129,160,PE-H__0164,PE 18:2_22:2,0.00103218495634977,True,True,False,1.7682693903630435e-07
CAL_R1_HIGH129,CAL,R1,HIGH129,129,161,PE-H__0165,PE 18:2_22:3,0.0018774476333492476,False,False,False,2.5814181739337827e-22
CAL_R1_HIGH129,CAL,R1,HIGH129,129,162,PE-H__0166,PE 18:2_22:4,0.0015493912747426702,False,False,False,0.0
CAL_R1_HIGH129,CAL,R1,HIGH129,129,163,PE-H__0167,PE 18:2_22:5,0.0015186250276914407,False,False,False,3.497983289965403e-22
CAL_R1_HIGH129,CAL,R1,HIGH129,129,164,PE-H__0168,PE 18:2_22:6,0.0015864966013732027,True,True,False,9.962846690582673e-09
CAL_R1_HIGH129,CAL,R1,HIGH129,129,167,PE-H__0181,PE 18:3_20:4,0.001000599313722389,False,False,False,0.0
CAL_R1_HIGH129,CAL,R1,HIGH129,129,170,PE-H__0200,PE 20:0_20:3,0.0010263984076867773,False,False,False,5.392384752521482e-23
CAL_R1_HIGH129,CAL,R1,HIGH129,129,171,PE-H__0201,PE 20:0_20:4,0.01062283136889474,True,True,False,9.650909951859206e-06
CAL_R1_HIGH129,CAL,R1,HIGH129,129,174,PE-H__0219,PE 20:1_20:3,0.009683480365180202,True,True,False,2.017347948160817e-11
CAL_R1_HIGH129,CAL,R1,HIGH129,129,177,PE-H__0236,PE 20:2_20:2,0.001997680179113594,True,True,False,4.213502727167548e-08
CAL_R1_HIGH129,CAL,R1,HIGH129,129,178,PE-H__0237,PE 20:2_20:3,0.0014774247660012845,True,True,False,3.5816438751101727e-11
CAL_R1_HIGH129,CAL,R1,HIGH129,129,179,PE-H__0238,PE 20:2_20:4,0.006047880471868074,False,False,False,0.0
CAL_R1_HIGH129,CAL,R1,HIGH129,129,181,PE-H__0254,PE 20:3_20:3,0.0031623861682705465,False,False,False,1.4523436016913113e-29
CAL_R1_HIGH129,CAL,R1,HIGH129,129,184,PE-H__0271,PE 20:4_20:4,0.006796283031306085,False,False,False,0.0
CAL_R1_HIGH129,CAL,R1,HIGH129,129,187,PE-H__0460,PE 17:0_20:1,0.00457461586718502,True,True,False,4.54422848166749e-11
CAL_R1_HIGH129,CAL,R1,HIGH129,129,188,PE-H__0461,PE 17:0_20:2,0.0044343971991910175,True,True,False,5.311076149646614e-10
CAL_R1_HIGH129,CAL,R1,HIGH129,129,191,PE-H__0464,PE 17:0_20:5,0.0038994991569835653,True,True,False,2.1433360085094782e-10
CAL_R1_HIGH129,CAL,R1,HIGH129,129,196,PE-H__0470,PE 17:0_22:5,0.0017590362141681672,True,True,False,1.3382651868376975e-09
CAL_R1_HIGH129,CAL,R1,HIGH129,129,197,PE-H__0471,PE 17:0_22:6,0.0017923226988068675,True,True,False,4.1901641645796104e-07
CAL_R1_HIGH129,CAL,R1,HIGH129,129,198,PE-H__0481,PE 20:0_17:1,0.016641891093061387,True,True,False,4.262810473993342e-05
CAL_R1_HIGH129,CAL,R1,HIGH129,129,200,PE-H__0483,PE 17:1_20:2,0.00397780455407749,True,True,False,3.413100360768919e-09
CAL_R1_HIGH129,CAL,R1,HIGH129,129,201,PE-H__0484,PE 17:1_20:3,0.005959865205225529,False,False,False,3.5780118479951014e-23
CAL_R1_HIGH129,CAL,R1,HIGH129,129,202,PE-H__0485,PE 17:1_20:4,0.025545963898955998,True,True,False,2.5748136563529827e-05
CAL_R1_HIGH129,CAL,R1,HIGH129,129,204,PE-H__0490,PE 17:1_22:3,0.0032089179129381035,True,True,False,1.6631739115899367e-09
CAL_R1_HIGH129,CAL,R1,HIGH129,129,205,PE-H__0491,PE 17:1_22:4,0.0017734944112875392,False,False,False,0.0
CAL_R1_HIGH129,CAL,R1,HIGH129,129,206,PE-H__0492,PE 17:1_22:5,0.014580838894571659,True,True,False,1.6235111828405056e-10
CAL_R1_HIGH129,CAL,R1,HIGH129,129,207,PE-H__0493,PE 17:1_22:6,0.004999723655604276,False,False,False,2.8880197562205145e-24
CAL_R1_HIGH129,CAL,R1,HIGH129,129,208,PEO-H__0072,PE O-16:0_22:1,0.012142371204770144,True,True,False,1.0738275023617122e-07
CAL_R1_HIGH129,CAL,R1,HIGH129,129,209,PEO-H__0073,PE O-16:0_22:2,0.015975270201335823,False,False,False,0.0
CAL_R1_HIGH129,CAL,R1,HIGH129,129,211,PEO-H__0075,PE O-16:0_22:4,0.0014345819174805912,False,False,False,0.0
CAL_R1_HIGH129,CAL,R1,HIGH129,129,212,PEO-H__0076,PE O-16:0_22:5,0.0394649635837542,True,True,False,0.00011984726902451257
CAL_R1_HIGH129,CAL,R1,HIGH129,129,221,PEO-H__0107,PE O-16:1_24:1,0.08597027091196908,True,True,False,0.007574103716302297
CAL_R1_HIGH129,CAL,R1,HIGH129,129,222,PEO-H__0110,PE O-16:1_24:4,0.0017404633333379192,False,False,False,3.1405986977714374e-28
CAL_R1_HIGH129,CAL,R1,HIGH129,129,224,PEO-H__0112,PE O-16:1_24:6,0.0010948933153467945,False,False,False,1.0021059638946719e-22
CAL_R1_HIGH129,CAL,R1,HIGH129,129,229,PEO-H__0126,PE O-18:0_20:5,0.009998016642200238,False,False,False,3.4170572543462465e-28
CAL_R1_HIGH129,CAL,R1,HIGH129,129,230,PEO-H__0128,PE O-18:0_22:1,0.0010344976719217948,False,False,False,0.0
CAL_R1_HIGH129,CAL,R1,HIGH129,129,231,PEO-H__0129,PE O-18:0_22:2,0.01755210859422591,True,True,False,2.094810166505632e-05
CAL_R1_HIGH129,CAL,R1,HIGH129,129,235,PEO-H__0133,PE O-18:0_22:6,0.0025386788865648068,True,True,False,3.908774272061498e-07
CAL_R1_HIGH129,CAL,R1,HIGH129,129,239,PEO-H__0153,PE O-18:1_20:4,0.01023747352026328,True,True,False,4.011958208845002e-11
CAL_R1_HIGH129,CAL,R1,HIGH129,129,242,PEO-H__0157,PE O-18:1_22:2,0.011821437929533652,True,True,False,1.517187609861193e-07
CAL_R1_HIGH129,CAL,R1,HIGH129,129,252,PEO-H__0183,PE O-18:2_22:0,0.0020821805017829853,True,True,False,1.9026066701232853e-07
CAL_R1_HIGH129,CAL,R1,HIGH129,129,259,PEO-H__0208,PE O-18:3_20:3,0.004413124250018341,False,False,False,4.9774439557594337e-23
CAL_R1_HIGH129,CAL,R1,HIGH129,129,263,PEO-H__0216,PE O-18:3_22:5,0.002703569410012929,True,True,False,1.0229121198867987e-07
CAL_R1_HIGH129,CAL,R1,HIGH129,129,265,PEO-H__0235,PE O-20:0_20:2,0.005559875579950407,True,True,False,8.835557975520712e-11
CAL_R1_HIGH129,CAL,R1,HIGH129,129,273,PEO-H__0292,PE O-20:2_20:3,0.001190563032725759,False,False,False,3.4940523817026474e-22
CAL_R1_HIGH129,CAL,R1,HIGH129,129,274,PEO-H__0293,PE O-20:2_20:4,0.0017293951410252925,False,False,False,2.1041236866447448e-23
CAL_R1_HIGH129,CAL,R1,HIGH129,129,275,PEO-H__0320,PE O-20:3_20:3,0.0013750528152346837,False,False,False,4.5170668401664995e-21
CAL_R1_HIGH129,CAL,R1,HIGH129,129,279,PG-H__0051,PG 14:0_22:5,0.00908818621621668,False,False,False,5.0252245288386326e-29
CAL_R1_HIGH129,CAL,R1,HIGH129,129,280,PG-H__0052,PG 16:0_20:5,0.01920830787386633,True,True,False,1.4968148916935037e-05
CAL_R1_HIGH129,CAL,R1,HIGH129,129,281,PG-H__0053,PG 16:1_20:4,0.008536175411686213,True,True,False,6.942622006914963e-07
CAL_R1_HIGH129,CAL,R1,HIGH129,129,282,PG-H__0054,PG 18:2_18:3,0.0012256595307804919,True,True,False,5.661470705867861e-08
CAL_R1_HIGH129,CAL,R1,HIGH129,129,283,PG-H__0056,PG 14:0_22:4,0.0015517794468698184,False,False,False,4.45133948004774e-22
CAL_R1_HIGH129,CAL,R1,HIGH129,129,284,PG-H__0057,PG 16:0_20:4,0.10084715459064936,True,True,False,1.4779691414572079e-05
CAL_R1_HIGH129,CAL,R1,HIGH129,129,285,PG-H__0058,PG 16:1_20:3,0.2774978436981507,True,True,False,0.0014748030475582668
CAL_R1_HIGH129,CAL,R1,HIGH129,129,286,PG-H__0059,PG 18:1_18:3,0.004252716123211114,True,True,False,1.1300752100220443e-10
CAL_R1_HIGH129,CAL,R1,HIGH129,129,287,PG-H__0060,PG 18:2_18:2,0.03115763288690527,True,True,False,6.216024261617457e-10
CAL_R1_HIGH129,CAL,R1,HIGH129,129,294,PG-H__0069,PG 16:0_20:2,0.08129418289179263,True,True,False,5.673665763670594e-06
CAL_R1_HIGH129,CAL,R1,HIGH129,129,295,PG-H__0070,PG 16:1_20:1,0.07568302320554249,False,False,False,2.1371033699560397e-22
CAL_R1_HIGH129,CAL,R1,HIGH129,129,297,PG-H__0072,PG 18:1_18:1,0.011933703761812993,True,True,False,7.487350935431997e-07
CAL_R1_HIGH129,CAL,R1,HIGH129,129,312,PG-H__0093,PG 16:0_22:5,0.03284600809646154,True,True,False,3.7628304912489824e-11
CAL_R1_HIGH129,CAL,R1,HIGH129,129,313,PG-H__0094,PG 16:1_22:4,0.007604882259901038,True,True,False,8.31466462037204e-08
CAL_R1_HIGH129,CAL,R1,HIGH129,129,315,PG-H__0096,PG 18:1_20:4,0.020190113363822954,False,False,False,2.649223308544e-23
CAL_R1_HIGH129,CAL,R1,HIGH129,129,316,PG-H__0097,PG 18:2_20:3,0.019912506603874742,True,True,False,1.0106373054637628e-05
CAL_R1_HIGH129,CAL,R1,HIGH129,129,318,PG-H__0099,PG 14:0_24:4,0.002214784942663931,True,True,False,8.54880181347813e-08
CAL_R1_HIGH129,CAL,R1,HIGH129,129,320,PG-H__0101,PG 16:1_22:3,0.0014881729955331545,False,False,False,2.1573392181935003e-23
CAL_R1_HIGH129,CAL,R1,HIGH129,129,331,PG-H__0462,PG 17:0_20:3,0.0016025795110988091,False,False,False,5.121012044152975e-24
CAL_R1_HIGH129,CAL,R1,HIGH129,129,336,PG-H__0479,PG 17:1_18:2,0.004103845855984816,True,True,False,5.046024284217639e-05
CAL_R1_HIGH129,CAL,R1,HIGH129,129,337,PG-H__0481,PG 20:0_17:1,0.0015195300464817345,False,False,False,2.0180975816080936e-28
CAL_R1_HIGH129,CAL,R1,HIGH129,129,338,PG-H__0482,PG 17:1_20:1,0.0011620054135978517,False,False,False,0.0
CAL_R1_HIGH129,CAL,R1,HIGH129,129,339,PG-H__0483,PG 17:1_20:2,0.002078742814663951,True,True,False,3.7392766520582554e-09
CAL_R1_HIGH129,CAL,R1,HIGH129,129,341,PG-H__0485,PG 17:1_20:4,0.0020878743581738517,False,False,False,0.0
CAL_R1_HIGH129,CAL,R1,HIGH129,129,342,PG-H__0502,PG 17:0_17:0,0.0011087145853345736,True,True,False,1.4255932472666738e-07
CAL_R1_HIGH129,CAL,R1,HIGH129,129,351,PCO+HCOO__0084,PC O-16:1_18:1,0.005472451392556001,True,True,False,7.77562333639712e-05
CAL_R1_HIGH129,CAL,R1,HIGH129,129,369,PC+Cl__0169,PC 14:0_18:2,0.0012727831255777027,False,False,False,0.0
CAL_R1_HIGH129,CAL,R1,HIGH129,129,373,PC+Cl__0179,PC 14:0_20:3,0.0019444380062904497,True,True,False,4.001082185860724e-09
CAL_R1_HIGH129,CAL,R1,HIGH129,129,374,PC+Cl__0180,PC 14:0_20:4,0.017350371888831623,True,True,False,0.00040983269998887546
CAL_R1_HIGH129,CAL,R1,HIGH129,129,375,PC+Cl__0219,PC 14:1_17:1,0.023359707058001753,True,True,False,0.00117832242384916
CAL_R1_HIGH129,CAL,R1,HIGH129,129,384,PC+Cl__0435,PC 16:1_16:1,0.04227565136155344,True,True,False,0.00045951012563958906
CAL_R1_HIGH129,CAL,R1,HIGH129,129,389,PC+Cl__0658,PC 17:0_17:1,0.0017541265616264684,True,True,False,3.1667659834698553e-09
CAL_R2_BASE76,CAL,R2,BASE76,76,0,PA-H__0075,PA 16:0_24:0,0.0012793497699292245,False,False,False,2.8728396086298772e-24
CAL_R2_BASE76,CAL,R2,BASE76,76,3,PA-H__0080,PA 16:0_24:5,0.0014232877011320152,True,True,False,3.3182287642615026e-08
CAL_R2_BASE76,CAL,R2,BASE76,76,5,PA-H__0117,PA 18:0_22:0,0.0241442300960487,True,True,False,9.413568587334008e-05
CAL_R2_BASE76,CAL,R2,BASE76,76,9,PA-H__0121,PA 18:0_22:4,0.0014019966593923593,False,False,False,0.0
CAL_R2_BASE76,CAL,R2,BASE76,76,17,PA-H__0141,PA 18:1_22:1,0.003490241777820131,False,False,False,0.0
CAL_R2_BASE76,CAL,R2,BASE76,76,19,PA-H__0143,PA 18:1_22:3,0.00447292804275232,True,True,False,1.1813157784877394e-06
CAL_R2_BASE76,CAL,R2,BASE76,76,23,PA-H__0151,PA 18:1_24:4,0.0018511005783748674,True,True,False,4.989468683512368e-07
CAL_R2_BASE76,CAL,R2,BASE76,76,25,PA-H__0153,PA 18:1_24:6,0.0017831600298394215,False,False,False,7.070495998157632e-22
CAL_R2_BASE76,CAL,R2,BASE76,76,32,PA-H__0173,PA 18:2_24:4,0.003453977809410592,False,False,False,1.4292323076745652e-21
CAL_R2_BASE76,CAL,R2,BASE76,76,33,PA-H__0174,PA 18:2_24:5,0.0010933148313650937,False,False,False,0.0
CAL_R2_BASE76,CAL,R2,BASE76,76,35,PA-H__0197,PA 20:0_20:0,0.00438246381866736,True,True,False,4.4588866890008587e-07
CAL_R2_BASE76,CAL,R2,BASE76,76,36,PA-H__0198,PA 20:0_20:1,0.0036861598654202043,True,True,False,2.068648031695798e-07
CAL_R2_BASE76,CAL,R2,BASE76,76,41,PA-H__0204,PA 20:0_22:1,0.0050916687149672865,False,False,False,0.0
CAL_R2_BASE76,CAL,R2,BASE76,76,43,PA-H__0206,PA 20:0_22:3,0.0013166521603473163,False,False,False,1.436180471840163e-21
CAL_R2_BASE76,CAL,R2,BASE76,76,44,PA-H__0207,PA 20:0_22:4,0.009918943800063432,True,True,False,5.2430350051190414e-06
CAL_R2_BASE76,CAL,R2,BASE76,76,45,PA-H__0208,PA 20:0_22:5,0.0035624484183919085,False,False,False,0.0
CAL_R2_BASE76,CAL,R2,BASE76,76,46,PA-H__0209,PA 20:0_22:6,0.003978980698277481,False,False,False,0.0
CAL_R2_BASE76,CAL,R2,BASE76,76,49,PA-H__0219,PA 20:1_20:3,0.0034965078102143564,True,True,False,6.865887026174296e-07
CAL_R2_BASE76,CAL,R2,BASE76,76,51,PA-H__0222,PA 22:0_20:1,0.0026038567736403726,False,False,False,0.0
CAL_R2_BASE76,CAL,R2,BASE76,76,55,PA-H__0226,PA 20:1_22:4,0.0023006624130716656,True,True,False,7.856681383679529e-07
CAL_R2_BASE76,CAL,R2,BASE76,76,57,PA-H__0228,PA 20:1_22:6,0.0029936543059999546,True,True,False,1.6455602118971945e-07
CAL_R2_BASE76,CAL,R2,BASE76,76,68,PA-H__0273,PA 22:0_20:4,0.0018912289749043313,False,False,False,0.0
CAL_R2_BASE76,CAL,R2,BASE76,76,69,PA-H__0274,PA 22:1_20:4,0.001543863218041851,False,False,False,6.810176360024047e-22
CAL_R2_BASE76,CAL,R2,BASE76,76,71,PA-H__0276,PA 22:3_20:4,0.001750112504314577,True,True,False,1.8666232078217895e-06
CAL_R2_BASE76,CAL,R2,BASE76,76,75,PA-H__0289,PA 22:1_20:5,0.014120749770468902,True,True,False,2.8766651567348658e-05
CAL_R2_BASE76,CAL,R2,BASE76,76,84,PS-H__0042,PS 14:0_22:0,0.001163097851439991,True,True,False,1.9341040140539477e-06
CAL_R2_BASE76,CAL,R2,BASE76,76,90,PS-H__0059,PS 16:0_18:1,0.0016638288055958901,False,False,False,1.5204124374383368e-20
CAL_R2_BASE76,CAL,R2,BASE76,76,92,PS-H__0062,PS 16:0_20:0,0.008583501188166762,True,True,False,2.3960430436501852e-05
CAL_R2_BASE76,CAL,R2,BASE76,76,93,PS-H__0063,PS 16:0_20:1,0.0017134155439889212,True,True,False,3.535974044838546e-08
CAL_R2_BASE76,CAL,R2,BASE76,76,95,PS-H__0065,PS 16:0_20:3,0.0015833593690788802,True,True,False,9.566021984602198e-08
CAL_R2_BASE76,CAL,R2,BASE76,76,98,PS-H__0083,PS 18:0_16:1,0.002128229155955801,True,True,False,2.5510811148212463e-07
CAL_R2_BASE76,CAL,R2,BASE76,76,100,PS-H__0087,PS 20:0_16:1,0.0011213856068825882,False,False,False,0.0
CAL_R2_BASE76,CAL,R2,BASE76,76,101,PS-H__0088,PS 16:1_20:1,0.002629304810813969,True,True,False,4.48491048280626e-06
CAL_R2_BASE76,CAL,R2,BASE76,76,102,PS-H__0089,PS 16:1_20:2,0.0010466577951982266,False,False,False,6.023962016182395e-22
CAL_R2_BASE76,CAL,R2,BASE76,76,105,PS-H__0107,PS 18:0_18:0,0.0014329400495961117,False,False,False,1.0697994709187679e-21
CAL_R2_BASE76,CAL,R2,BASE76,76,109,PS-H__0131,PS 18:1_18:1,0.0046258675629458285,True,True,False,9.197694280997885e-08
CAL_R2_BASE76,CAL,R2,BASE76,76,110,PS-H__0132,PS 18:1_18:2,0.32010595836837963,True,True,False,0.05971575661568722
CAL_R2_BASE76,CAL,R2,BASE76,76,116,PE-H__0069,PE 16:0_22:1,0.0011646750583924493,False,False,False,0.0
CAL_R2_BASE76,CAL,R2,BASE76,76,119,PE-H__0072,PE 16:0_22:4,0.0028174515436322632,False,False,False,1.204202739163576e-23
CAL_R2_BASE76,CAL,R2,BASE76,76,121,PE-H__0074,PE 16:0_22:6,0.0010278451038835594,True,True,False,4.2608201902185004e-08
CAL_R2_BASE76,CAL,R2,BASE76,76,122,PE-H__0079,PE 16:0_24:4,0.0014212495687415138,False,False,False,0.0
CAL_R2_BASE76,CAL,R2,BASE76,76,124,PE-H__0081,PE 16:0_24:6,0.0476928688728507,True,True,False,0.0005462481015569757
CAL_R2_BASE76,CAL,R2,BASE76,76,127,PE-H__0095,PE 16:1_22:2,0.001231390376685757,False,False,False,1.7972744424300236e-22
CAL_R2_BASE76,CAL,R2,BASE76,76,136,PE-H__0115,PE 18:0_20:4,0.0039633926522461204,False,False,False,4.2833238827617974e-29
CAL_R2_BASE76,CAL,R2,BASE76,76,148,PE-H__0142,PE 18:1_22:2,0.020752153287375452,True,True,False,1.122339723705926e-06
CAL_R2_BASE76,CAL,R2,BASE76,76,149,PE-H__0143,PE 18:1_22:3,0.003684724902231058,False,False,False,7.86419627638031e-22
CAL_R2_BASE76,CAL,R2,BASE76,76,150,PE-H__0144,PE 18:1_22:4,0.003696761025803181,False,False,False,0.0
CAL_R2_BASE76,CAL,R2,BASE76,76,151,PE-H__0145,PE 18:1_22:5,0.0026988154579375492,True,True,False,4.7081822317317847e-07
CAL_R2_BASE76,CAL,R2,BASE76,76,155,PE-H__0158,PE 18:2_20:2,0.024946024645849284,True,True,False,3.0780766874120926e-06
CAL_R2_BASE76,CAL,R2,BASE76,76,160,PE-H__0164,PE 18:2_22:2,0.011599359209123845,True,True,False,2.164665724439983e-08
CAL_R2_BASE76,CAL,R2,BASE76,76,161,PE-H__0165,PE 18:2_22:3,0.0012997247586088384,False,False,False,9.314442377267755e-22
CAL_R2_BASE76,CAL,R2,BASE76,76,162,PE-H__0166,PE 18:2_22:4,0.002924415086830632,False,False,False,1.032114660868758e-21
CAL_R2_BASE76,CAL,R2,BASE76,76,166,PE-H__0178,PE 20:1_18:3,0.0015504901564064421,True,True,False,7.225941278509789e-07
CAL_R2_BASE76,CAL,R2,BASE76,76,168,PE-H__0187,PE 18:3_22:4,0.002108690635577148,False,False,False,0.0
CAL_R2_BASE76,CAL,R2,BASE76,76,169,PE-H__0188,PE 18:3_22:5,0.0010183441795258595,False,False,False,3.254819494300174e-22
CAL_R2_BASE76,CAL,R2,BASE76,76,171,PE-H__0201,PE 20:0_20:4,0.00278743584116751,True,True,False,2.761717524431789e-07
CAL_R2_BASE76,CAL,R2,BASE76,76,172,PE-H__0202,PE 20:0_20:5,0.00273607998596037,False,False,False,5.213044279013987e-22
CAL_R2_BASE76,CAL,R2,BASE76,76,175,PE-H__0220,PE 20:1_20:4,0.06489393625583302,True,True,False,0.00027138598732622714
CAL_R2_BASE76,CAL,R2,BASE76,76,176,PE-H__0221,PE 20:1_20:5,0.0020221014531453248,False,False,False,5.457714525333506e-28
CAL_R2_BASE76,CAL,R2,BASE76,76,177,PE-H__0236,PE 20:2_20:2,0.003243112136944292,True,True,False,8.573474674164406e-09
CAL_R2_BASE76,CAL,R2,BASE76,76,179,PE-H__0238,PE 20:2_20:4,0.004840510706884675,False,False,False,0.0
CAL_R2_BASE76,CAL,R2,BASE76,76,184,PE-H__0271,PE 20:4_20:4,0.0035460510686746265,False,False,False,1.2927331802566225e-21
CAL_R2_BASE76,CAL,R2,BASE76,76,192,PE-H__0466,PE 17:0_22:1,0.0019413394855049221,False,False,False,0.0
CAL_R2_BASE76,CAL,R2,BASE76,76,193,PE-H__0467,PE 17:0_22:2,0.01622163456988165,False,False,False,0.0
CAL_R2_BASE76,CAL,R2,BASE76,76,194,PE-H__0468,PE 17:0_22:3,0.005494902003908678,True,True,False,1.6974140246366423e-06
CAL_R2_BASE76,CAL,R2,BASE76,76,196,PE-H__0470,PE 17:0_22:5,0.002063557685500552,False,False,False,6.683693283084616e-23
CAL_R2_BASE76,CAL,R2,BASE76,76,198,PE-H__0481,PE 20:0_17:1,0.0032957298980483387,True,True,False,1.6605393352757978e-06
CAL_R2_BASE76,CAL,R2,BASE76,76,200,PE-H__0483,PE 17:1_20:2,0.04959426447789567,True,True,False,0.00011392796162901885
CAL_R2_BASE76,CAL,R2,BASE76,76,202,PE-H__0485,PE 17:1_20:4,0.006454680314404305,True,True,False,1.1460970126938081e-07
CAL_R2_BASE76,CAL,R2,BASE76,76,203,PE-H__0488,PE 17:1_22:1,0.10462584083131486,True,True,False,0.0013891101366585857
CAL_R2_BASE76,CAL,R2,BASE76,76,204,PE-H__0490,PE 17:1_22:3,0.006026833647298365,True,True,False,1.5151704145752318e-08
CAL_R2_BASE76,CAL,R2,BASE76,76,205,PE-H__0491,PE 17:1_22:4,0.00687806721191604,False,False,False,1.0475310442279695e-28
CAL_R2_BASE76,CAL,R2,BASE76,76,206,PE-H__0492,PE 17:1_22:5,0.010251808430411617,False,False,False,1.7630544279490679e-28
CAL_R2_BASE76,CAL,R2,BASE76,76,207,PE-H__0493,PE 17:1_22:6,0.0013112070545095314,False,False,False,0.0
CAL_R2_BASE76,CAL,R2,BASE76,76,208,PEO-H__0072,PE O-16:0_22:1,0.06049025306977437,True,True,False,0.0001899068548780252
CAL_R2_BASE76,CAL,R2,BASE76,76,209,PEO-H__0073,PE O-16:0_22:2,0.013372502766290638,False,False,False,0.0
CAL_R2_BASE76,CAL,R2,BASE76,76,221,PEO-H__0107,PE O-16:1_24:1,0.013833437134367079,True,True,False,0.00012997975914951372
CAL_R2_BASE76,CAL,R2,BASE76,76,224,PEO-H__0112,PE O-16:1_24:6,0.0015115170566313576,False,False,False,0.0
CAL_R2_BASE76,CAL,R2,BASE76,76,225,PEO-H__0122,PE O-18:0_20:1,0.005388162767407932,False,False,False,4.443159127093784e-34
CAL_R2_BASE76,CAL,R2,BASE76,76,229,PEO-H__0126,PE O-18:0_20:5,0.0010545321711952456,False,False,False,8.922134559911071e-28
CAL_R2_BASE76,CAL,R2,BASE76,76,230,PEO-H__0128,PE O-18:0_22:1,0.006648155495425313,False,False,False,1.6908116226486075e-28
CAL_R2_BASE76,CAL,R2,BASE76,76,231,PEO-H__0129,PE O-18:0_22:2,0.023431256103972693,True,True,False,7.273824170909933e-05
CAL_R2_BASE76,CAL,R2,BASE76,76,233,PEO-H__0131,PE O-18:0_22:4,0.0010406592655038372,False,False,False,1.074244353637187e-27
CAL_R2_BASE76,CAL,R2,BASE76,76,235,PEO-H__0133,PE O-18:0_22:6,0.005973848658810803,True,True,False,3.4948714677465574e-07
CAL_R2_BASE76,CAL,R2,BASE76,76,241,PEO-H__0156,PE O-18:1_22:1,0.011754905587946557,True,True,False,1.289124948807332e-07
CAL_R2_BASE76,CAL,R2,BASE76,76,252,PEO-H__0183,PE O-18:2_22:0,0.00692137474687233,True,True,False,1.9251701614498874e-06
CAL_R2_BASE76,CAL,R2,BASE76,76,261,PEO-H__0214,PE O-18:3_22:3,0.0012158577720491168,False,False,False,7.960564622941942e-22
CAL_R2_BASE76,CAL,R2,BASE76,76,262,PEO-H__0215,PE O-18:3_22:4,0.0049843836397919505,False,False,False,0.0
CAL_R2_BASE76,CAL,R2,BASE76,76,263,PEO-H__0216,PE O-18:3_22:5,0.0037414619521128492,True,True,False,9.001132788273335e-07
CAL_R2_BASE76,CAL,R2,BASE76,76,264,PEO-H__0217,PE O-18:3_22:6,0.0010972058065751172,False,False,False,0.0
CAL_R2_BASE76,CAL,R2,BASE76,76,265,PEO-H__0235,PE O-20:0_20:2,0.00215732836913693,False,False,False,7.973741485342805e-22
CAL_R2_BASE76,CAL,R2,BASE76,76,268,PEO-H__0262,PE O-20:1_20:1,0.0023693214694422604,False,False,False,0.0
CAL_R2_BASE76,CAL,R2,BASE76,76,280,PG-H__0052,PG 16:0_20:5,0.009598076506097406,True,True,False,4.2679828765926696e-06
CAL_R2_BASE76,CAL,R2,BASE76,76,281,PG-H__0053,PG 16:1_20:4,0.048844442455698585,True,True,False,6.955490843552702e-05
CAL_R2_BASE76,CAL,R2,BASE76,76,282,PG-H__0054,PG 18:2_18:3,0.018557344559207843,True,True,False,4.59996884910337e-06
CAL_R2_BASE76,CAL,R2,BASE76,76,285,PG-H__0058,PG 16:1_20:3,0.0020185727489144614,True,True,False,2.2292261681050848e-08
CAL_R2_BASE76,CAL,R2,BASE76,76,287,PG-H__0060,PG 18:2_18:2,0.004053489815636429,True,True,False,4.549177928407332e-09
CAL_R2_BASE76,CAL,R2,BASE76,76,294,PG-H__0069,PG 16:0_20:2,0.0013518873663229103,True,True,False,8.985845356045579e-10
CAL_R2_BASE76,CAL,R2,BASE76,76,295,PG-H__0070,PG 16:1_20:1,0.0021268426417058567,False,False,False,3.0012828995962487e-21
CAL_R2_BASE76,CAL,R2,BASE76,76,297,PG-H__0072,PG 18:1_18:1,0.008407907053578188,True,True,False,1.0527893886017056e-07
CAL_R2_BASE76,CAL,R2,BASE76,76,298,PG-H__0074,PG 14:0_22:1,0.014356519169263985,False,False,False,9.524382541632594e-21
CAL_R2_BASE76,CAL,R2,BASE76,76,299,PG-H__0075,PG 16:0_20:1,0.0023580764867808636,False,False,False,0.0
CAL_R2_BASE76,CAL,R2,BASE76,76,301,PG-H__0077,PG 18:0_18:1,0.06896412942691471,True,True,False,0.0002511567685928988
CAL_R2_BASE76,CAL,R2,BASE76,76,312,PG-H__0093,PG 16:0_22:5,0.00480215868157301,False,False,False,2.88223417605786e-21
CAL_R2_BASE76,CAL,R2,BASE76,76,313,PG-H__0094,PG 16:1_22:4,0.02282353341204618,True,True,False,1.1917040736352122e-05
CAL_R2_BASE76,CAL,R2,BASE76,76,314,PG-H__0095,PG 18:0_20:5,0.010940886064754655,False,False,False,0.0
CAL_R2_BASE76,CAL,R2,BASE76,76,315,PG-H__0096,PG 18:1_20:4,0.004790331198391029,False,False,False,0.0
CAL_R2_BASE76,CAL,R2,BASE76,76,316,PG-H__0097,PG 18:2_20:3,0.0020537826095087656,True,True,False,8.790360076986773e-08
CAL_R2_BASE76,CAL,R2,BASE76,76,317,PG-H__0098,PG 20:2_18:3,0.0023752900871400304,False,False,False,2.460886335218619e-22
CAL_R2_BASE76,CAL,R2,BASE76,76,323,PG-H__0104,PG 18:2_20:2,0.0016251196392555783,False,False,False,0.0
CAL_R2_BASE76,CAL,R2,BASE76,76,330,PG-H__0461,PG 17:0_20:2,0.0014338534424591218,True,True,False,2.350881301593099e-09
CAL_R2_BASE76,CAL,R2,BASE76,76,331,PG-H__0462,PG 17:0_20:3,0.006290673675314944,False,False,False,3.7277860310115426e-21
CAL_R2_BASE76,CAL,R2,BASE76,76,333,PG-H__0464,PG 17:0_20:5,0.006323072419144969,True,True,False,4.4160184060453245e-06
CAL_R2_BASE76,CAL,R2,BASE76,76,336,PG-H__0479,PG 17:1_18:2,0.004035973735758487,True,True,False,2.3528493868867977e-05
CAL_R2_BASE76,CAL,R2,BASE76,76,339,PG-H__0483,PG 17:1_20:2,0.021020976833843283,True,True,False,1.253510493275326e-05
CAL_R2_BASE76,CAL,R2,BASE76,76,341,PG-H__0485,PG 17:1_20:4,0.012857399105413664,False,False,False,5.108338351410839e-21
CAL_R2_BASE76,CAL,R2,BASE76,76,342,PG-H__0502,PG 17:0_17:0,0.00428103394152269,True,True,False,4.388550138567382e-07
CAL_R2_BASE76,CAL,R2,BASE76,76,351,PCO+HCOO__0084,PC O-16:1_18:1,0.010318166986398947,True,True,False,0.00014188288185843317
CAL_R2_BASE76,CAL,R2,BASE76,76,374,PC+Cl__0180,PC 14:0_20:4,0.08645832978007521,True,True,False,0.010021334388667629
CAL_R2_BASE76,CAL,R2,BASE76,76,382,PC+Cl__0391,PC 16:0_18:1,0.01305666945964127,False,False,False,0.0
CAL_R2_BASE76,CAL,R2,BASE76,76,383,PC+Cl__0392,PC 16:0_18:2,0.001935111370919925,True,True,False,3.37366031031641e-07
CAL_R2_BASE76,CAL,R2,BASE76,76,384,PC+Cl__0435,PC 16:1_16:1,0.06472675888960343,True,True,False,0.0012109049473836894
CAL_R2_BASE76,CAL,R2,BASE76,76,385,PC+Cl__0797,PC 18:0_16:1,0.009412506662328303,False,False,False,0.0
CAL_R2_BASE76,CAL,R2,BASE76,76,386,PC+Cl__0443,PC 16:1_18:1,0.0012739117906707615,False,False,False,0.0
CAL_R2_BASE76,CAL,R2,BASE76,76,387,PC+Cl__0444,PC 16:1_18:2,0.014468066147819425,True,True,False,0.00011897198429829227
CAL_R2_BASE76,CAL,R2,BASE76,76,389,PC+Cl__0658,PC 17:0_17:1,0.08521994009972476,True,True,False,0.001029216489143678
CAL_R2_BASE76,CAL,R2,BASE76,76,390,PC+Cl__0706,PC 17:1_17:1,0.003488736907661214,False,False,False,1.92595867506159e-20
CAL_R2_HIGH129,CAL,R2,HIGH129,129,0,PA-H__0075,PA 16:0_24:0,0.0011193570088571202,False,False,False,3.5847618172289226e-22
CAL_R2_HIGH129,CAL,R2,HIGH129,129,2,PA-H__0079,PA 16:0_24:4,0.001450612648147272,False,False,False,0.0
CAL_R2_HIGH129,CAL,R2,HIGH129,129,5,PA-H__0117,PA 18:0_22:0,0.023604260880722462,True,True,False,8.577861811319065e-05
CAL_R2_HIGH129,CAL,R2,HIGH129,129,9,PA-H__0121,PA 18:0_22:4,0.0016802581728200638,False,False,False,0.0
CAL_R2_HIGH129,CAL,R2,HIGH129,129,17,PA-H__0141,PA 18:1_22:1,0.0034210604253783468,False,False,False,0.0
CAL_R2_HIGH129,CAL,R2,HIGH129,129,19,PA-H__0143,PA 18:1_22:3,0.004617806396115736,True,True,False,5.347891154842818e-07
CAL_R2_HIGH129,CAL,R2,HIGH129,129,23,PA-H__0151,PA 18:1_24:4,0.0014549662177466489,True,True,False,1.3937003073799478e-07
CAL_R2_HIGH129,CAL,R2,HIGH129,129,25,PA-H__0153,PA 18:1_24:6,0.003927083241674946,False,False,False,0.0
CAL_R2_HIGH129,CAL,R2,HIGH129,129,32,PA-H__0173,PA 18:2_24:4,0.004081675231284792,False,False,False,2.187334373608149e-28
CAL_R2_HIGH129,CAL,R2,HIGH129,129,33,PA-H__0174,PA 18:2_24:5,0.002002193348360093,False,False,False,0.0
CAL_R2_HIGH129,CAL,R2,HIGH129,129,35,PA-H__0197,PA 20:0_20:0,0.006880807633537012,True,True,False,2.1719337650391538e-07
CAL_R2_HIGH129,CAL,R2,HIGH129,129,36,PA-H__0198,PA 20:0_20:1,0.003078754397790541,True,True,False,6.829469738280443e-08
CAL_R2_HIGH129,CAL,R2,HIGH129,129,37,PA-H__0199,PA 20:0_20:2,0.0017050176925614536,True,True,False,1.1055633504279024e-07
CAL_R2_HIGH129,CAL,R2,HIGH129,129,41,PA-H__0204,PA 20:0_22:1,0.0016856056155335555,False,False,False,2.1997449198146282e-29
CAL_R2_HIGH129,CAL,R2,HIGH129,129,43,PA-H__0206,PA 20:0_22:3,0.002157574779568557,False,False,False,7.620857164600565e-21
CAL_R2_HIGH129,CAL,R2,HIGH129,129,44,PA-H__0207,PA 20:0_22:4,0.008137652563981333,True,True,False,3.15212338640154e-06
CAL_R2_HIGH129,CAL,R2,HIGH129,129,45,PA-H__0208,PA 20:0_22:5,0.004770700869416545,False,False,False,2.837493822015298e-28
CAL_R2_HIGH129,CAL,R2,HIGH129,129,46,PA-H__0209,PA 20:0_22:6,0.004601271156173216,False,False,False,0.0
CAL_R2_HIGH129,CAL,R2,HIGH129,129,49,PA-H__0219,PA 20:1_20:3,0.003453061805111727,True,True,False,3.082495072154382e-07
CAL_R2_HIGH129,CAL,R2,HIGH129,129,51,PA-H__0222,PA 22:0_20:1,0.002018712091167927,False,False,False,7.46916008845673e-23
CAL_R2_HIGH129,CAL,R2,HIGH129,129,54,PA-H__0225,PA 20:1_22:3,0.0010748672136265238,False,False,False,0.0
CAL_R2_HIGH129,CAL,R2,HIGH129,129,55,PA-H__0226,PA 20:1_22:4,0.0022559733563170667,True,True,False,3.537672502396291e-07
CAL_R2_HIGH129,CAL,R2,HIGH129,129,56,PA-H__0227,PA 20:1_22:5,0.0013873227523397125,False,False,False,0.0
CAL_R2_HIGH129,CAL,R2,HIGH129,129,57,PA-H__0228,PA 20:1_22:6,0.002571139917661767,True,True,False,5.718140415799412e-08
CAL_R2_HIGH129,CAL,R2,HIGH129,129,68,PA-H__0273,PA 22:0_20:4,0.002506065350185725,False,False,False,4.413419367181705e-21
CAL_R2_HIGH129,CAL,R2,HIGH129,129,69,PA-H__0274,PA 22:1_20:4,0.00165376029808569,True,True,False,9.957797532187806e-10
CAL_R2_HIGH129,CAL,R2,HIGH129,129,71,PA-H__0276,PA 22:3_20:4,0.0015189709498850228,True,True,False,1.007349885108791e-06
CAL_R2_HIGH129,CAL,R2,HIGH129,129,72,PA-H__0277,PA 20:4_22:4,0.0012279278351480147,False,False,False,4.82665765378086e-22
CAL_R2_HIGH129,CAL,R2,HIGH129,129,75,PA-H__0289,PA 22:1_20:5,0.01494538478887793,True,True,False,2.2869514984698224e-05
CAL_R2_HIGH129,CAL,R2,HIGH129,129,78,PA-H__0354,PA 22:4_22:6,0.0013341240725684219,False,False,False,6.540417853674667e-21
CAL_R2_HIGH129,CAL,R2,HIGH129,129,84,PS-H__0042,PS 14:0_22:0,0.0012086506017996252,True,True,False,1.7453992278193603e-06
CAL_R2_HIGH129,CAL,R2,HIGH129,129,90,PS-H__0059,PS 16:0_18:1,0.0017934387297127866,True,True,False,1.748638770537198e-08
CAL_R2_HIGH129,CAL,R2,HIGH129,129,91,PS-H__0060,PS 16:0_18:2,0.0012552160048557564,True,True,False,1.3578073461783243e-07
CAL_R2_HIGH129,CAL,R2,HIGH129,129,92,PS-H__0062,PS 16:0_20:0,0.008788239073630279,True,True,False,1.8498312523574224e-05
CAL_R2_HIGH129,CAL,R2,HIGH129,129,93,PS-H__0063,PS 16:0_20:1,0.0019578828774414582,True,True,False,1.186574133715122e-08
CAL_R2_HIGH129,CAL,R2,HIGH129,129,95,PS-H__0065,PS 16:0_20:3,0.0011606922177996547,True,True,False,1.2381656964744318e-08
CAL_R2_HIGH129,CAL,R2,HIGH129,129,98,PS-H__0083,PS 18:0_16:1,0.0026818684350342265,True,True,False,8.982727153406986e-08
CAL_R2_HIGH129,CAL,R2,HIGH129,129,100,PS-H__0087,PS 20:0_16:1,0.001108495956563612,False,False,False,2.543040682530419e-21
CAL_R2_HIGH129,CAL,R2,HIGH129,129,101,PS-H__0088,PS 16:1_20:1,0.0029206080925397388,True,True,False,2.3482704250484043e-06
CAL_R2_HIGH129,CAL,R2,HIGH129,129,104,PS-H__0091,PS 16:1_20:4,0.001283436700275225,False,False,False,9.062330464378609e-29
CAL_R2_HIGH129,CAL,R2,HIGH129,129,105,PS-H__0107,PS 18:0_18:0,0.0013239980828752703,False,False,False,0.0
CAL_R2_HIGH129,CAL,R2,HIGH129,129,109,PS-H__0131,PS 18:1_18:1,0.005216108739438693,True,True,False,1.1533755686939773e-08
CAL_R2_HIGH129,CAL,R2,HIGH129,129,110,PS-H__0132,PS 18:1_18:2,0.31998774923009354,True,True,False,0.05809274226801307
CAL_R2_HIGH129,CAL,R2,HIGH129,129,116,PE-H__0069,PE 16:0_22:1,0.0010487745884876529,False,False,False,0.0
CAL_R2_HIGH129,CAL,R2,HIGH129,129,119,PE-H__0072,PE 16:0_22:4,0.003412984172725965,False,False,False,4.20583317854836e-21
CAL_R2_HIGH129,CAL,R2,HIGH129,129,122,PE-H__0079,PE 16:0_24:4,0.0013654095779327977,False,False,False,0.0
CAL_R2_HIGH129,CAL,R2,HIGH129,129,124,PE-H__0081,PE 16:0_24:6,0.04767097038498824,True,True,False,0.000523109296258578
CAL_R2_HIGH129,CAL,R2,HIGH129,129,127,PE-H__0095,PE 16:1_22:2,0.0016842991353115506,True,True,False,1.0236338235742426e-10
CAL_R2_HIGH129,CAL,R2,HIGH129,129,136,PE-H__0115,PE 18:0_20:4,0.0031203506136635124,False,False,False,9.895909920086616e-30
CAL_R2_HIGH129,CAL,R2,HIGH129,129,139,PE-H__0121,PE 18:0_22:4,0.0011042040380956283,False,False,False,0.0
CAL_R2_HIGH129,CAL,R2,HIGH129,129,148,PE-H__0142,PE 18:1_22:2,0.021269703336010144,True,True,False,6.323062548154067e-07
CAL_R2_HIGH129,CAL,R2,HIGH129,129,149,PE-H__0143,PE 18:1_22:3,0.0034851483413182146,True,True,False,4.6966643391892155e-12
CAL_R2_HIGH129,CAL,R2,HIGH129,129,150,PE-H__0144,PE 18:1_22:4,0.0025356364491218764,True,True,False,6.87437802380631e-11
CAL_R2_HIGH129,CAL,R2,HIGH129,129,151,PE-H__0145,PE 18:1_22:5,0.0017156371815990263,True,True,False,2.302913034245013e-07
CAL_R2_HIGH129,CAL,R2,HIGH129,129,155,PE-H__0158,PE 18:2_20:2,0.02545807443264635,True,True,False,1.623629992634693e-06
CAL_R2_HIGH129,CAL,R2,HIGH129,129,157,PE-H__0160,PE 18:2_20:4,0.0025049742908947424,False,False,False,0.0
CAL_R2_HIGH129,CAL,R2,HIGH129,129,160,PE-H__0164,PE 18:2_22:2,0.01238412296879205,True,True,False,1.2785729555820016e-08
CAL_R2_HIGH129,CAL,R2,HIGH129,129,161,PE-H__0165,PE 18:2_22:3,0.0011672672957402039,False,False,False,1.0712520354722816e-21
CAL_R2_HIGH129,CAL,R2,HIGH129,129,162,PE-H__0166,PE 18:2_22:4,0.0021538060915747095,False,False,False,1.2875171341455102e-23
CAL_R2_HIGH129,CAL,R2,HIGH129,129,166,PE-H__0178,PE 20:1_18:3,0.0018342245154124564,True,True,False,3.473739449441829e-07
CAL_R2_HIGH129,CAL,R2,HIGH129,129,168,PE-H__0187,PE 18:3_22:4,0.003141566863872582,False,False,False,1.2274637813925514e-21
CAL_R2_HIGH129,CAL,R2,HIGH129,129,171,PE-H__0201,PE 20:0_20:4,0.0010323123767704062,True,True,False,9.585392726399118e-08
CAL_R2_HIGH129,CAL,R2,HIGH129,129,172,PE-H__0202,PE 20:0_20:5,0.004359375551506214,True,True,False,2.0949728164979165e-10
CAL_R2_HIGH129,CAL,R2,HIGH129,129,175,PE-H__0220,PE 20:1_20:4,0.06348669416925493,True,True,False,0.0002449157383171467
CAL_R2_HIGH129,CAL,R2,HIGH129,129,176,PE-H__0221,PE 20:1_20:5,0.0025262612035539395,False,False,False,7.285101815132793e-24
CAL_R2_HIGH129,CAL,R2,HIGH129,129,177,PE-H__0236,PE 20:2_20:2,0.0053462246626478594,True,True,False,4.572274594763608e-09
CAL_R2_HIGH129,CAL,R2,HIGH129,129,178,PE-H__0237,PE 20:2_20:3,0.0012651985194464684,True,True,False,4.747012308108606e-12
CAL_R2_HIGH129,CAL,R2,HIGH129,129,179,PE-H__0238,PE 20:2_20:4,0.005503668310024176,False,False,False,0.0
CAL_R2_HIGH129,CAL,R2,HIGH129,129,192,PE-H__0466,PE 17:0_22:1,0.010976487752054169,False,False,False,0.0
CAL_R2_HIGH129,CAL,R2,HIGH129,129,193,PE-H__0467,PE 17:0_22:2,0.014516504984772288,False,False,False,0.0
CAL_R2_HIGH129,CAL,R2,HIGH129,129,194,PE-H__0468,PE 17:0_22:3,0.005807185693281594,True,True,False,1.616696756525283e-06
CAL_R2_HIGH129,CAL,R2,HIGH129,129,196,PE-H__0470,PE 17:0_22:5,0.0011183467543260644,True,True,False,2.6453973804913272e-08
CAL_R2_HIGH129,CAL,R2,HIGH129,129,198,PE-H__0481,PE 20:0_17:1,0.003506494505920327,True,True,False,9.35776395326138e-07
CAL_R2_HIGH129,CAL,R2,HIGH129,129,200,PE-H__0483,PE 17:1_20:2,0.049692170884777793,True,True,False,0.0001064191979846969
CAL_R2_HIGH129,CAL,R2,HIGH129,129,202,PE-H__0485,PE 17:1_20:4,0.007367216395794827,True,True,False,3.335757497271777e-08
CAL_R2_HIGH129,CAL,R2,HIGH129,129,203,PE-H__0488,PE 17:1_22:1,0.10224286366003928,True,True,False,0.001303127799673064
CAL_R2_HIGH129,CAL,R2,HIGH129,129,204,PE-H__0490,PE 17:1_22:3,0.005680945505077612,True,True,False,4.185817621181077e-09
CAL_R2_HIGH129,CAL,R2,HIGH129,129,205,PE-H__0491,PE 17:1_22:4,0.010061020653574108,False,False,False,0.0
CAL_R2_HIGH129,CAL,R2,HIGH129,129,206,PE-H__0492,PE 17:1_22:5,0.00922734210010013,True,True,False,4.3025896531877995e-11
CAL_R2_HIGH129,CAL,R2,HIGH129,129,207,PE-H__0493,PE 17:1_22:6,0.0015414162643948707,False,False,False,0.0
CAL_R2_HIGH129,CAL,R2,HIGH129,129,208,PEO-H__0072,PE O-16:0_22:1,0.059500595422210006,True,True,False,0.00017013503398421637
CAL_R2_HIGH129,CAL,R2,HIGH129,129,209,PEO-H__0073,PE O-16:0_22:2,0.014317541246644696,False,False,False,4.585954090634677e-24
CAL_R2_HIGH129,CAL,R2,HIGH129,129,212,PEO-H__0076,PE O-16:0_22:5,0.001271254196114878,True,True,False,1.8159344097862002e-08
CAL_R2_HIGH129,CAL,R2,HIGH129,129,221,PEO-H__0107,PE O-16:1_24:1,0.014363519024351146,True,True,False,0.00011998000867765111
CAL_R2_HIGH129,CAL,R2,HIGH129,129,225,PEO-H__0122,PE O-18:0_20:1,0.008519175589620951,True,True,False,1.1584148280891255e-09
CAL_R2_HIGH129,CAL,R2,HIGH129,129,230,PEO-H__0128,PE O-18:0_22:1,0.007127465370744391,False,False,False,3.631002847157052e-25
CAL_R2_HIGH129,CAL,R2,HIGH129,129,231,PEO-H__0129,PE O-18:0_22:2,0.02276828494991541,True,True,False,6.756130423643719e-05
CAL_R2_HIGH129,CAL,R2,HIGH129,129,232,PEO-H__0130,PE O-18:0_22:3,0.0016124437391780984,True,True,False,1.4811062965638086e-10
CAL_R2_HIGH129,CAL,R2,HIGH129,129,235,PEO-H__0133,PE O-18:0_22:6,0.005225004606664318,True,True,False,1.4843489829104943e-07
CAL_R2_HIGH129,CAL,R2,HIGH129,129,241,PEO-H__0156,PE O-18:1_22:1,0.006121046299187368,True,True,False,4.653639801717003e-08
CAL_R2_HIGH129,CAL,R2,HIGH129,129,244,PEO-H__0159,PE O-18:1_22:4,0.0016133884823066073,True,True,False,6.510435401257378e-09
CAL_R2_HIGH129,CAL,R2,HIGH129,129,252,PEO-H__0183,PE O-18:2_22:0,0.007500485863662897,True,True,False,1.0167277167165023e-06
CAL_R2_HIGH129,CAL,R2,HIGH129,129,262,PEO-H__0215,PE O-18:3_22:4,0.004157306217269046,True,True,False,2.943486542733766e-11
CAL_R2_HIGH129,CAL,R2,HIGH129,129,263,PEO-H__0216,PE O-18:3_22:5,0.005802859950619429,True,True,False,6.445376048382354e-07
CAL_R2_HIGH129,CAL,R2,HIGH129,129,264,PEO-H__0217,PE O-18:3_22:6,0.001164695003561272,False,False,False,3.1607682952159998e-28
CAL_R2_HIGH129,CAL,R2,HIGH129,129,265,PEO-H__0235,PE O-20:0_20:2,0.002549461774276216,True,True,False,8.923506531669345e-11
CAL_R2_HIGH129,CAL,R2,HIGH129,129,268,PEO-H__0262,PE O-20:1_20:1,0.0015510132588092919,True,True,False,1.7836441427793143e-11
CAL_R2_HIGH129,CAL,R2,HIGH129,129,280,PG-H__0052,PG 16:0_20:5,0.009627879607499399,True,True,False,3.4847926657354906e-06
CAL_R2_HIGH129,CAL,R2,HIGH129,129,281,PG-H__0053,PG 16:1_20:4,0.046714283825412733,True,True,False,4.9615193466138406e-05
CAL_R2_HIGH129,CAL,R2,HIGH129,129,282,PG-H__0054,PG 18:2_18:3,0.018812740473368575,True,True,False,2.970264175696328e-06
CAL_R2_HIGH129,CAL,R2,HIGH129,129,285,PG-H__0058,PG 16:1_20:3,0.0018379449827183188,True,True,False,1.492646705105343e-08
CAL_R2_HIGH129,CAL,R2,HIGH129,129,287,PG-H__0060,PG 18:2_18:2,0.004542076107268382,True,True,False,1.1103885235307724e-09
CAL_R2_HIGH129,CAL,R2,HIGH129,129,293,PG-H__0068,PG 14:0_22:2,0.0012170348809580872,True,True,False,1.0935365432068606e-09
CAL_R2_HIGH129,CAL,R2,HIGH129,129,297,PG-H__0072,PG 18:1_18:1,0.009356749368886514,True,True,False,4.5658946056604864e-08
CAL_R2_HIGH129,CAL,R2,HIGH129,129,298,PG-H__0074,PG 14:0_22:1,0.020593248886574513,False,False,False,1.1519955771847721e-21
CAL_R2_HIGH129,CAL,R2,HIGH129,129,299,PG-H__0075,PG 16:0_20:1,0.0019084224998631267,False,False,False,4.95115963961107e-21
CAL_R2_HIGH129,CAL,R2,HIGH129,129,301,PG-H__0077,PG 18:0_18:1,0.061709294934096236,True,True,False,0.00022529543371096637
CAL_R2_HIGH129,CAL,R2,HIGH129,129,312,PG-H__0093,PG 16:0_22:5,0.005638600965396991,True,True,False,1.1782252974190986e-09
CAL_R2_HIGH129,CAL,R2,HIGH129,129,313,PG-H__0094,PG 16:1_22:4,0.02341857460614021,True,True,False,1.0397203263890134e-05
CAL_R2_HIGH129,CAL,R2,HIGH129,129,314,PG-H__0095,PG 18:0_20:5,0.012332473445920391,False,False,False,1.5748790139313567e-22
CAL_R2_HIGH129,CAL,R2,HIGH129,129,315,PG-H__0096,PG 18:1_20:4,0.0021765284000972505,False,False,False,0.0
CAL_R2_HIGH129,CAL,R2,HIGH129,129,316,PG-H__0097,PG 18:2_20:3,0.002416075281616613,True,True,False,3.047816385977515e-08
CAL_R2_HIGH129,CAL,R2,HIGH129,129,317,PG-H__0098,PG 20:2_18:3,0.002005620625258002,False,False,False,4.841854797470084e-21
CAL_R2_HIGH129,CAL,R2,HIGH129,129,321,PG-H__0102,PG 18:0_20:4,0.001554137590587424,False,False,False,1.48159732361679e-22
CAL_R2_HIGH129,CAL,R2,HIGH129,129,330,PG-H__0461,PG 17:0_20:2,0.0015497252552695456,True,True,False,1.0133960632803097e-09
CAL_R2_HIGH129,CAL,R2,HIGH129,129,331,PG-H__0462,PG 17:0_20:3,0.006732269945055533,False,False,False,2.8333482025927407e-22
CAL_R2_HIGH129,CAL,R2,HIGH129,129,333,PG-H__0464,PG 17:0_20:5,0.005336618304647919,True,True,False,3.0178893375451577e-06
CAL_R2_HIGH129,CAL,R2,HIGH129,129,336,PG-H__0479,PG 17:1_18:2,0.0039880379572514715,True,True,False,2.2930361604379167e-05
CAL_R2_HIGH129,CAL,R2,HIGH129,129,339,PG-H__0483,PG 17:1_20:2,0.020813478377089675,True,True,False,4.71741855434787e-06
CAL_R2_HIGH129,CAL,R2,HIGH129,129,341,PG-H__0485,PG 17:1_20:4,0.01432598470317925,False,False,False,3.122683439676628e-24
CAL_R2_HIGH129,CAL,R2,HIGH129,129,342,PG-H__0502,PG 17:0_17:0,0.0037755378069994753,True,True,False,2.0867805186968535e-07
CAL_R2_HIGH129,CAL,R2,HIGH129,129,351,PCO+HCOO__0084,PC O-16:1_18:1,0.009309931982052948,True,True,False,0.000139726010517359
CAL_R2_HIGH129,CAL,R2,HIGH129,129,373,PC+Cl__0179,PC 14:0_20:3,0.0011752043593177663,True,True,False,8.275741289658664e-10
CAL_R2_HIGH129,CAL,R2,HIGH129,129,374,PC+Cl__0180,PC 14:0_20:4,0.08639517127841047,True,True,False,0.009869227206309663
CAL_R2_HIGH129,CAL,R2,HIGH129,129,382,PC+Cl__0391,PC 16:0_18:1,0.01237547943687808,False,False,False,0.0
CAL_R2_HIGH129,CAL,R2,HIGH129,129,383,PC+Cl__0392,PC 16:0_18:2,0.001508852033423483,True,True,False,1.2353461108351471e-07
CAL_R2_HIGH129,CAL,R2,HIGH129,129,384,PC+Cl__0435,PC 16:1_16:1,0.06641559257971666,True,True,False,0.0011398495543246707
CAL_R2_HIGH129,CAL,R2,HIGH129,129,385,PC+Cl__0797,PC 18:0_16:1,0.010194964218768686,False,False,False,0.0
CAL_R2_HIGH129,CAL,R2,HIGH129,129,386,PC+Cl__0443,PC 16:1_18:1,0.002926024435546031,False,False,False,2.9779988288170774e-30
CAL_R2_HIGH129,CAL,R2,HIGH129,129,387,PC+Cl__0444,PC 16:1_18:2,0.014253005295263731,True,True,False,9.51355166229104e-05
CAL_R2_HIGH129,CAL,R2,HIGH129,129,389,PC+Cl__0658,PC 17:0_17:1,0.08438347412519168,True,True,False,0.0009445255114859571
CAL_R2_HIGH129,CAL,R2,HIGH129,129,390,PC+Cl__0706,PC 17:1_17:1,0.0029494185256674806,False,False,False,1.0527525995784489e-29
