selected_pair_order,matched_pair_id,pair_ambiguity_score,rank_feature_distance,matched_within_lipid_class,cal_candidate_index,cal_candidate_id,cal_lipid_name,cal_lipid_class,hold_candidate_index,hold_candidate_id,hold_lipid_name,hold_lipid_class
0,0,0.03423913043478262,0.1524163441563061,True,351,PCO+HCOO__0084,PC O-16:1_18:1,PC,352,PCO+HCOO__0085,PC O-16:1_18:2,PC
1,1,0.06168478260869566,0.3255089986821599,True,375,PC+Cl__0219,PC 14:1_17:1,PC,362,PCO+CH3COO__0453,PC O-16:0_17:0,PC
2,2,0.12853260869565214,0.07426983896041547,True,91,PS-H__0060,PS 16:0_18:2,PS,113,PS-H__0456,PS 17:0_18:1,PS
3,4,0.1533967391304348,0.12717420336273072,True,336,PG-H__0479,PG 17:1_18:2,PG,328,PG-H__0459,PG 17:0_20:0,PG
4,5,0.17146739130434785,0.28795373909729566,True,81,PA-H__0371,PA 22:6_22:6,PA,0,PA-H__0075,PA 16:0_24:0,PA
5,7,0.18641304347826088,0.16007257038068629,True,374,PC+Cl__0180,PC 14:0_20:4,PC,365,PCO+CH3COO__0476,PC O-16:1_17:1,PC
6,8,0.19307065217391306,0.23543102515167738,True,221,PEO-H__0107,PE O-16:1_24:1,PE,220,PEO-H__0106,PE O-16:1_24:0,PE
7,10,0.19999999999999998,0.9102956678889094,True,88,PS-H__0046,PS 14:0_22:4,PS,114,PS-H__0457,PS 17:0_18:2,PS
8,11,0.21970108695652174,0.16007833657979773,True,97,PS-H__0067,PS 16:0_20:5,PS,115,PS-H__0477,PS 18:0_17:1,PS
9,12,0.2237771739130435,0.08984872618133392,True,381,PC+Cl__0390,PC 16:0_18:0,PC,370,PC+Cl__0176,PC 14:0_20:0,PC
10,14,0.23478260869565218,0.05677332178200051,True,98,PS-H__0083,PS 18:0_16:1,PS,106,PS-H__0108,PS 18:0_18:1,PS
11,15,0.24361413043478264,0.058360683681832955,True,84,PS-H__0042,PS 14:0_22:0,PS,85,PS-H__0043,PS 14:0_22:1,PS
12,17,0.26032608695652176,0.131800481660628,True,89,PS-H__0058,PS 16:0_18:0,PS,108,PS-H__0110,PS 18:0_18:3,PS
13,18,0.26154891304347827,0.22448102956001684,True,387,PC+Cl__0444,PC 16:1_18:2,PC,376,PC+Cl__0793,PC 18:0_14:1,PC
14,20,0.28682065217391306,0.21589584131205772,True,329,PG-H__0460,PG 17:0_20:1,PG,335,PG-H__0478,PG 17:1_18:1,PG
15,21,0.29470108695652175,0.018279380498741466,True,389,PC+Cl__0658,PC 17:0_17:1,PC,385,PC+Cl__0797,PC 18:0_16:1,PC
16,22,0.297554347826087,0.04481636549584414,True,371,PC+Cl__0177,PC 14:0_20:1,PC,382,PC+Cl__0391,PC 16:0_18:1,PC
17,24,0.3088315217391305,0.12956144444827578,True,92,PS-H__0062,PS 16:0_20:0,PS,111,PS-H__0133,PS 18:1_18:3,PS
18,25,0.31277173913043477,0.13410539456916706,True,110,PS-H__0132,PS 18:1_18:2,PS,100,PS-H__0087,PS 20:0_16:1,PS
19,27,0.32785326086956523,0.8783428835334611,False,350,PCO+HCOO__0083,PC O-16:1_18:0,PC,260,PEO-H__0211,PE O-18:3_22:0,PE
20,28,0.3300271739130435,0.6550900045847176,True,384,PC+Cl__0435,PC 16:1_16:1,PC,372,PC+Cl__0178,PC 14:0_20:2,PC
21,30,0.33165760869565214,0.35775000924703987,True,90,PS-H__0059,PS 16:0_18:1,PS,94,PS-H__0064,PS 16:0_20:2,PS
22,31,0.34850543478260865,0.1968983936801858,True,71,PA-H__0276,PA 22:3_20:4,PA,1,PA-H__0076,PA 16:0_24:1,PA
23,32,0.3510869565217391,0.07321844339841022,True,101,PS-H__0088,PS 16:1_20:1,PS,102,PS-H__0089,PS 16:1_20:2,PS
24,34,0.3558423913043478,0.13103490791988512,True,66,PA-H__0261,PA 20:3_22:4,PA,21,PA-H__0147,PA 24:0_18:1,PA
25,35,0.35706521739130437,0.11838598321082587,True,383,PC+Cl__0392,PC 16:0_18:2,PC,390,PC+Cl__0706,PC 17:1_17:1,PC
26,37,0.37894021739130435,0.33127942409531336,True,48,PA-H__0218,PA 20:1_20:2,PA,64,PA-H__0258,PA 22:1_20:3,PA
27,38,0.38315217391304346,0.19022709602572885,True,124,PE-H__0081,PE 16:0_24:6,PE,258,PEO-H__0189,PE O-18:2_22:6,PE
28,40,0.3845108695652174,0.2169152396029903,True,69,PA-H__0274,PA 22:1_20:4,PA,59,PA-H__0237,PA 20:2_20:3,PA
29,41,0.3857336956521739,0.2622704967112762,True,166,PE-H__0178,PE 20:1_18:3,PE,213,PEO-H__0077,PE O-16:0_22:6,PE
30,42,0.3896739130434782,0.22120466545037706,True,93,PS-H__0063,PS 16:0_20:1,PS,107,PS-H__0109,PS 18:0_18:2,PS
31,44,0.39660326086956527,0.40138592383577326,True,186,PE-H__0459,PE 17:0_20:0,PE,264,PEO-H__0217,PE O-18:3_22:6,PE
32,45,0.3974184782608696,0.08823156573399031,True,333,PG-H__0464,PG 17:0_20:5,PG,341,PG-H__0485,PG 17:1_20:4,PG
33,47,0.4070652173913043,0.22053601836655937,True,180,PE-H__0239,PE 20:2_20:5,PE,176,PE-H__0221,PE 20:1_20:5,PE
34,48,0.40720108695652174,0.09892386765906187,True,235,PEO-H__0133,PE O-18:0_22:6,PE,159,PE-H__0163,PE 22:1_18:2,PE
35,50,0.41032608695652173,0.12122123925649711,True,5,PA-H__0117,PA 18:0_22:0,PA,61,PA-H__0244,PA 20:2_22:4,PA
36,51,0.41630434782608694,0.14974034315647883,True,373,PC+Cl__0179,PC 14:0_20:3,PC,378,PC+Cl__0231,PC 14:1_20:1,PC
37,52,0.41874999999999996,0.2079292710467529,True,197,PE-H__0471,PE 17:0_22:6,PE,141,PE-H__0123,PE 18:0_22:6,PE
38,54,0.4245923913043478,0.24619400253790366,True,308,PG-H__0087,PG 16:0_22:6,PG,340,PG-H__0484,PG 17:1_20:3,PG
39,55,0.43396739130434786,0.1677755330481862,True,55,PA-H__0226,PA 20:1_22:4,PA,38,PA-H__0200,PA 20:0_20:3,PA
40,57,0.4407608695652174,0.09499216463558989,True,164,PE-H__0168,PE 18:2_22:6,PE,207,PE-H__0493,PE 17:1_22:6,PE
41,58,0.4415760869565218,0.07809841229999948,True,63,PA-H__0257,PA 22:0_20:3,PA,30,PA-H__0169,PA 24:0_18:2,PA
42,60,0.4455163043478261,0.2745674818747198,True,74,PA-H__0279,PA 20:4_22:6,PA,76,PA-H__0344,PA 22:3_22:6,PA
43,61,0.4471467391304348,0.08533863449696852,True,28,PA-H__0164,PA 18:2_22:2,PA,52,PA-H__0223,PA 20:1_22:1,PA
44,62,0.4478260869565218,0.18271299428276352,True,109,PS-H__0131,PS 18:1_18:1,PS,105,PS-H__0107,PS 18:0_18:0,PS
45,64,0.452445652173913,0.8330810011007842,True,26,PA-H__0162,PA 22:0_18:2,PA,18,PA-H__0142,PA 18:1_22:2,PA
46,65,0.4567934782608696,0.3559263984789769,True,339,PG-H__0483,PG 17:1_20:2,PG,338,PG-H__0482,PG 17:1_20:1,PG
47,67,0.46644021739130437,0.2977466124920191,True,35,PA-H__0197,PA 20:0_20:0,PA,79,PA-H__0362,PA 22:5_22:5,PA
48,68,0.4676630434782608,0.11879072279562171,True,73,PA-H__0278,PA 20:4_22:5,PA,33,PA-H__0174,PA 18:2_24:5,PA
49,70,0.4729619565217391,0.7801504549739301,True,208,PEO-H__0072,PE O-16:0_22:1,PE,224,PEO-H__0112,PE O-16:1_24:6,PE
50,71,0.47364130434782603,0.14832825113600637,True,172,PE-H__0202,PE 20:0_20:5,PE,165,PE-H__0177,PE 20:0_18:3,PE
51,72,0.4748641304347826,0.15570557325760137,True,37,PA-H__0199,PA 20:0_20:2,PA,43,PA-H__0206,PA 20:0_22:3,PA
52,74,0.48057065217391304,0.35074617075546516,True,252,PEO-H__0183,PE O-18:2_22:0,PE,267,PEO-H__0237,PE O-20:0_20:4,PE
53,75,0.483695652173913,0.4184782608695653,True,306,PG-H__0084,PG 18:2_20:5,PG,305,PG-H__0083,PG 16:1_22:6,PG
54,77,0.4862771739130435,0.25478713570878003,True,95,PS-H__0065,PS 16:0_20:3,PS,96,PS-H__0066,PS 16:0_20:4,PS
55,78,0.48641304347826086,0.25800911367822027,True,286,PG-H__0059,PG 18:1_18:3,PG,292,PG-H__0066,PG 18:1_18:2,PG
56,80,0.49769021739130437,0.5396143214395319,True,155,PE-H__0158,PE 18:2_20:2,PE,185,PE-H__0272,PE 20:4_20:5,PE
57,81,0.4978260869565218,0.09586269446936214,True,153,PE-H__0156,PE 20:0_18:2,PE,158,PE-H__0161,PE 18:2_20:5,PE
58,82,0.4990489130434783,0.29449238530856087,True,316,PG-H__0097,PG 18:2_20:3,PG,327,PG-H__0457,PG 17:0_18:2,PG
59,84,0.5033967391304348,0.24146969095383042,True,75,PA-H__0289,PA 22:1_20:5,PA,67,PA-H__0263,PA 20:3_22:6,PA
60,85,0.5059782608695652,0.029643239441944875,True,42,PA-H__0205,PA 20:0_22:2,PA,32,PA-H__0173,PA 18:2_24:4,PA
61,87,0.5134510869565216,0.16255020490992034,True,212,PEO-H__0076,PE O-16:0_22:5,PE,136,PE-H__0115,PE 18:0_20:4,PE
62,88,0.5172554347826087,0.17210442884529834,True,309,PG-H__0088,PG 16:1_22:5,PG,307,PG-H__0085,PG 18:3_20:4,PG
63,90,0.5255434782608697,0.1966685556817634,True,281,PG-H__0053,PG 16:1_20:4,PG,279,PG-H__0051,PG 14:0_22:5,PG
64,91,0.5267663043478261,0.09062612035680594,True,263,PEO-H__0216,PE O-18:3_22:5,PE,219,PEO-H__0104,PE O-16:1_22:5,PE
65,92,0.529891304347826,0.07899153181385125,True,196,PE-H__0470,PE 17:0_22:5,PE,140,PE-H__0122,PE 18:0_22:5,PE
66,94,0.5307065217391305,0.10920397444244632,True,19,PA-H__0143,PA 18:1_22:3,PA,50,PA-H__0220,PA 20:1_20:4,PA
67,95,0.5391304347826087,0.2828111210657878,True,225,PEO-H__0122,PE O-18:0_20:1,PE,245,PEO-H__0160,PE O-18:1_22:5,PE
68,97,0.5513586956521739,1.440405801867939,True,280,PG-H__0052,PG 16:0_20:5,PG,290,PG-H__0064,PG 16:1_20:2,PG
69,98,0.5521739130434782,0.23004928275322686,True,49,PA-H__0219,PA 20:1_20:3,PA,27,PA-H__0163,PA 22:1_18:2,PA
70,100,0.5566576086956522,0.11783111302050985,True,147,PE-H__0139,PE 18:1_20:5,PE,142,PE-H__0134,PE 20:0_18:1,PE
71,101,0.5604619565217391,0.10924622786807169,True,194,PE-H__0468,PE 17:0_22:3,PE,192,PE-H__0466,PE 17:0_22:1,PE
72,102,0.5610054347826088,0.23873253085863713,True,310,PG-H__0089,PG 18:1_20:5,PG,311,PG-H__0090,PG 18:2_20:4,PG
73,104,0.5627717391304348,0.47043058846478836,True,203,PE-H__0488,PE 17:1_22:1,PE,154,PE-H__0157,PE 20:1_18:2,PE
74,105,0.5650815217391304,0.128818392648329,True,226,PEO-H__0123,PE O-18:0_20:2,PE,274,PEO-H__0293,PE O-20:2_20:4,PE
75,107,0.5665760869565217,0.12100784825115392,True,175,PE-H__0220,PE 20:1_20:4,PE,179,PE-H__0238,PE 20:2_20:4,PE
76,108,0.5676630434782608,0.15146866858012809,True,282,PG-H__0054,PG 18:2_18:3,PG,300,PG-H__0076,PG 20:0_16:1,PG
77,110,0.574320652173913,0.1474982878533162,True,206,PE-H__0492,PE 17:1_22:5,PE,163,PE-H__0167,PE 18:2_22:5,PE
78,111,0.5786684782608695,0.0640895457340802,True,151,PE-H__0145,PE 18:1_22:5,PE,122,PE-H__0079,PE 16:0_24:4,PE
79,112,0.5790760869565217,0.409650682258043,True,268,PEO-H__0262,PE O-20:1_20:1,PE,266,PEO-H__0236,PE O-20:0_20:3,PE
80,114,0.5820652173913043,0.25403612217657234,True,313,PG-H__0094,PG 16:1_22:4,PG,332,PG-H__0463,PG 17:0_20:4,PG
81,115,0.5831521739130434,0.11312314291575352,True,36,PA-H__0198,PA 20:0_20:1,PA,20,PA-H__0144,PA 18:1_22:4,PA
82,117,0.5876358695652173,0.10511247520294256,True,34,PA-H__0175,PA 18:2_24:6,PA,25,PA-H__0153,PA 18:1_24:6,PA
83,118,0.5918478260869564,0.10098317486990244,True,301,PG-H__0077,PG 18:0_18:1,PG,291,PG-H__0065,PG 18:0_18:3,PG
84,120,0.5918478260869566,0.07579524826620301,True,265,PEO-H__0235,PE O-20:0_20:2,PE,236,PEO-H__0150,PE O-18:1_20:1,PE
85,121,0.5945652173913043,0.08708380629870689,True,23,PA-H__0151,PA 18:1_24:4,PA,8,PA-H__0120,PA 18:0_22:3,PA
86,122,0.5948369565217391,0.15786616900301975,True,169,PE-H__0188,PE 18:3_22:5,PE,118,PE-H__0071,PE 16:0_22:3,PE
87,124,0.5959239130434781,0.1314779391674233,True,244,PEO-H__0159,PE O-18:1_22:4,PE,269,PEO-H__0263,PE O-20:1_20:2,PE
88,125,0.5961956521739131,0.20505053782514646,True,342,PG-H__0502,PG 17:0_17:0,PG,323,PG-H__0104,PG 18:2_20:2,PG
89,127,0.5995923913043479,0.11462270905041773,True,312,PG-H__0093,PG 16:0_22:5,PG,314,PG-H__0095,PG 18:0_20:5,PG
90,128,0.6002717391304347,0.07878091855610991,True,241,PEO-H__0156,PE O-18:1_22:1,PE,238,PEO-H__0152,PE O-18:1_20:3,PE
91,130,0.6061141304347826,0.20708857422758592,True,191,PE-H__0464,PE 17:0_20:5,PE,253,PEO-H__0427,PE O-22:1_18:2,PE
92,131,0.6067934782608695,0.43067008829583353,True,198,PE-H__0481,PE 20:0_17:1,PE,137,PE-H__0116,PE 18:0_20:5,PE
93,132,0.6073369565217391,0.09263076385358324,True,171,PE-H__0201,PE 20:0_20:4,PE,257,PEO-H__0188,PE O-18:2_22:5,PE
94,134,0.6111413043478261,0.05611922942408529,True,262,PEO-H__0215,PE O-18:3_22:4,PE,217,PEO-H__0102,PE O-16:1_22:3,PE
95,135,0.6152173913043477,0.0794575625935513,True,293,PG-H__0068,PG 14:0_22:2,PG,288,PG-H__0062,PG 14:0_22:3,PG
96,137,0.6195652173913044,0.04506283682548093,True,150,PE-H__0144,PE 18:1_22:4,PE,205,PE-H__0491,PE 17:1_22:4,PE
97,138,0.6199728260869566,0.03429192789164122,True,44,PA-H__0207,PA 20:0_22:4,PA,24,PA-H__0152,PA 18:1_24:5,PA
98,140,0.6225543478260869,0.22769404259254591,True,285,PG-H__0058,PG 16:1_20:3,PG,283,PG-H__0056,PG 14:0_22:4,PG
99,141,0.6243206521739131,0.31091576218768424,True,127,PE-H__0095,PE 16:1_22:2,PE,168,PE-H__0187,PE 18:3_22:4,PE
100,142,0.6293478260869565,0.3347027537455276,True,330,PG-H__0461,PG 17:0_20:2,PG,331,PG-H__0462,PG 17:0_20:3,PG
101,144,0.6347826086956522,0.20688790479684577,True,232,PEO-H__0130,PE O-18:0_22:3,PE,189,PE-H__0462,PE 17:0_20:3,PE
102,145,0.635733695652174,0.2282002054480684,True,318,PG-H__0099,PG 14:0_24:4,PG,322,PG-H__0103,PG 18:1_20:3,PG
103,147,0.644429347826087,0.13407097591639958,True,187,PE-H__0460,PE 17:0_20:1,PE,144,PE-H__0136,PE 18:1_20:2,PE
104,148,0.6452445652173913,0.2641641204588677,True,204,PE-H__0490,PE 17:1_22:3,PE,128,PE-H__0096,PE 16:1_22:3,PE
105,150,0.6509510869565218,0.13508605611502164,True,200,PE-H__0483,PE 17:1_20:2,PE,119,PE-H__0072,PE 16:0_22:4,PE
106,151,0.6520380434782609,0.39810710035198027,True,39,PA-H__0201,PA 20:0_20:4,PA,13,PA-H__0128,PA 18:0_24:4,PA
107,152,0.6566576086956522,0.18404684880951033,True,57,PA-H__0228,PA 20:1_22:6,PA,62,PA-H__0246,PA 20:2_22:6,PA
108,154,0.6589673913043479,0.041745357325372885,True,239,PEO-H__0153,PE O-18:1_20:4,PE,170,PE-H__0200,PE 20:0_20:3,PE
109,155,0.6595108695652174,0.2159257665795536,True,3,PA-H__0080,PA 16:0_24:5,PA,15,PA-H__0130,PA 18:0_24:6,PA
110,157,0.6620923913043479,0.10570791884624954,True,121,PE-H__0074,PE 16:0_22:6,PE,199,PE-H__0482,PE 17:1_20:1,PE
111,158,0.6654891304347826,0.1547482176619983,True,149,PE-H__0143,PE 18:1_22:3,PE,162,PE-H__0166,PE 18:2_22:4,PE
112,160,0.6705163043478262,0.43071509386614365,True,284,PG-H__0057,PG 16:0_20:4,PG,303,PG-H__0080,PG 16:0_20:0,PG
113,161,0.6709239130434782,0.07422011023775905,True,276,PEO-H__0321,PE O-20:3_20:4,PE,216,PEO-H__0101,PE O-16:1_22:2,PE
114,162,0.6730978260869565,0.08458903487105096,True,242,PEO-H__0157,PE O-18:1_22:2,PE,255,PEO-H__0186,PE O-18:2_22:3,PE
115,164,0.6783967391304349,0.2176840759528369,True,188,PE-H__0461,PE 17:0_20:2,PE,123,PE-H__0080,PE 16:0_24:5,PE
116,165,0.6820652173913043,0.07871058890195778,True,160,PE-H__0164,PE 18:2_22:2,PE,182,PE-H__0255,PE 20:3_20:4,PE
117,167,0.6854619565217391,0.09276021298205588,True,287,PG-H__0060,PG 18:2_18:2,PG,319,PG-H__0100,PG 16:0_22:4,PG
118,168,0.6858695652173913,0.15298454506990486,True,261,PEO-H__0214,PE O-18:3_22:3,PE,249,PEO-H__0179,PE O-18:2_20:2,PE
119,170,0.7002717391304347,0.1494812232551638,True,231,PEO-H__0129,PE O-18:0_22:2,PE,275,PEO-H__0320,PE O-20:3_20:3,PE
120,171,0.7025815217391305,0.012526554969147924,True,272,PEO-H__0291,PE O-20:2_20:2,PE,273,PEO-H__0292,PE O-20:2_20:3,PE
121,172,0.7073369565217392,0.2586022963631801,True,202,PE-H__0485,PE 17:1_20:4,PE,167,PE-H__0181,PE 18:3_20:4,PE
122,174,0.7078804347826086,0.08967391304347827,True,297,PG-H__0072,PG 18:1_18:1,PG,321,PG-H__0102,PG 18:0_20:4,PG
123,175,0.7184782608695652,0.044898672939832414,True,174,PE-H__0219,PE 20:1_20:3,PE,138,PE-H__0120,PE 18:0_22:3,PE
124,177,0.7239130434782609,0.10429261446954065,True,294,PG-H__0069,PG 16:0_20:2,PG,289,PG-H__0063,PG 16:0_20:3,PG
125,178,0.7279891304347825,0.05448352623848755,True,250,PEO-H__0180,PE O-18:2_20:3,PE,243,PEO-H__0158,PE O-18:1_22:3,PE
126,180,0.7410326086956522,0.17406158737750865,True,148,PE-H__0142,PE 18:1_22:2,PE,157,PE-H__0160,PE 18:2_20:4,PE
127,181,0.7463315217391304,0.3580182379701929,True,178,PE-H__0237,PE 20:2_20:3,PE,156,PE-H__0159,PE 18:2_20:3,PE
128,183,0.7716032608695653,0.22378917664017053,True,177,PE-H__0236,PE 20:2_20:2,PE,129,PE-H__0097,PE 16:1_22:4,PE
