dataset_id,split,replicate,complexity_condition,mapping_seed,mapping_slot,template_tier,template_original_candidate_index,template_foreground_mean,matched_pair_id,synthetic_truth_candidate_index,synthetic_truth_candidate_id,synthetic_truth_lipid_name
CAL_R1_BASE76,CAL,R1,BASE76,5401,0,BASE,47,0.0012204861544833515,142,330,PG-H__0461,PG 17:0_20:2
CAL_R1_BASE76,CAL,R1,BASE76,5401,1,BASE,84,0.004943039691070102,32,101,PS-H__0088,PS 16:1_20:1
CAL_R1_BASE76,CAL,R1,BASE76,5401,2,BASE,85,0.007469897935364135,162,242,PEO-H__0157,PE O-18:1_22:2
CAL_R1_BASE76,CAL,R1,BASE76,5401,3,BASE,86,0.0035910531830547748,91,263,PEO-H__0216,PE O-18:3_22:5
CAL_R1_BASE76,CAL,R1,BASE76,5401,4,BASE,90,0.018849844165172713,174,297,PG-H__0072,PG 18:1_18:1
CAL_R1_BASE76,CAL,R1,BASE76,5401,5,BASE,94,0.003465598543634408,183,177,PE-H__0236,PE 20:2_20:2
CAL_R1_BASE76,CAL,R1,BASE76,5401,6,BASE,101,0.003767493836187643,42,93,PS-H__0063,PS 16:0_20:1
CAL_R1_BASE76,CAL,R1,BASE76,5401,7,BASE,106,0.07104063590718107,8,221,PEO-H__0107,PE O-16:1_24:1
CAL_R1_BASE76,CAL,R1,BASE76,5401,8,BASE,107,0.004019268843843552,108,282,PG-H__0054,PG 18:2_18:3
CAL_R1_BASE76,CAL,R1,BASE76,5401,9,BASE,109,0.07337007264323502,11,97,PS-H__0067,PS 16:0_20:5
CAL_R1_BASE76,CAL,R1,BASE76,5401,10,BASE,119,0.02052518620541731,97,280,PG-H__0052,PG 16:0_20:5
CAL_R1_BASE76,CAL,R1,BASE76,5401,11,BASE,121,0.056662870395508505,82,316,PG-H__0097,PG 18:2_20:3
CAL_R1_BASE76,CAL,R1,BASE76,5401,12,BASE,133,0.002910685452931968,148,204,PE-H__0490,PE 17:1_22:3
CAL_R1_BASE76,CAL,R1,BASE76,5401,13,BASE,136,0.10008111490599345,160,284,PG-H__0057,PG 16:0_20:4
CAL_R1_BASE76,CAL,R1,BASE76,5401,14,BASE,137,0.0011026387225491967,60,74,PA-H__0279,PA 20:4_22:6
CAL_R1_BASE76,CAL,R1,BASE76,5401,15,BASE,139,0.0224243672740242,38,124,PE-H__0081,PE 16:0_24:6
CAL_R1_BASE76,CAL,R1,BASE76,5401,16,BASE,141,0.2430186358557401,140,285,PG-H__0058,PG 16:1_20:3
CAL_R1_BASE76,CAL,R1,BASE76,5401,17,BASE,143,0.004431943002525114,80,155,PE-H__0158,PE 18:2_20:2
CAL_R1_BASE76,CAL,R1,BASE76,5401,18,BASE,145,0.003302428208099872,31,71,PA-H__0276,PA 22:3_20:4
CAL_R1_BASE76,CAL,R1,BASE76,5401,19,BASE,146,0.02906358388086082,135,293,PG-H__0068,PG 14:0_22:2
CAL_R1_BASE76,CAL,R1,BASE76,5401,20,BASE,152,0.042849456658358986,152,57,PA-H__0228,PA 20:1_22:6
CAL_R1_BASE76,CAL,R1,BASE76,5401,21,BASE,154,0.001110697252484861,21,389,PC+Cl__0658,PC 17:0_17:1
CAL_R1_BASE76,CAL,R1,BASE76,5401,22,BASE,164,0.00235098424323507,52,197,PE-H__0471,PE 17:0_22:6
CAL_R1_BASE76,CAL,R1,BASE76,5401,23,BASE,166,0.0022194340215394427,48,235,PEO-H__0133,PE O-18:0_22:6
CAL_R1_BASE76,CAL,R1,BASE76,5401,24,BASE,171,0.014489468912776554,84,75,PA-H__0289,PA 22:1_20:5
CAL_R1_BASE76,CAL,R1,BASE76,5401,25,BASE,175,0.02055197359367885,1,375,PC+Cl__0219,PC 14:1_17:1
CAL_R1_BASE76,CAL,R1,BASE76,5401,26,BASE,179,0.0030435813548569195,180,148,PE-H__0142,PE 18:1_22:2
CAL_R1_BASE76,CAL,R1,BASE76,5401,27,BASE,182,0.012733364138250759,67,35,PA-H__0197,PA 20:0_20:0
CAL_R1_BASE76,CAL,R1,BASE76,5401,28,BASE,197,0.0011542058237190786,167,287,PG-H__0060,PG 18:2_18:2
CAL_R1_BASE76,CAL,R1,BASE76,5401,29,BASE,211,0.0017796236226615485,18,387,PC+Cl__0444,PC 16:1_18:2
CAL_R1_BASE76,CAL,R1,BASE76,5401,30,BASE,212,0.004328126221311399,114,313,PG-H__0094,PG 16:1_22:4
CAL_R1_BASE76,CAL,R1,BASE76,5401,31,BASE,215,0.0015122085889088548,35,383,PC+Cl__0392,PC 16:0_18:2
CAL_R1_BASE76,CAL,R1,BASE76,5401,32,BASE,216,0.0011527609331009674,55,55,PA-H__0226,PA 20:1_22:4
CAL_R1_BASE76,CAL,R1,BASE76,5401,33,BASE,218,0.006355509415755673,77,95,PS-H__0065,PS 16:0_20:3
CAL_R1_BASE76,CAL,R1,BASE76,5401,34,BASE,220,0.0011994730470494266,150,200,PE-H__0483,PE 17:1_20:2
CAL_R1_BASE76,CAL,R1,BASE76,5401,35,BASE,224,0.0012682269332131278,98,49,PA-H__0219,PA 20:1_20:3
CAL_R1_BASE76,CAL,R1,BASE76,5401,36,BASE,227,0.0030493404632940427,94,19,PA-H__0143,PA 18:1_22:3
CAL_R1_BASE76,CAL,R1,BASE76,5401,37,BASE,228,0.008688431049173717,90,281,PG-H__0053,PG 16:1_20:4
CAL_R1_BASE76,CAL,R1,BASE76,5401,38,BASE,229,0.0030317644321426504,121,23,PA-H__0151,PA 18:1_24:4
CAL_R1_BASE76,CAL,R1,BASE76,5401,39,BASE,235,0.0016766063349577076,155,3,PA-H__0080,PA 16:0_24:5
CAL_R1_BASE76,CAL,R1,BASE76,5401,40,BASE,236,0.01143571348543155,50,5,PA-H__0117,PA 18:0_22:0
CAL_R1_BASE76,CAL,R1,BASE76,5401,41,BASE,237,0.0036867645692421785,138,44,PA-H__0207,PA 20:0_22:4
CAL_R1_BASE76,CAL,R1,BASE76,5401,42,BASE,239,0.0616082453322032,87,212,PEO-H__0076,PE O-16:0_22:5
CAL_R1_BASE76,CAL,R1,BASE76,5401,43,BASE,244,0.014933578264642325,131,198,PE-H__0481,PE 20:0_17:1
CAL_R1_BASE76,CAL,R1,BASE76,5401,44,BASE,246,0.08362738739149775,177,294,PG-H__0069,PG 16:0_20:2
CAL_R1_BASE76,CAL,R1,BASE76,5401,45,BASE,248,0.0020214254411057542,157,121,PE-H__0074,PE 16:0_22:6
CAL_R1_BASE76,CAL,R1,BASE76,5401,46,BASE,256,0.004230347797652717,145,318,PG-H__0099,PG 14:0_24:4
CAL_R1_BASE76,CAL,R1,BASE76,5401,47,BASE,258,0.03957136601458654,172,202,PE-H__0485,PE 17:1_20:4
CAL_R1_BASE76,CAL,R1,BASE76,5401,48,BASE,266,0.001070504924346424,101,194,PE-H__0468,PE 17:0_22:3
CAL_R1_BASE76,CAL,R1,BASE76,5401,49,BASE,267,0.004121898148795869,4,336,PG-H__0479,PG 17:1_18:2
CAL_R1_BASE76,CAL,R1,BASE76,5401,50,BASE,271,0.03507887626589133,28,384,PC+Cl__0435,PC 16:1_16:1
CAL_R1_BASE76,CAL,R1,BASE76,5401,51,BASE,277,0.0029034017160741643,62,109,PS-H__0131,PS 18:1_18:1
CAL_R1_BASE76,CAL,R1,BASE76,5401,52,BASE,283,0.0015217893129586188,74,252,PEO-H__0183,PE O-18:2_22:0
CAL_R1_BASE76,CAL,R1,BASE76,5401,53,BASE,284,0.006965233251819613,24,92,PS-H__0062,PS 16:0_20:0
CAL_R1_BASE76,CAL,R1,BASE76,5401,54,BASE,285,0.0024990073350468845,45,333,PG-H__0464,PG 17:0_20:5
CAL_R1_BASE76,CAL,R1,BASE76,5401,55,BASE,293,0.0013766143633431771,118,301,PG-H__0077,PG 18:0_18:1
CAL_R1_BASE76,CAL,R1,BASE76,5401,56,BASE,295,0.01088759997649656,111,151,PE-H__0145,PE 18:1_22:5
CAL_R1_BASE76,CAL,R1,BASE76,5401,57,BASE,298,0.027349346025652994,170,231,PEO-H__0129,PE O-18:0_22:2
CAL_R1_BASE76,CAL,R1,BASE76,5401,58,BASE,299,0.002688533754090185,70,208,PEO-H__0072,PE O-16:0_22:1
CAL_R1_BASE76,CAL,R1,BASE76,5401,59,BASE,302,0.0077394994338569065,165,160,PE-H__0164,PE 18:2_22:2
CAL_R1_BASE76,CAL,R1,BASE76,5401,60,BASE,308,0.004921008444491788,0,351,PCO+HCOO__0084,PC O-16:1_18:1
CAL_R1_BASE76,CAL,R1,BASE76,5401,61,BASE,313,0.004930928360130924,124,244,PEO-H__0159,PE O-18:1_22:4
CAL_R1_BASE76,CAL,R1,BASE76,5401,62,BASE,319,0.01505433904952393,7,374,PC+Cl__0180,PC 14:0_20:4
CAL_R1_BASE76,CAL,R1,BASE76,5401,63,BASE,321,0.0027067653831285873,128,241,PEO-H__0156,PE O-18:1_22:1
CAL_R1_BASE76,CAL,R1,BASE76,5401,64,BASE,323,0.0021282280458019428,125,342,PG-H__0502,PG 17:0_17:0
CAL_R1_BASE76,CAL,R1,BASE76,5401,65,BASE,329,0.004877012592005975,25,110,PS-H__0132,PS 18:1_18:2
CAL_R1_BASE76,CAL,R1,BASE76,5401,66,BASE,338,0.0025246432852639067,65,339,PG-H__0483,PG 17:1_20:2
CAL_R1_BASE76,CAL,R1,BASE76,5401,67,BASE,339,0.001027884660910343,14,98,PS-H__0083,PS 18:0_16:1
CAL_R1_BASE76,CAL,R1,BASE76,5401,68,BASE,349,0.005480474190915677,15,84,PS-H__0042,PS 14:0_22:0
CAL_R1_BASE76,CAL,R1,BASE76,5401,69,BASE,355,0.013064874170262345,132,171,PE-H__0201,PE 20:0_20:4
CAL_R1_BASE76,CAL,R1,BASE76,5401,70,BASE,375,0.0014836530613080638,104,203,PE-H__0488,PE 17:1_22:1
CAL_R1_BASE76,CAL,R1,BASE76,5401,71,BASE,378,0.0010918874494828912,107,175,PE-H__0220,PE 20:1_20:4
CAL_R1_BASE76,CAL,R1,BASE76,5401,72,BASE,381,0.0029140906919341543,115,36,PA-H__0198,PA 20:0_20:1
CAL_R1_BASE76,CAL,R1,BASE76,5401,73,BASE,382,0.04736858283734614,72,37,PA-H__0199,PA 20:0_20:2
CAL_R1_BASE76,CAL,R1,BASE76,5401,74,BASE,385,0.0010720296356095517,41,166,PE-H__0178,PE 20:1_18:3
CAL_R1_BASE76,CAL,R1,BASE76,5401,75,BASE,389,0.0010813103441311062,57,164,PE-H__0168,PE 18:2_22:6
CAL_R1_HIGH129,CAL,R1,HIGH129,5401,0,BASE,47,0.0012204861544833515,142,330,PG-H__0461,PG 17:0_20:2
CAL_R1_HIGH129,CAL,R1,HIGH129,5401,1,BASE,84,0.004943039691070102,32,101,PS-H__0088,PS 16:1_20:1
CAL_R1_HIGH129,CAL,R1,HIGH129,5401,2,BASE,85,0.007469897935364135,162,242,PEO-H__0157,PE O-18:1_22:2
CAL_R1_HIGH129,CAL,R1,HIGH129,5401,3,BASE,86,0.0035910531830547748,91,263,PEO-H__0216,PE O-18:3_22:5
CAL_R1_HIGH129,CAL,R1,HIGH129,5401,4,BASE,90,0.018849844165172713,174,297,PG-H__0072,PG 18:1_18:1
CAL_R1_HIGH129,CAL,R1,HIGH129,5401,5,BASE,94,0.003465598543634408,183,177,PE-H__0236,PE 20:2_20:2
CAL_R1_HIGH129,CAL,R1,HIGH129,5401,6,BASE,101,0.003767493836187643,42,93,PS-H__0063,PS 16:0_20:1
CAL_R1_HIGH129,CAL,R1,HIGH129,5401,7,BASE,106,0.07104063590718107,8,221,PEO-H__0107,PE O-16:1_24:1
CAL_R1_HIGH129,CAL,R1,HIGH129,5401,8,BASE,107,0.004019268843843552,108,282,PG-H__0054,PG 18:2_18:3
CAL_R1_HIGH129,CAL,R1,HIGH129,5401,9,BASE,109,0.07337007264323502,11,97,PS-H__0067,PS 16:0_20:5
CAL_R1_HIGH129,CAL,R1,HIGH129,5401,10,BASE,119,0.02052518620541731,97,280,PG-H__0052,PG 16:0_20:5
CAL_R1_HIGH129,CAL,R1,HIGH129,5401,11,BASE,121,0.056662870395508505,82,316,PG-H__0097,PG 18:2_20:3
CAL_R1_HIGH129,CAL,R1,HIGH129,5401,12,BASE,133,0.002910685452931968,148,204,PE-H__0490,PE 17:1_22:3
CAL_R1_HIGH129,CAL,R1,HIGH129,5401,13,BASE,136,0.10008111490599345,160,284,PG-H__0057,PG 16:0_20:4
CAL_R1_HIGH129,CAL,R1,HIGH129,5401,14,BASE,137,0.0011026387225491967,60,74,PA-H__0279,PA 20:4_22:6
CAL_R1_HIGH129,CAL,R1,HIGH129,5401,15,BASE,139,0.0224243672740242,38,124,PE-H__0081,PE 16:0_24:6
CAL_R1_HIGH129,CAL,R1,HIGH129,5401,16,BASE,141,0.2430186358557401,140,285,PG-H__0058,PG 16:1_20:3
CAL_R1_HIGH129,CAL,R1,HIGH129,5401,17,BASE,143,0.004431943002525114,80,155,PE-H__0158,PE 18:2_20:2
CAL_R1_HIGH129,CAL,R1,HIGH129,5401,18,BASE,145,0.003302428208099872,31,71,PA-H__0276,PA 22:3_20:4
CAL_R1_HIGH129,CAL,R1,HIGH129,5401,19,BASE,146,0.02906358388086082,135,293,PG-H__0068,PG 14:0_22:2
CAL_R1_HIGH129,CAL,R1,HIGH129,5401,20,BASE,152,0.042849456658358986,152,57,PA-H__0228,PA 20:1_22:6
CAL_R1_HIGH129,CAL,R1,HIGH129,5401,21,BASE,154,0.001110697252484861,21,389,PC+Cl__0658,PC 17:0_17:1
CAL_R1_HIGH129,CAL,R1,HIGH129,5401,22,BASE,164,0.00235098424323507,52,197,PE-H__0471,PE 17:0_22:6
CAL_R1_HIGH129,CAL,R1,HIGH129,5401,23,BASE,166,0.0022194340215394427,48,235,PEO-H__0133,PE O-18:0_22:6
CAL_R1_HIGH129,CAL,R1,HIGH129,5401,24,BASE,171,0.014489468912776554,84,75,PA-H__0289,PA 22:1_20:5
CAL_R1_HIGH129,CAL,R1,HIGH129,5401,25,BASE,175,0.02055197359367885,1,375,PC+Cl__0219,PC 14:1_17:1
CAL_R1_HIGH129,CAL,R1,HIGH129,5401,26,BASE,179,0.0030435813548569195,180,148,PE-H__0142,PE 18:1_22:2
CAL_R1_HIGH129,CAL,R1,HIGH129,5401,27,BASE,182,0.012733364138250759,67,35,PA-H__0197,PA 20:0_20:0
CAL_R1_HIGH129,CAL,R1,HIGH129,5401,28,BASE,197,0.0011542058237190786,167,287,PG-H__0060,PG 18:2_18:2
CAL_R1_HIGH129,CAL,R1,HIGH129,5401,29,BASE,211,0.0017796236226615485,18,387,PC+Cl__0444,PC 16:1_18:2
CAL_R1_HIGH129,CAL,R1,HIGH129,5401,30,BASE,212,0.004328126221311399,114,313,PG-H__0094,PG 16:1_22:4
CAL_R1_HIGH129,CAL,R1,HIGH129,5401,31,BASE,215,0.0015122085889088548,35,383,PC+Cl__0392,PC 16:0_18:2
CAL_R1_HIGH129,CAL,R1,HIGH129,5401,32,BASE,216,0.0011527609331009674,55,55,PA-H__0226,PA 20:1_22:4
CAL_R1_HIGH129,CAL,R1,HIGH129,5401,33,BASE,218,0.006355509415755673,77,95,PS-H__0065,PS 16:0_20:3
CAL_R1_HIGH129,CAL,R1,HIGH129,5401,34,BASE,220,0.0011994730470494266,150,200,PE-H__0483,PE 17:1_20:2
CAL_R1_HIGH129,CAL,R1,HIGH129,5401,35,BASE,224,0.0012682269332131278,98,49,PA-H__0219,PA 20:1_20:3
CAL_R1_HIGH129,CAL,R1,HIGH129,5401,36,BASE,227,0.0030493404632940427,94,19,PA-H__0143,PA 18:1_22:3
CAL_R1_HIGH129,CAL,R1,HIGH129,5401,37,BASE,228,0.008688431049173717,90,281,PG-H__0053,PG 16:1_20:4
CAL_R1_HIGH129,CAL,R1,HIGH129,5401,38,BASE,229,0.0030317644321426504,121,23,PA-H__0151,PA 18:1_24:4
CAL_R1_HIGH129,CAL,R1,HIGH129,5401,39,BASE,235,0.0016766063349577076,155,3,PA-H__0080,PA 16:0_24:5
CAL_R1_HIGH129,CAL,R1,HIGH129,5401,40,BASE,236,0.01143571348543155,50,5,PA-H__0117,PA 18:0_22:0
CAL_R1_HIGH129,CAL,R1,HIGH129,5401,41,BASE,237,0.0036867645692421785,138,44,PA-H__0207,PA 20:0_22:4
CAL_R1_HIGH129,CAL,R1,HIGH129,5401,42,BASE,239,0.0616082453322032,87,212,PEO-H__0076,PE O-16:0_22:5
CAL_R1_HIGH129,CAL,R1,HIGH129,5401,43,BASE,244,0.014933578264642325,131,198,PE-H__0481,PE 20:0_17:1
CAL_R1_HIGH129,CAL,R1,HIGH129,5401,44,BASE,246,0.08362738739149775,177,294,PG-H__0069,PG 16:0_20:2
CAL_R1_HIGH129,CAL,R1,HIGH129,5401,45,BASE,248,0.0020214254411057542,157,121,PE-H__0074,PE 16:0_22:6
CAL_R1_HIGH129,CAL,R1,HIGH129,5401,46,BASE,256,0.004230347797652717,145,318,PG-H__0099,PG 14:0_24:4
CAL_R1_HIGH129,CAL,R1,HIGH129,5401,47,BASE,258,0.03957136601458654,172,202,PE-H__0485,PE 17:1_20:4
CAL_R1_HIGH129,CAL,R1,HIGH129,5401,48,BASE,266,0.001070504924346424,101,194,PE-H__0468,PE 17:0_22:3
CAL_R1_HIGH129,CAL,R1,HIGH129,5401,49,BASE,267,0.004121898148795869,4,336,PG-H__0479,PG 17:1_18:2
CAL_R1_HIGH129,CAL,R1,HIGH129,5401,50,BASE,271,0.03507887626589133,28,384,PC+Cl__0435,PC 16:1_16:1
CAL_R1_HIGH129,CAL,R1,HIGH129,5401,51,BASE,277,0.0029034017160741643,62,109,PS-H__0131,PS 18:1_18:1
CAL_R1_HIGH129,CAL,R1,HIGH129,5401,52,BASE,283,0.0015217893129586188,74,252,PEO-H__0183,PE O-18:2_22:0
CAL_R1_HIGH129,CAL,R1,HIGH129,5401,53,BASE,284,0.006965233251819613,24,92,PS-H__0062,PS 16:0_20:0
CAL_R1_HIGH129,CAL,R1,HIGH129,5401,54,BASE,285,0.0024990073350468845,45,333,PG-H__0464,PG 17:0_20:5
CAL_R1_HIGH129,CAL,R1,HIGH129,5401,55,BASE,293,0.0013766143633431771,118,301,PG-H__0077,PG 18:0_18:1
CAL_R1_HIGH129,CAL,R1,HIGH129,5401,56,BASE,295,0.01088759997649656,111,151,PE-H__0145,PE 18:1_22:5
CAL_R1_HIGH129,CAL,R1,HIGH129,5401,57,BASE,298,0.027349346025652994,170,231,PEO-H__0129,PE O-18:0_22:2
CAL_R1_HIGH129,CAL,R1,HIGH129,5401,58,BASE,299,0.002688533754090185,70,208,PEO-H__0072,PE O-16:0_22:1
CAL_R1_HIGH129,CAL,R1,HIGH129,5401,59,BASE,302,0.0077394994338569065,165,160,PE-H__0164,PE 18:2_22:2
CAL_R1_HIGH129,CAL,R1,HIGH129,5401,60,BASE,308,0.004921008444491788,0,351,PCO+HCOO__0084,PC O-16:1_18:1
CAL_R1_HIGH129,CAL,R1,HIGH129,5401,61,BASE,313,0.004930928360130924,124,244,PEO-H__0159,PE O-18:1_22:4
CAL_R1_HIGH129,CAL,R1,HIGH129,5401,62,BASE,319,0.01505433904952393,7,374,PC+Cl__0180,PC 14:0_20:4
CAL_R1_HIGH129,CAL,R1,HIGH129,5401,63,BASE,321,0.0027067653831285873,128,241,PEO-H__0156,PE O-18:1_22:1
CAL_R1_HIGH129,CAL,R1,HIGH129,5401,64,BASE,323,0.0021282280458019428,125,342,PG-H__0502,PG 17:0_17:0
CAL_R1_HIGH129,CAL,R1,HIGH129,5401,65,BASE,329,0.004877012592005975,25,110,PS-H__0132,PS 18:1_18:2
CAL_R1_HIGH129,CAL,R1,HIGH129,5401,66,BASE,338,0.0025246432852639067,65,339,PG-H__0483,PG 17:1_20:2
CAL_R1_HIGH129,CAL,R1,HIGH129,5401,67,BASE,339,0.001027884660910343,14,98,PS-H__0083,PS 18:0_16:1
CAL_R1_HIGH129,CAL,R1,HIGH129,5401,68,BASE,349,0.005480474190915677,15,84,PS-H__0042,PS 14:0_22:0
CAL_R1_HIGH129,CAL,R1,HIGH129,5401,69,BASE,355,0.013064874170262345,132,171,PE-H__0201,PE 20:0_20:4
CAL_R1_HIGH129,CAL,R1,HIGH129,5401,70,BASE,375,0.0014836530613080638,104,203,PE-H__0488,PE 17:1_22:1
CAL_R1_HIGH129,CAL,R1,HIGH129,5401,71,BASE,378,0.0010918874494828912,107,175,PE-H__0220,PE 20:1_20:4
CAL_R1_HIGH129,CAL,R1,HIGH129,5401,72,BASE,381,0.0029140906919341543,115,36,PA-H__0198,PA 20:0_20:1
CAL_R1_HIGH129,CAL,R1,HIGH129,5401,73,BASE,382,0.04736858283734614,72,37,PA-H__0199,PA 20:0_20:2
CAL_R1_HIGH129,CAL,R1,HIGH129,5401,74,BASE,385,0.0010720296356095517,41,166,PE-H__0178,PE 20:1_18:3
CAL_R1_HIGH129,CAL,R1,HIGH129,5401,75,BASE,389,0.0010813103441311062,57,164,PE-H__0168,PE 18:2_22:6
CAL_R1_HIGH129,CAL,R1,HIGH129,5401,76,WEAK_EXTRA,28,0.00019298471843409116,5,81,PA-H__0371,PA 22:6_22:6
CAL_R1_HIGH129,CAL,R1,HIGH129,5401,77,WEAK_EXTRA,70,0.0002766531480450124,134,262,PEO-H__0215,PE O-18:3_22:4
CAL_R1_HIGH129,CAL,R1,HIGH129,5401,78,WEAK_EXTRA,81,0.0005828910463076359,17,89,PS-H__0058,PS 16:0_18:0
CAL_R1_HIGH129,CAL,R1,HIGH129,5401,79,WEAK_EXTRA,83,0.00012466062742097448,144,232,PEO-H__0130,PE O-18:0_22:3
CAL_R1_HIGH129,CAL,R1,HIGH129,5401,80,WEAK_EXTRA,93,0.0009133262048150343,81,153,PE-H__0156,PE 20:0_18:2
CAL_R1_HIGH129,CAL,R1,HIGH129,5401,81,WEAK_EXTRA,95,0.00020441490999468156,27,350,PCO+HCOO__0083,PC O-16:1_18:0
CAL_R1_HIGH129,CAL,R1,HIGH129,5401,82,WEAK_EXTRA,100,0.00034560978002170936,171,272,PEO-H__0291,PE O-20:2_20:2
CAL_R1_HIGH129,CAL,R1,HIGH129,5401,83,WEAK_EXTRA,102,0.00010446412278531561,141,127,PE-H__0095,PE 16:1_22:2
CAL_R1_HIGH129,CAL,R1,HIGH129,5401,84,WEAK_EXTRA,112,0.00020891635591381217,130,191,PE-H__0464,PE 17:0_20:5
CAL_R1_HIGH129,CAL,R1,HIGH129,5401,85,WEAK_EXTRA,144,0.00011461121928420428,168,261,PEO-H__0214,PE O-18:3_22:3
CAL_R1_HIGH129,CAL,R1,HIGH129,5401,86,WEAK_EXTRA,155,0.000336562545089106,51,373,PC+Cl__0179,PC 14:0_20:3
CAL_R1_HIGH129,CAL,R1,HIGH129,5401,87,WEAK_EXTRA,159,0.00014888336600465032,75,306,PG-H__0084,PG 18:2_20:5
CAL_R1_HIGH129,CAL,R1,HIGH129,5401,88,WEAK_EXTRA,163,0.00016782430882945716,71,172,PE-H__0202,PE 20:0_20:5
CAL_R1_HIGH129,CAL,R1,HIGH129,5401,89,WEAK_EXTRA,180,0.00024682903434567247,58,63,PA-H__0257,PA 22:0_20:3
CAL_R1_HIGH129,CAL,R1,HIGH129,5401,90,WEAK_EXTRA,181,0.00011653856938781842,122,169,PE-H__0188,PE 18:3_22:5
CAL_R1_HIGH129,CAL,R1,HIGH129,5401,91,WEAK_EXTRA,184,0.00047126244045106415,151,39,PA-H__0201,PA 20:0_20:4
CAL_R1_HIGH129,CAL,R1,HIGH129,5401,92,WEAK_EXTRA,195,0.00010166563682168735,85,42,PA-H__0205,PA 20:0_22:2
CAL_R1_HIGH129,CAL,R1,HIGH129,5401,93,WEAK_EXTRA,210,0.0003860047944341988,112,268,PEO-H__0262,PE O-20:1_20:1
CAL_R1_HIGH129,CAL,R1,HIGH129,5401,94,WEAK_EXTRA,213,0.0009474994093928155,34,66,PA-H__0261,PA 20:3_22:4
CAL_R1_HIGH129,CAL,R1,HIGH129,5401,95,WEAK_EXTRA,217,0.0001948762153901351,127,312,PG-H__0093,PG 16:0_22:5
CAL_R1_HIGH129,CAL,R1,HIGH129,5401,96,WEAK_EXTRA,219,0.00014748128807229237,100,147,PE-H__0139,PE 18:1_20:5
CAL_R1_HIGH129,CAL,R1,HIGH129,5401,97,WEAK_EXTRA,221,0.0008107108044965733,64,26,PA-H__0162,PA 22:0_18:2
CAL_R1_HIGH129,CAL,R1,HIGH129,5401,98,WEAK_EXTRA,222,0.0008874047156349323,44,186,PE-H__0459,PE 17:0_20:0
CAL_R1_HIGH129,CAL,R1,HIGH129,5401,99,WEAK_EXTRA,223,0.0006133827737390984,164,188,PE-H__0461,PE 17:0_20:2
CAL_R1_HIGH129,CAL,R1,HIGH129,5401,100,WEAK_EXTRA,234,0.000861131244722505,117,34,PA-H__0175,PA 18:2_24:6
CAL_R1_HIGH129,CAL,R1,HIGH129,5401,101,WEAK_EXTRA,245,0.00021440577341842103,105,226,PEO-H__0123,PE O-18:0_20:2
CAL_R1_HIGH129,CAL,R1,HIGH129,5401,102,WEAK_EXTRA,247,0.0003120585453104667,68,73,PA-H__0278,PA 20:4_22:5
CAL_R1_HIGH129,CAL,R1,HIGH129,5401,103,WEAK_EXTRA,253,0.0002011803328361874,154,239,PEO-H__0153,PE O-18:1_20:4
CAL_R1_HIGH129,CAL,R1,HIGH129,5401,104,WEAK_EXTRA,255,0.0002266024120461379,54,308,PG-H__0087,PG 16:0_22:6
CAL_R1_HIGH129,CAL,R1,HIGH129,5401,105,WEAK_EXTRA,257,0.00014340052878777712,22,371,PC+Cl__0177,PC 14:0_20:1
CAL_R1_HIGH129,CAL,R1,HIGH129,5401,106,WEAK_EXTRA,260,0.0009546409426094432,20,329,PG-H__0460,PG 17:0_20:1
CAL_R1_HIGH129,CAL,R1,HIGH129,5401,107,WEAK_EXTRA,274,0.00041928088512172365,181,178,PE-H__0237,PE 20:2_20:3
CAL_R1_HIGH129,CAL,R1,HIGH129,5401,108,WEAK_EXTRA,276,0.00014535654204186118,92,196,PE-H__0470,PE 17:0_22:5
CAL_R1_HIGH129,CAL,R1,HIGH129,5401,109,WEAK_EXTRA,281,0.00022038298644851324,47,180,PE-H__0239,PE 20:2_20:5
CAL_R1_HIGH129,CAL,R1,HIGH129,5401,110,WEAK_EXTRA,287,0.00015116586893526305,147,187,PE-H__0460,PE 17:0_20:1
CAL_R1_HIGH129,CAL,R1,HIGH129,5401,111,WEAK_EXTRA,290,0.0005585769624929957,12,381,PC+Cl__0390,PC 16:0_18:0
CAL_R1_HIGH129,CAL,R1,HIGH129,5401,112,WEAK_EXTRA,294,0.00015521378133051393,137,150,PE-H__0144,PE 18:1_22:4
CAL_R1_HIGH129,CAL,R1,HIGH129,5401,113,WEAK_EXTRA,316,0.0008898126469400928,30,90,PS-H__0059,PS 16:0_18:1
CAL_R1_HIGH129,CAL,R1,HIGH129,5401,114,WEAK_EXTRA,318,0.00011464203031913555,120,265,PEO-H__0235,PE O-20:0_20:2
CAL_R1_HIGH129,CAL,R1,HIGH129,5401,115,WEAK_EXTRA,320,0.00031960020182543724,61,28,PA-H__0164,PA 18:2_22:2
CAL_R1_HIGH129,CAL,R1,HIGH129,5401,116,WEAK_EXTRA,327,0.000246995145258423,178,250,PEO-H__0180,PE O-18:2_20:3
CAL_R1_HIGH129,CAL,R1,HIGH129,5401,117,WEAK_EXTRA,330,0.0008545740559731959,37,48,PA-H__0218,PA 20:1_20:2
CAL_R1_HIGH129,CAL,R1,HIGH129,5401,118,WEAK_EXTRA,331,0.0006150128669024416,88,309,PG-H__0088,PG 16:1_22:5
CAL_R1_HIGH129,CAL,R1,HIGH129,5401,119,WEAK_EXTRA,336,0.00014707252780820287,40,69,PA-H__0274,PA 22:1_20:4
CAL_R1_HIGH129,CAL,R1,HIGH129,5401,120,WEAK_EXTRA,346,0.00047548410963250525,110,206,PE-H__0492,PE 17:1_22:5
CAL_R1_HIGH129,CAL,R1,HIGH129,5401,121,WEAK_EXTRA,348,0.0003787058110304037,158,149,PE-H__0143,PE 18:1_22:3
CAL_R1_HIGH129,CAL,R1,HIGH129,5401,122,WEAK_EXTRA,352,0.0002820332506612909,78,286,PG-H__0059,PG 18:1_18:3
CAL_R1_HIGH129,CAL,R1,HIGH129,5401,123,WEAK_EXTRA,361,0.00016665021246367798,2,91,PS-H__0060,PS 16:0_18:2
CAL_R1_HIGH129,CAL,R1,HIGH129,5401,124,WEAK_EXTRA,371,0.0008943196437131804,95,225,PEO-H__0122,PE O-18:0_20:1
CAL_R1_HIGH129,CAL,R1,HIGH129,5401,125,WEAK_EXTRA,376,0.00010222836766585937,161,276,PEO-H__0321,PE O-20:3_20:4
CAL_R1_HIGH129,CAL,R1,HIGH129,5401,126,WEAK_EXTRA,379,0.00022025515788821187,175,174,PE-H__0219,PE 20:1_20:3
CAL_R1_HIGH129,CAL,R1,HIGH129,5401,127,WEAK_EXTRA,383,0.0007008890517956318,102,310,PG-H__0089,PG 18:1_20:5
CAL_R1_HIGH129,CAL,R1,HIGH129,5401,128,WEAK_EXTRA,390,0.00019123220818741032,10,88,PS-H__0046,PS 14:0_22:4
HOLD_R1_BASE76,HOLD,R1,BASE76,5401,0,BASE,47,0.0012204861544833515,142,331,PG-H__0462,PG 17:0_20:3
HOLD_R1_BASE76,HOLD,R1,BASE76,5401,1,BASE,84,0.004943039691070102,32,102,PS-H__0089,PS 16:1_20:2
HOLD_R1_BASE76,HOLD,R1,BASE76,5401,2,BASE,85,0.007469897935364135,162,255,PEO-H__0186,PE O-18:2_22:3
HOLD_R1_BASE76,HOLD,R1,BASE76,5401,3,BASE,86,0.0035910531830547748,91,219,PEO-H__0104,PE O-16:1_22:5
HOLD_R1_BASE76,HOLD,R1,BASE76,5401,4,BASE,90,0.018849844165172713,174,321,PG-H__0102,PG 18:0_20:4
HOLD_R1_BASE76,HOLD,R1,BASE76,5401,5,BASE,94,0.003465598543634408,183,129,PE-H__0097,PE 16:1_22:4
HOLD_R1_BASE76,HOLD,R1,BASE76,5401,6,BASE,101,0.003767493836187643,42,107,PS-H__0109,PS 18:0_18:2
HOLD_R1_BASE76,HOLD,R1,BASE76,5401,7,BASE,106,0.07104063590718107,8,220,PEO-H__0106,PE O-16:1_24:0
HOLD_R1_BASE76,HOLD,R1,BASE76,5401,8,BASE,107,0.004019268843843552,108,300,PG-H__0076,PG 20:0_16:1
HOLD_R1_BASE76,HOLD,R1,BASE76,5401,9,BASE,109,0.07337007264323502,11,115,PS-H__0477,PS 18:0_17:1
HOLD_R1_BASE76,HOLD,R1,BASE76,5401,10,BASE,119,0.02052518620541731,97,290,PG-H__0064,PG 16:1_20:2
HOLD_R1_BASE76,HOLD,R1,BASE76,5401,11,BASE,121,0.056662870395508505,82,327,PG-H__0457,PG 17:0_18:2
HOLD_R1_BASE76,HOLD,R1,BASE76,5401,12,BASE,133,0.002910685452931968,148,128,PE-H__0096,PE 16:1_22:3
HOLD_R1_BASE76,HOLD,R1,BASE76,5401,13,BASE,136,0.10008111490599345,160,303,PG-H__0080,PG 16:0_20:0
HOLD_R1_BASE76,HOLD,R1,BASE76,5401,14,BASE,137,0.0011026387225491967,60,76,PA-H__0344,PA 22:3_22:6
HOLD_R1_BASE76,HOLD,R1,BASE76,5401,15,BASE,139,0.0224243672740242,38,258,PEO-H__0189,PE O-18:2_22:6
HOLD_R1_BASE76,HOLD,R1,BASE76,5401,16,BASE,141,0.2430186358557401,140,283,PG-H__0056,PG 14:0_22:4
HOLD_R1_BASE76,HOLD,R1,BASE76,5401,17,BASE,143,0.004431943002525114,80,185,PE-H__0272,PE 20:4_20:5
HOLD_R1_BASE76,HOLD,R1,BASE76,5401,18,BASE,145,0.003302428208099872,31,1,PA-H__0076,PA 16:0_24:1
HOLD_R1_BASE76,HOLD,R1,BASE76,5401,19,BASE,146,0.02906358388086082,135,288,PG-H__0062,PG 14:0_22:3
HOLD_R1_BASE76,HOLD,R1,BASE76,5401,20,BASE,152,0.042849456658358986,152,62,PA-H__0246,PA 20:2_22:6
HOLD_R1_BASE76,HOLD,R1,BASE76,5401,21,BASE,154,0.001110697252484861,21,385,PC+Cl__0797,PC 18:0_16:1
HOLD_R1_BASE76,HOLD,R1,BASE76,5401,22,BASE,164,0.00235098424323507,52,141,PE-H__0123,PE 18:0_22:6
HOLD_R1_BASE76,HOLD,R1,BASE76,5401,23,BASE,166,0.0022194340215394427,48,159,PE-H__0163,PE 22:1_18:2
HOLD_R1_BASE76,HOLD,R1,BASE76,5401,24,BASE,171,0.014489468912776554,84,67,PA-H__0263,PA 20:3_22:6
HOLD_R1_BASE76,HOLD,R1,BASE76,5401,25,BASE,175,0.02055197359367885,1,362,PCO+CH3COO__0453,PC O-16:0_17:0
HOLD_R1_BASE76,HOLD,R1,BASE76,5401,26,BASE,179,0.0030435813548569195,180,157,PE-H__0160,PE 18:2_20:4
HOLD_R1_BASE76,HOLD,R1,BASE76,5401,27,BASE,182,0.012733364138250759,67,79,PA-H__0362,PA 22:5_22:5
HOLD_R1_BASE76,HOLD,R1,BASE76,5401,28,BASE,197,0.0011542058237190786,167,319,PG-H__0100,PG 16:0_22:4
HOLD_R1_BASE76,HOLD,R1,BASE76,5401,29,BASE,211,0.0017796236226615485,18,376,PC+Cl__0793,PC 18:0_14:1
HOLD_R1_BASE76,HOLD,R1,BASE76,5401,30,BASE,212,0.004328126221311399,114,332,PG-H__0463,PG 17:0_20:4
HOLD_R1_BASE76,HOLD,R1,BASE76,5401,31,BASE,215,0.0015122085889088548,35,390,PC+Cl__0706,PC 17:1_17:1
HOLD_R1_BASE76,HOLD,R1,BASE76,5401,32,BASE,216,0.0011527609331009674,55,38,PA-H__0200,PA 20:0_20:3
HOLD_R1_BASE76,HOLD,R1,BASE76,5401,33,BASE,218,0.006355509415755673,77,96,PS-H__0066,PS 16:0_20:4
HOLD_R1_BASE76,HOLD,R1,BASE76,5401,34,BASE,220,0.0011994730470494266,150,119,PE-H__0072,PE 16:0_22:4
HOLD_R1_BASE76,HOLD,R1,BASE76,5401,35,BASE,224,0.0012682269332131278,98,27,PA-H__0163,PA 22:1_18:2
HOLD_R1_BASE76,HOLD,R1,BASE76,5401,36,BASE,227,0.0030493404632940427,94,50,PA-H__0220,PA 20:1_20:4
HOLD_R1_BASE76,HOLD,R1,BASE76,5401,37,BASE,228,0.008688431049173717,90,279,PG-H__0051,PG 14:0_22:5
HOLD_R1_BASE76,HOLD,R1,BASE76,5401,38,BASE,229,0.0030317644321426504,121,8,PA-H__0120,PA 18:0_22:3
HOLD_R1_BASE76,HOLD,R1,BASE76,5401,39,BASE,235,0.0016766063349577076,155,15,PA-H__0130,PA 18:0_24:6
HOLD_R1_BASE76,HOLD,R1,BASE76,5401,40,BASE,236,0.01143571348543155,50,61,PA-H__0244,PA 20:2_22:4
HOLD_R1_BASE76,HOLD,R1,BASE76,5401,41,BASE,237,0.0036867645692421785,138,24,PA-H__0152,PA 18:1_24:5
HOLD_R1_BASE76,HOLD,R1,BASE76,5401,42,BASE,239,0.0616082453322032,87,136,PE-H__0115,PE 18:0_20:4
HOLD_R1_BASE76,HOLD,R1,BASE76,5401,43,BASE,244,0.014933578264642325,131,137,PE-H__0116,PE 18:0_20:5
HOLD_R1_BASE76,HOLD,R1,BASE76,5401,44,BASE,246,0.08362738739149775,177,289,PG-H__0063,PG 16:0_20:3
HOLD_R1_BASE76,HOLD,R1,BASE76,5401,45,BASE,248,0.0020214254411057542,157,199,PE-H__0482,PE 17:1_20:1
HOLD_R1_BASE76,HOLD,R1,BASE76,5401,46,BASE,256,0.004230347797652717,145,322,PG-H__0103,PG 18:1_20:3
HOLD_R1_BASE76,HOLD,R1,BASE76,5401,47,BASE,258,0.03957136601458654,172,167,PE-H__0181,PE 18:3_20:4
HOLD_R1_BASE76,HOLD,R1,BASE76,5401,48,BASE,266,0.001070504924346424,101,192,PE-H__0466,PE 17:0_22:1
HOLD_R1_BASE76,HOLD,R1,BASE76,5401,49,BASE,267,0.004121898148795869,4,328,PG-H__0459,PG 17:0_20:0
HOLD_R1_BASE76,HOLD,R1,BASE76,5401,50,BASE,271,0.03507887626589133,28,372,PC+Cl__0178,PC 14:0_20:2
HOLD_R1_BASE76,HOLD,R1,BASE76,5401,51,BASE,277,0.0029034017160741643,62,105,PS-H__0107,PS 18:0_18:0
HOLD_R1_BASE76,HOLD,R1,BASE76,5401,52,BASE,283,0.0015217893129586188,74,267,PEO-H__0237,PE O-20:0_20:4
HOLD_R1_BASE76,HOLD,R1,BASE76,5401,53,BASE,284,0.006965233251819613,24,111,PS-H__0133,PS 18:1_18:3
HOLD_R1_BASE76,HOLD,R1,BASE76,5401,54,BASE,285,0.0024990073350468845,45,341,PG-H__0485,PG 17:1_20:4
HOLD_R1_BASE76,HOLD,R1,BASE76,5401,55,BASE,293,0.0013766143633431771,118,291,PG-H__0065,PG 18:0_18:3
HOLD_R1_BASE76,HOLD,R1,BASE76,5401,56,BASE,295,0.01088759997649656,111,122,PE-H__0079,PE 16:0_24:4
HOLD_R1_BASE76,HOLD,R1,BASE76,5401,57,BASE,298,0.027349346025652994,170,275,PEO-H__0320,PE O-20:3_20:3
HOLD_R1_BASE76,HOLD,R1,BASE76,5401,58,BASE,299,0.002688533754090185,70,224,PEO-H__0112,PE O-16:1_24:6
HOLD_R1_BASE76,HOLD,R1,BASE76,5401,59,BASE,302,0.0077394994338569065,165,182,PE-H__0255,PE 20:3_20:4
HOLD_R1_BASE76,HOLD,R1,BASE76,5401,60,BASE,308,0.004921008444491788,0,352,PCO+HCOO__0085,PC O-16:1_18:2
HOLD_R1_BASE76,HOLD,R1,BASE76,5401,61,BASE,313,0.004930928360130924,124,269,PEO-H__0263,PE O-20:1_20:2
HOLD_R1_BASE76,HOLD,R1,BASE76,5401,62,BASE,319,0.01505433904952393,7,365,PCO+CH3COO__0476,PC O-16:1_17:1
HOLD_R1_BASE76,HOLD,R1,BASE76,5401,63,BASE,321,0.0027067653831285873,128,238,PEO-H__0152,PE O-18:1_20:3
HOLD_R1_BASE76,HOLD,R1,BASE76,5401,64,BASE,323,0.0021282280458019428,125,323,PG-H__0104,PG 18:2_20:2
HOLD_R1_BASE76,HOLD,R1,BASE76,5401,65,BASE,329,0.004877012592005975,25,100,PS-H__0087,PS 20:0_16:1
HOLD_R1_BASE76,HOLD,R1,BASE76,5401,66,BASE,338,0.0025246432852639067,65,338,PG-H__0482,PG 17:1_20:1
HOLD_R1_BASE76,HOLD,R1,BASE76,5401,67,BASE,339,0.001027884660910343,14,106,PS-H__0108,PS 18:0_18:1
HOLD_R1_BASE76,HOLD,R1,BASE76,5401,68,BASE,349,0.005480474190915677,15,85,PS-H__0043,PS 14:0_22:1
HOLD_R1_BASE76,HOLD,R1,BASE76,5401,69,BASE,355,0.013064874170262345,132,257,PEO-H__0188,PE O-18:2_22:5
HOLD_R1_BASE76,HOLD,R1,BASE76,5401,70,BASE,375,0.0014836530613080638,104,154,PE-H__0157,PE 20:1_18:2
HOLD_R1_BASE76,HOLD,R1,BASE76,5401,71,BASE,378,0.0010918874494828912,107,179,PE-H__0238,PE 20:2_20:4
HOLD_R1_BASE76,HOLD,R1,BASE76,5401,72,BASE,381,0.0029140906919341543,115,20,PA-H__0144,PA 18:1_22:4
HOLD_R1_BASE76,HOLD,R1,BASE76,5401,73,BASE,382,0.04736858283734614,72,43,PA-H__0206,PA 20:0_22:3
HOLD_R1_BASE76,HOLD,R1,BASE76,5401,74,BASE,385,0.0010720296356095517,41,213,PEO-H__0077,PE O-16:0_22:6
HOLD_R1_BASE76,HOLD,R1,BASE76,5401,75,BASE,389,0.0010813103441311062,57,207,PE-H__0493,PE 17:1_22:6
HOLD_R1_HIGH129,HOLD,R1,HIGH129,5401,0,BASE,47,0.0012204861544833515,142,331,PG-H__0462,PG 17:0_20:3
HOLD_R1_HIGH129,HOLD,R1,HIGH129,5401,1,BASE,84,0.004943039691070102,32,102,PS-H__0089,PS 16:1_20:2
HOLD_R1_HIGH129,HOLD,R1,HIGH129,5401,2,BASE,85,0.007469897935364135,162,255,PEO-H__0186,PE O-18:2_22:3
HOLD_R1_HIGH129,HOLD,R1,HIGH129,5401,3,BASE,86,0.0035910531830547748,91,219,PEO-H__0104,PE O-16:1_22:5
HOLD_R1_HIGH129,HOLD,R1,HIGH129,5401,4,BASE,90,0.018849844165172713,174,321,PG-H__0102,PG 18:0_20:4
HOLD_R1_HIGH129,HOLD,R1,HIGH129,5401,5,BASE,94,0.003465598543634408,183,129,PE-H__0097,PE 16:1_22:4
HOLD_R1_HIGH129,HOLD,R1,HIGH129,5401,6,BASE,101,0.003767493836187643,42,107,PS-H__0109,PS 18:0_18:2
HOLD_R1_HIGH129,HOLD,R1,HIGH129,5401,7,BASE,106,0.07104063590718107,8,220,PEO-H__0106,PE O-16:1_24:0
HOLD_R1_HIGH129,HOLD,R1,HIGH129,5401,8,BASE,107,0.004019268843843552,108,300,PG-H__0076,PG 20:0_16:1
HOLD_R1_HIGH129,HOLD,R1,HIGH129,5401,9,BASE,109,0.07337007264323502,11,115,PS-H__0477,PS 18:0_17:1
HOLD_R1_HIGH129,HOLD,R1,HIGH129,5401,10,BASE,119,0.02052518620541731,97,290,PG-H__0064,PG 16:1_20:2
HOLD_R1_HIGH129,HOLD,R1,HIGH129,5401,11,BASE,121,0.056662870395508505,82,327,PG-H__0457,PG 17:0_18:2
HOLD_R1_HIGH129,HOLD,R1,HIGH129,5401,12,BASE,133,0.002910685452931968,148,128,PE-H__0096,PE 16:1_22:3
HOLD_R1_HIGH129,HOLD,R1,HIGH129,5401,13,BASE,136,0.10008111490599345,160,303,PG-H__0080,PG 16:0_20:0
HOLD_R1_HIGH129,HOLD,R1,HIGH129,5401,14,BASE,137,0.0011026387225491967,60,76,PA-H__0344,PA 22:3_22:6
HOLD_R1_HIGH129,HOLD,R1,HIGH129,5401,15,BASE,139,0.0224243672740242,38,258,PEO-H__0189,PE O-18:2_22:6
HOLD_R1_HIGH129,HOLD,R1,HIGH129,5401,16,BASE,141,0.2430186358557401,140,283,PG-H__0056,PG 14:0_22:4
HOLD_R1_HIGH129,HOLD,R1,HIGH129,5401,17,BASE,143,0.004431943002525114,80,185,PE-H__0272,PE 20:4_20:5
HOLD_R1_HIGH129,HOLD,R1,HIGH129,5401,18,BASE,145,0.003302428208099872,31,1,PA-H__0076,PA 16:0_24:1
HOLD_R1_HIGH129,HOLD,R1,HIGH129,5401,19,BASE,146,0.02906358388086082,135,288,PG-H__0062,PG 14:0_22:3
HOLD_R1_HIGH129,HOLD,R1,HIGH129,5401,20,BASE,152,0.042849456658358986,152,62,PA-H__0246,PA 20:2_22:6
HOLD_R1_HIGH129,HOLD,R1,HIGH129,5401,21,BASE,154,0.001110697252484861,21,385,PC+Cl__0797,PC 18:0_16:1
HOLD_R1_HIGH129,HOLD,R1,HIGH129,5401,22,BASE,164,0.00235098424323507,52,141,PE-H__0123,PE 18:0_22:6
HOLD_R1_HIGH129,HOLD,R1,HIGH129,5401,23,BASE,166,0.0022194340215394427,48,159,PE-H__0163,PE 22:1_18:2
HOLD_R1_HIGH129,HOLD,R1,HIGH129,5401,24,BASE,171,0.014489468912776554,84,67,PA-H__0263,PA 20:3_22:6
HOLD_R1_HIGH129,HOLD,R1,HIGH129,5401,25,BASE,175,0.02055197359367885,1,362,PCO+CH3COO__0453,PC O-16:0_17:0
HOLD_R1_HIGH129,HOLD,R1,HIGH129,5401,26,BASE,179,0.0030435813548569195,180,157,PE-H__0160,PE 18:2_20:4
HOLD_R1_HIGH129,HOLD,R1,HIGH129,5401,27,BASE,182,0.012733364138250759,67,79,PA-H__0362,PA 22:5_22:5
HOLD_R1_HIGH129,HOLD,R1,HIGH129,5401,28,BASE,197,0.0011542058237190786,167,319,PG-H__0100,PG 16:0_22:4
HOLD_R1_HIGH129,HOLD,R1,HIGH129,5401,29,BASE,211,0.0017796236226615485,18,376,PC+Cl__0793,PC 18:0_14:1
HOLD_R1_HIGH129,HOLD,R1,HIGH129,5401,30,BASE,212,0.004328126221311399,114,332,PG-H__0463,PG 17:0_20:4
HOLD_R1_HIGH129,HOLD,R1,HIGH129,5401,31,BASE,215,0.0015122085889088548,35,390,PC+Cl__0706,PC 17:1_17:1
HOLD_R1_HIGH129,HOLD,R1,HIGH129,5401,32,BASE,216,0.0011527609331009674,55,38,PA-H__0200,PA 20:0_20:3
HOLD_R1_HIGH129,HOLD,R1,HIGH129,5401,33,BASE,218,0.006355509415755673,77,96,PS-H__0066,PS 16:0_20:4
HOLD_R1_HIGH129,HOLD,R1,HIGH129,5401,34,BASE,220,0.0011994730470494266,150,119,PE-H__0072,PE 16:0_22:4
HOLD_R1_HIGH129,HOLD,R1,HIGH129,5401,35,BASE,224,0.0012682269332131278,98,27,PA-H__0163,PA 22:1_18:2
HOLD_R1_HIGH129,HOLD,R1,HIGH129,5401,36,BASE,227,0.0030493404632940427,94,50,PA-H__0220,PA 20:1_20:4
HOLD_R1_HIGH129,HOLD,R1,HIGH129,5401,37,BASE,228,0.008688431049173717,90,279,PG-H__0051,PG 14:0_22:5
HOLD_R1_HIGH129,HOLD,R1,HIGH129,5401,38,BASE,229,0.0030317644321426504,121,8,PA-H__0120,PA 18:0_22:3
HOLD_R1_HIGH129,HOLD,R1,HIGH129,5401,39,BASE,235,0.0016766063349577076,155,15,PA-H__0130,PA 18:0_24:6
HOLD_R1_HIGH129,HOLD,R1,HIGH129,5401,40,BASE,236,0.01143571348543155,50,61,PA-H__0244,PA 20:2_22:4
HOLD_R1_HIGH129,HOLD,R1,HIGH129,5401,41,BASE,237,0.0036867645692421785,138,24,PA-H__0152,PA 18:1_24:5
HOLD_R1_HIGH129,HOLD,R1,HIGH129,5401,42,BASE,239,0.0616082453322032,87,136,PE-H__0115,PE 18:0_20:4
HOLD_R1_HIGH129,HOLD,R1,HIGH129,5401,43,BASE,244,0.014933578264642325,131,137,PE-H__0116,PE 18:0_20:5
HOLD_R1_HIGH129,HOLD,R1,HIGH129,5401,44,BASE,246,0.08362738739149775,177,289,PG-H__0063,PG 16:0_20:3
HOLD_R1_HIGH129,HOLD,R1,HIGH129,5401,45,BASE,248,0.0020214254411057542,157,199,PE-H__0482,PE 17:1_20:1
HOLD_R1_HIGH129,HOLD,R1,HIGH129,5401,46,BASE,256,0.004230347797652717,145,322,PG-H__0103,PG 18:1_20:3
HOLD_R1_HIGH129,HOLD,R1,HIGH129,5401,47,BASE,258,0.03957136601458654,172,167,PE-H__0181,PE 18:3_20:4
HOLD_R1_HIGH129,HOLD,R1,HIGH129,5401,48,BASE,266,0.001070504924346424,101,192,PE-H__0466,PE 17:0_22:1
HOLD_R1_HIGH129,HOLD,R1,HIGH129,5401,49,BASE,267,0.004121898148795869,4,328,PG-H__0459,PG 17:0_20:0
HOLD_R1_HIGH129,HOLD,R1,HIGH129,5401,50,BASE,271,0.03507887626589133,28,372,PC+Cl__0178,PC 14:0_20:2
HOLD_R1_HIGH129,HOLD,R1,HIGH129,5401,51,BASE,277,0.0029034017160741643,62,105,PS-H__0107,PS 18:0_18:0
HOLD_R1_HIGH129,HOLD,R1,HIGH129,5401,52,BASE,283,0.0015217893129586188,74,267,PEO-H__0237,PE O-20:0_20:4
HOLD_R1_HIGH129,HOLD,R1,HIGH129,5401,53,BASE,284,0.006965233251819613,24,111,PS-H__0133,PS 18:1_18:3
HOLD_R1_HIGH129,HOLD,R1,HIGH129,5401,54,BASE,285,0.0024990073350468845,45,341,PG-H__0485,PG 17:1_20:4
HOLD_R1_HIGH129,HOLD,R1,HIGH129,5401,55,BASE,293,0.0013766143633431771,118,291,PG-H__0065,PG 18:0_18:3
HOLD_R1_HIGH129,HOLD,R1,HIGH129,5401,56,BASE,295,0.01088759997649656,111,122,PE-H__0079,PE 16:0_24:4
HOLD_R1_HIGH129,HOLD,R1,HIGH129,5401,57,BASE,298,0.027349346025652994,170,275,PEO-H__0320,PE O-20:3_20:3
HOLD_R1_HIGH129,HOLD,R1,HIGH129,5401,58,BASE,299,0.002688533754090185,70,224,PEO-H__0112,PE O-16:1_24:6
HOLD_R1_HIGH129,HOLD,R1,HIGH129,5401,59,BASE,302,0.0077394994338569065,165,182,PE-H__0255,PE 20:3_20:4
HOLD_R1_HIGH129,HOLD,R1,HIGH129,5401,60,BASE,308,0.004921008444491788,0,352,PCO+HCOO__0085,PC O-16:1_18:2
HOLD_R1_HIGH129,HOLD,R1,HIGH129,5401,61,BASE,313,0.004930928360130924,124,269,PEO-H__0263,PE O-20:1_20:2
HOLD_R1_HIGH129,HOLD,R1,HIGH129,5401,62,BASE,319,0.01505433904952393,7,365,PCO+CH3COO__0476,PC O-16:1_17:1
HOLD_R1_HIGH129,HOLD,R1,HIGH129,5401,63,BASE,321,0.0027067653831285873,128,238,PEO-H__0152,PE O-18:1_20:3
HOLD_R1_HIGH129,HOLD,R1,HIGH129,5401,64,BASE,323,0.0021282280458019428,125,323,PG-H__0104,PG 18:2_20:2
HOLD_R1_HIGH129,HOLD,R1,HIGH129,5401,65,BASE,329,0.004877012592005975,25,100,PS-H__0087,PS 20:0_16:1
HOLD_R1_HIGH129,HOLD,R1,HIGH129,5401,66,BASE,338,0.0025246432852639067,65,338,PG-H__0482,PG 17:1_20:1
HOLD_R1_HIGH129,HOLD,R1,HIGH129,5401,67,BASE,339,0.001027884660910343,14,106,PS-H__0108,PS 18:0_18:1
HOLD_R1_HIGH129,HOLD,R1,HIGH129,5401,68,BASE,349,0.005480474190915677,15,85,PS-H__0043,PS 14:0_22:1
HOLD_R1_HIGH129,HOLD,R1,HIGH129,5401,69,BASE,355,0.013064874170262345,132,257,PEO-H__0188,PE O-18:2_22:5
HOLD_R1_HIGH129,HOLD,R1,HIGH129,5401,70,BASE,375,0.0014836530613080638,104,154,PE-H__0157,PE 20:1_18:2
HOLD_R1_HIGH129,HOLD,R1,HIGH129,5401,71,BASE,378,0.0010918874494828912,107,179,PE-H__0238,PE 20:2_20:4
HOLD_R1_HIGH129,HOLD,R1,HIGH129,5401,72,BASE,381,0.0029140906919341543,115,20,PA-H__0144,PA 18:1_22:4
HOLD_R1_HIGH129,HOLD,R1,HIGH129,5401,73,BASE,382,0.04736858283734614,72,43,PA-H__0206,PA 20:0_22:3
HOLD_R1_HIGH129,HOLD,R1,HIGH129,5401,74,BASE,385,0.0010720296356095517,41,213,PEO-H__0077,PE O-16:0_22:6
HOLD_R1_HIGH129,HOLD,R1,HIGH129,5401,75,BASE,389,0.0010813103441311062,57,207,PE-H__0493,PE 17:1_22:6
HOLD_R1_HIGH129,HOLD,R1,HIGH129,5401,76,WEAK_EXTRA,28,0.00019298471843409116,5,0,PA-H__0075,PA 16:0_24:0
HOLD_R1_HIGH129,HOLD,R1,HIGH129,5401,77,WEAK_EXTRA,70,0.0002766531480450124,134,217,PEO-H__0102,PE O-16:1_22:3
HOLD_R1_HIGH129,HOLD,R1,HIGH129,5401,78,WEAK_EXTRA,81,0.0005828910463076359,17,108,PS-H__0110,PS 18:0_18:3
HOLD_R1_HIGH129,HOLD,R1,HIGH129,5401,79,WEAK_EXTRA,83,0.00012466062742097448,144,189,PE-H__0462,PE 17:0_20:3
HOLD_R1_HIGH129,HOLD,R1,HIGH129,5401,80,WEAK_EXTRA,93,0.0009133262048150343,81,158,PE-H__0161,PE 18:2_20:5
HOLD_R1_HIGH129,HOLD,R1,HIGH129,5401,81,WEAK_EXTRA,95,0.00020441490999468156,27,260,PEO-H__0211,PE O-18:3_22:0
HOLD_R1_HIGH129,HOLD,R1,HIGH129,5401,82,WEAK_EXTRA,100,0.00034560978002170936,171,273,PEO-H__0292,PE O-20:2_20:3
HOLD_R1_HIGH129,HOLD,R1,HIGH129,5401,83,WEAK_EXTRA,102,0.00010446412278531561,141,168,PE-H__0187,PE 18:3_22:4
HOLD_R1_HIGH129,HOLD,R1,HIGH129,5401,84,WEAK_EXTRA,112,0.00020891635591381217,130,253,PEO-H__0427,PE O-22:1_18:2
HOLD_R1_HIGH129,HOLD,R1,HIGH129,5401,85,WEAK_EXTRA,144,0.00011461121928420428,168,249,PEO-H__0179,PE O-18:2_20:2
HOLD_R1_HIGH129,HOLD,R1,HIGH129,5401,86,WEAK_EXTRA,155,0.000336562545089106,51,378,PC+Cl__0231,PC 14:1_20:1
HOLD_R1_HIGH129,HOLD,R1,HIGH129,5401,87,WEAK_EXTRA,159,0.00014888336600465032,75,305,PG-H__0083,PG 16:1_22:6
HOLD_R1_HIGH129,HOLD,R1,HIGH129,5401,88,WEAK_EXTRA,163,0.00016782430882945716,71,165,PE-H__0177,PE 20:0_18:3
HOLD_R1_HIGH129,HOLD,R1,HIGH129,5401,89,WEAK_EXTRA,180,0.00024682903434567247,58,30,PA-H__0169,PA 24:0_18:2
HOLD_R1_HIGH129,HOLD,R1,HIGH129,5401,90,WEAK_EXTRA,181,0.00011653856938781842,122,118,PE-H__0071,PE 16:0_22:3
HOLD_R1_HIGH129,HOLD,R1,HIGH129,5401,91,WEAK_EXTRA,184,0.00047126244045106415,151,13,PA-H__0128,PA 18:0_24:4
HOLD_R1_HIGH129,HOLD,R1,HIGH129,5401,92,WEAK_EXTRA,195,0.00010166563682168735,85,32,PA-H__0173,PA 18:2_24:4
HOLD_R1_HIGH129,HOLD,R1,HIGH129,5401,93,WEAK_EXTRA,210,0.0003860047944341988,112,266,PEO-H__0236,PE O-20:0_20:3
HOLD_R1_HIGH129,HOLD,R1,HIGH129,5401,94,WEAK_EXTRA,213,0.0009474994093928155,34,21,PA-H__0147,PA 24:0_18:1
HOLD_R1_HIGH129,HOLD,R1,HIGH129,5401,95,WEAK_EXTRA,217,0.0001948762153901351,127,314,PG-H__0095,PG 18:0_20:5
HOLD_R1_HIGH129,HOLD,R1,HIGH129,5401,96,WEAK_EXTRA,219,0.00014748128807229237,100,142,PE-H__0134,PE 20:0_18:1
HOLD_R1_HIGH129,HOLD,R1,HIGH129,5401,97,WEAK_EXTRA,221,0.0008107108044965733,64,18,PA-H__0142,PA 18:1_22:2
HOLD_R1_HIGH129,HOLD,R1,HIGH129,5401,98,WEAK_EXTRA,222,0.0008874047156349323,44,264,PEO-H__0217,PE O-18:3_22:6
HOLD_R1_HIGH129,HOLD,R1,HIGH129,5401,99,WEAK_EXTRA,223,0.0006133827737390984,164,123,PE-H__0080,PE 16:0_24:5
HOLD_R1_HIGH129,HOLD,R1,HIGH129,5401,100,WEAK_EXTRA,234,0.000861131244722505,117,25,PA-H__0153,PA 18:1_24:6
HOLD_R1_HIGH129,HOLD,R1,HIGH129,5401,101,WEAK_EXTRA,245,0.00021440577341842103,105,274,PEO-H__0293,PE O-20:2_20:4
HOLD_R1_HIGH129,HOLD,R1,HIGH129,5401,102,WEAK_EXTRA,247,0.0003120585453104667,68,33,PA-H__0174,PA 18:2_24:5
HOLD_R1_HIGH129,HOLD,R1,HIGH129,5401,103,WEAK_EXTRA,253,0.0002011803328361874,154,170,PE-H__0200,PE 20:0_20:3
HOLD_R1_HIGH129,HOLD,R1,HIGH129,5401,104,WEAK_EXTRA,255,0.0002266024120461379,54,340,PG-H__0484,PG 17:1_20:3
HOLD_R1_HIGH129,HOLD,R1,HIGH129,5401,105,WEAK_EXTRA,257,0.00014340052878777712,22,382,PC+Cl__0391,PC 16:0_18:1
HOLD_R1_HIGH129,HOLD,R1,HIGH129,5401,106,WEAK_EXTRA,260,0.0009546409426094432,20,335,PG-H__0478,PG 17:1_18:1
HOLD_R1_HIGH129,HOLD,R1,HIGH129,5401,107,WEAK_EXTRA,274,0.00041928088512172365,181,156,PE-H__0159,PE 18:2_20:3
HOLD_R1_HIGH129,HOLD,R1,HIGH129,5401,108,WEAK_EXTRA,276,0.00014535654204186118,92,140,PE-H__0122,PE 18:0_22:5
HOLD_R1_HIGH129,HOLD,R1,HIGH129,5401,109,WEAK_EXTRA,281,0.00022038298644851324,47,176,PE-H__0221,PE 20:1_20:5
HOLD_R1_HIGH129,HOLD,R1,HIGH129,5401,110,WEAK_EXTRA,287,0.00015116586893526305,147,144,PE-H__0136,PE 18:1_20:2
HOLD_R1_HIGH129,HOLD,R1,HIGH129,5401,111,WEAK_EXTRA,290,0.0005585769624929957,12,370,PC+Cl__0176,PC 14:0_20:0
HOLD_R1_HIGH129,HOLD,R1,HIGH129,5401,112,WEAK_EXTRA,294,0.00015521378133051393,137,205,PE-H__0491,PE 17:1_22:4
HOLD_R1_HIGH129,HOLD,R1,HIGH129,5401,113,WEAK_EXTRA,316,0.0008898126469400928,30,94,PS-H__0064,PS 16:0_20:2
HOLD_R1_HIGH129,HOLD,R1,HIGH129,5401,114,WEAK_EXTRA,318,0.00011464203031913555,120,236,PEO-H__0150,PE O-18:1_20:1
HOLD_R1_HIGH129,HOLD,R1,HIGH129,5401,115,WEAK_EXTRA,320,0.00031960020182543724,61,52,PA-H__0223,PA 20:1_22:1
HOLD_R1_HIGH129,HOLD,R1,HIGH129,5401,116,WEAK_EXTRA,327,0.000246995145258423,178,243,PEO-H__0158,PE O-18:1_22:3
HOLD_R1_HIGH129,HOLD,R1,HIGH129,5401,117,WEAK_EXTRA,330,0.0008545740559731959,37,64,PA-H__0258,PA 22:1_20:3
HOLD_R1_HIGH129,HOLD,R1,HIGH129,5401,118,WEAK_EXTRA,331,0.0006150128669024416,88,307,PG-H__0085,PG 18:3_20:4
HOLD_R1_HIGH129,HOLD,R1,HIGH129,5401,119,WEAK_EXTRA,336,0.00014707252780820287,40,59,PA-H__0237,PA 20:2_20:3
HOLD_R1_HIGH129,HOLD,R1,HIGH129,5401,120,WEAK_EXTRA,346,0.00047548410963250525,110,163,PE-H__0167,PE 18:2_22:5
HOLD_R1_HIGH129,HOLD,R1,HIGH129,5401,121,WEAK_EXTRA,348,0.0003787058110304037,158,162,PE-H__0166,PE 18:2_22:4
HOLD_R1_HIGH129,HOLD,R1,HIGH129,5401,122,WEAK_EXTRA,352,0.0002820332506612909,78,292,PG-H__0066,PG 18:1_18:2
HOLD_R1_HIGH129,HOLD,R1,HIGH129,5401,123,WEAK_EXTRA,361,0.00016665021246367798,2,113,PS-H__0456,PS 17:0_18:1
HOLD_R1_HIGH129,HOLD,R1,HIGH129,5401,124,WEAK_EXTRA,371,0.0008943196437131804,95,245,PEO-H__0160,PE O-18:1_22:5
HOLD_R1_HIGH129,HOLD,R1,HIGH129,5401,125,WEAK_EXTRA,376,0.00010222836766585937,161,216,PEO-H__0101,PE O-16:1_22:2
HOLD_R1_HIGH129,HOLD,R1,HIGH129,5401,126,WEAK_EXTRA,379,0.00022025515788821187,175,138,PE-H__0120,PE 18:0_22:3
HOLD_R1_HIGH129,HOLD,R1,HIGH129,5401,127,WEAK_EXTRA,383,0.0007008890517956318,102,311,PG-H__0090,PG 18:2_20:4
HOLD_R1_HIGH129,HOLD,R1,HIGH129,5401,128,WEAK_EXTRA,390,0.00019123220818741032,10,114,PS-H__0457,PS 17:0_18:2
CAL_R2_BASE76,CAL,R2,BASE76,5402,0,BASE,47,0.0012204861544833515,62,109,PS-H__0131,PS 18:1_18:1
CAL_R2_BASE76,CAL,R2,BASE76,5402,1,BASE,84,0.004943039691070102,72,37,PA-H__0199,PA 20:0_20:2
CAL_R2_BASE76,CAL,R2,BASE76,5402,2,BASE,85,0.007469897935364135,91,263,PEO-H__0216,PE O-18:3_22:5
CAL_R2_BASE76,CAL,R2,BASE76,5402,3,BASE,86,0.0035910531830547748,32,101,PS-H__0088,PS 16:1_20:1
CAL_R2_BASE76,CAL,R2,BASE76,5402,4,BASE,90,0.018849844165172713,180,148,PE-H__0142,PE 18:1_22:2
CAL_R2_BASE76,CAL,R2,BASE76,5402,5,BASE,94,0.003465598543634408,55,55,PA-H__0226,PA 20:1_22:4
CAL_R2_BASE76,CAL,R2,BASE76,5402,6,BASE,101,0.003767493836187643,155,3,PA-H__0080,PA 16:0_24:5
CAL_R2_BASE76,CAL,R2,BASE76,5402,7,BASE,106,0.07104063590718107,7,374,PC+Cl__0180,PC 14:0_20:4
CAL_R2_BASE76,CAL,R2,BASE76,5402,8,BASE,107,0.004019268843843552,98,49,PA-H__0219,PA 20:1_20:3
CAL_R2_BASE76,CAL,R2,BASE76,5402,9,BASE,109,0.07337007264323502,118,301,PG-H__0077,PG 18:0_18:1
CAL_R2_BASE76,CAL,R2,BASE76,5402,10,BASE,119,0.02052518620541731,65,339,PG-H__0483,PG 17:1_20:2
CAL_R2_BASE76,CAL,R2,BASE76,5402,11,BASE,121,0.056662870395508505,70,208,PEO-H__0072,PE O-16:0_22:1
CAL_R2_BASE76,CAL,R2,BASE76,5402,12,BASE,133,0.002910685452931968,172,202,PE-H__0485,PE 17:1_20:4
CAL_R2_BASE76,CAL,R2,BASE76,5402,13,BASE,136,0.10008111490599345,104,203,PE-H__0488,PE 17:1_22:1
CAL_R2_BASE76,CAL,R2,BASE76,5402,14,BASE,137,0.0011026387225491967,15,84,PS-H__0042,PS 14:0_22:0
CAL_R2_BASE76,CAL,R2,BASE76,5402,15,BASE,139,0.0224243672740242,50,5,PA-H__0117,PA 18:0_22:0
CAL_R2_BASE76,CAL,R2,BASE76,5402,16,BASE,141,0.2430186358557401,25,110,PS-H__0132,PS 18:1_18:2
CAL_R2_BASE76,CAL,R2,BASE76,5402,17,BASE,143,0.004431943002525114,148,204,PE-H__0490,PE 17:1_22:3
CAL_R2_BASE76,CAL,R2,BASE76,5402,18,BASE,145,0.003302428208099872,115,36,PA-H__0198,PA 20:0_20:1
CAL_R2_BASE76,CAL,R2,BASE76,5402,19,BASE,146,0.02906358388086082,114,313,PG-H__0094,PG 16:1_22:4
CAL_R2_BASE76,CAL,R2,BASE76,5402,20,BASE,152,0.042849456658358986,170,231,PEO-H__0129,PE O-18:0_22:2
CAL_R2_BASE76,CAL,R2,BASE76,5402,21,BASE,154,0.001110697252484861,52,197,PE-H__0471,PE 17:0_22:6
CAL_R2_BASE76,CAL,R2,BASE76,5402,22,BASE,164,0.00235098424323507,140,285,PG-H__0058,PG 16:1_20:3
CAL_R2_BASE76,CAL,R2,BASE76,5402,23,BASE,166,0.0022194340215394427,165,160,PE-H__0164,PE 18:2_22:2
CAL_R2_BASE76,CAL,R2,BASE76,5402,24,BASE,171,0.014489468912776554,84,75,PA-H__0289,PA 22:1_20:5
CAL_R2_BASE76,CAL,R2,BASE76,5402,25,BASE,175,0.02055197359367885,80,155,PE-H__0158,PE 18:2_20:2
CAL_R2_BASE76,CAL,R2,BASE76,5402,26,BASE,179,0.0030435813548569195,14,98,PS-H__0083,PS 18:0_16:1
CAL_R2_BASE76,CAL,R2,BASE76,5402,27,BASE,182,0.012733364138250759,18,387,PC+Cl__0444,PC 16:1_18:2
CAL_R2_BASE76,CAL,R2,BASE76,5402,28,BASE,197,0.0011542058237190786,60,74,PA-H__0279,PA 20:4_22:6
CAL_R2_BASE76,CAL,R2,BASE76,5402,29,BASE,211,0.0017796236226615485,145,318,PG-H__0099,PG 14:0_24:4
CAL_R2_BASE76,CAL,R2,BASE76,5402,30,BASE,212,0.004328126221311399,121,23,PA-H__0151,PA 18:1_24:4
CAL_R2_BASE76,CAL,R2,BASE76,5402,31,BASE,215,0.0015122085889088548,167,287,PG-H__0060,PG 18:2_18:2
CAL_R2_BASE76,CAL,R2,BASE76,5402,32,BASE,216,0.0011527609331009674,183,177,PE-H__0236,PE 20:2_20:2
CAL_R2_BASE76,CAL,R2,BASE76,5402,33,BASE,218,0.006355509415755673,0,351,PCO+HCOO__0084,PC O-16:1_18:1
CAL_R2_BASE76,CAL,R2,BASE76,5402,34,BASE,220,0.0011994730470494266,160,284,PG-H__0057,PG 16:0_20:4
CAL_R2_BASE76,CAL,R2,BASE76,5402,35,BASE,224,0.0012682269332131278,1,375,PC+Cl__0219,PC 14:1_17:1
CAL_R2_BASE76,CAL,R2,BASE76,5402,36,BASE,227,0.0030493404632940427,132,171,PE-H__0201,PE 20:0_20:4
CAL_R2_BASE76,CAL,R2,BASE76,5402,37,BASE,228,0.008688431049173717,111,151,PE-H__0145,PE 18:1_22:5
CAL_R2_BASE76,CAL,R2,BASE76,5402,38,BASE,229,0.0030317644321426504,67,35,PA-H__0197,PA 20:0_20:0
CAL_R2_BASE76,CAL,R2,BASE76,5402,39,BASE,235,0.0016766063349577076,152,57,PA-H__0228,PA 20:1_22:6
CAL_R2_BASE76,CAL,R2,BASE76,5402,40,BASE,236,0.01143571348543155,97,280,PG-H__0052,PG 16:0_20:5
CAL_R2_BASE76,CAL,R2,BASE76,5402,41,BASE,237,0.0036867645692421785,131,198,PE-H__0481,PE 20:0_17:1
CAL_R2_BASE76,CAL,R2,BASE76,5402,42,BASE,239,0.0616082453322032,107,175,PE-H__0220,PE 20:1_20:4
CAL_R2_BASE76,CAL,R2,BASE76,5402,43,BASE,244,0.014933578264642325,108,282,PG-H__0054,PG 18:2_18:3
CAL_R2_BASE76,CAL,R2,BASE76,5402,44,BASE,246,0.08362738739149775,21,389,PC+Cl__0658,PC 17:0_17:1
CAL_R2_BASE76,CAL,R2,BASE76,5402,45,BASE,248,0.0020214254411057542,87,212,PEO-H__0076,PE O-16:0_22:5
CAL_R2_BASE76,CAL,R2,BASE76,5402,46,BASE,256,0.004230347797652717,94,19,PA-H__0143,PA 18:1_22:3
CAL_R2_BASE76,CAL,R2,BASE76,5402,47,BASE,258,0.03957136601458654,38,124,PE-H__0081,PE 16:0_24:6
CAL_R2_BASE76,CAL,R2,BASE76,5402,48,BASE,266,0.001070504924346424,177,294,PG-H__0069,PG 16:0_20:2
CAL_R2_BASE76,CAL,R2,BASE76,5402,49,BASE,267,0.004121898148795869,41,166,PE-H__0178,PE 20:1_18:3
CAL_R2_BASE76,CAL,R2,BASE76,5402,50,BASE,271,0.03507887626589133,150,200,PE-H__0483,PE 17:1_20:2
CAL_R2_BASE76,CAL,R2,BASE76,5402,51,BASE,277,0.0029034017160741643,74,252,PEO-H__0183,PE O-18:2_22:0
CAL_R2_BASE76,CAL,R2,BASE76,5402,52,BASE,283,0.0015217893129586188,11,97,PS-H__0067,PS 16:0_20:5
CAL_R2_BASE76,CAL,R2,BASE76,5402,53,BASE,284,0.006965233251819613,24,92,PS-H__0062,PS 16:0_20:0
CAL_R2_BASE76,CAL,R2,BASE76,5402,54,BASE,285,0.0024990073350468845,125,342,PG-H__0502,PG 17:0_17:0
CAL_R2_BASE76,CAL,R2,BASE76,5402,55,BASE,293,0.0013766143633431771,162,242,PEO-H__0157,PE O-18:1_22:2
CAL_R2_BASE76,CAL,R2,BASE76,5402,56,BASE,295,0.01088759997649656,8,221,PEO-H__0107,PE O-16:1_24:1
CAL_R2_BASE76,CAL,R2,BASE76,5402,57,BASE,298,0.027349346025652994,90,281,PG-H__0053,PG 16:1_20:4
CAL_R2_BASE76,CAL,R2,BASE76,5402,58,BASE,299,0.002688533754090185,4,336,PG-H__0479,PG 17:1_18:2
CAL_R2_BASE76,CAL,R2,BASE76,5402,59,BASE,302,0.0077394994338569065,101,194,PE-H__0468,PE 17:0_22:3
CAL_R2_BASE76,CAL,R2,BASE76,5402,60,BASE,308,0.004921008444491788,57,164,PE-H__0168,PE 18:2_22:6
CAL_R2_BASE76,CAL,R2,BASE76,5402,61,BASE,313,0.004930928360130924,174,297,PG-H__0072,PG 18:1_18:1
CAL_R2_BASE76,CAL,R2,BASE76,5402,62,BASE,319,0.01505433904952393,138,44,PA-H__0207,PA 20:0_22:4
CAL_R2_BASE76,CAL,R2,BASE76,5402,63,BASE,321,0.0027067653831285873,31,71,PA-H__0276,PA 22:3_20:4
CAL_R2_BASE76,CAL,R2,BASE76,5402,64,BASE,323,0.0021282280458019428,135,293,PG-H__0068,PG 14:0_22:2
CAL_R2_BASE76,CAL,R2,BASE76,5402,65,BASE,329,0.004877012592005975,82,316,PG-H__0097,PG 18:2_20:3
CAL_R2_BASE76,CAL,R2,BASE76,5402,66,BASE,338,0.0025246432852639067,128,241,PEO-H__0156,PE O-18:1_22:1
CAL_R2_BASE76,CAL,R2,BASE76,5402,67,BASE,339,0.001027884660910343,77,95,PS-H__0065,PS 16:0_20:3
CAL_R2_BASE76,CAL,R2,BASE76,5402,68,BASE,349,0.005480474190915677,35,383,PC+Cl__0392,PC 16:0_18:2
CAL_R2_BASE76,CAL,R2,BASE76,5402,69,BASE,355,0.013064874170262345,45,333,PG-H__0464,PG 17:0_20:5
CAL_R2_BASE76,CAL,R2,BASE76,5402,70,BASE,375,0.0014836530613080638,48,235,PEO-H__0133,PE O-18:0_22:6
CAL_R2_BASE76,CAL,R2,BASE76,5402,71,BASE,378,0.0010918874494828912,142,330,PG-H__0461,PG 17:0_20:2
CAL_R2_BASE76,CAL,R2,BASE76,5402,72,BASE,381,0.0029140906919341543,124,244,PEO-H__0159,PE O-18:1_22:4
CAL_R2_BASE76,CAL,R2,BASE76,5402,73,BASE,382,0.04736858283734614,28,384,PC+Cl__0435,PC 16:1_16:1
CAL_R2_BASE76,CAL,R2,BASE76,5402,74,BASE,385,0.0010720296356095517,42,93,PS-H__0063,PS 16:0_20:1
CAL_R2_BASE76,CAL,R2,BASE76,5402,75,BASE,389,0.0010813103441311062,157,121,PE-H__0074,PE 16:0_22:6
CAL_R2_HIGH129,CAL,R2,HIGH129,5402,0,BASE,47,0.0012204861544833515,62,109,PS-H__0131,PS 18:1_18:1
CAL_R2_HIGH129,CAL,R2,HIGH129,5402,1,BASE,84,0.004943039691070102,72,37,PA-H__0199,PA 20:0_20:2
CAL_R2_HIGH129,CAL,R2,HIGH129,5402,2,BASE,85,0.007469897935364135,91,263,PEO-H__0216,PE O-18:3_22:5
CAL_R2_HIGH129,CAL,R2,HIGH129,5402,3,BASE,86,0.0035910531830547748,32,101,PS-H__0088,PS 16:1_20:1
CAL_R2_HIGH129,CAL,R2,HIGH129,5402,4,BASE,90,0.018849844165172713,180,148,PE-H__0142,PE 18:1_22:2
CAL_R2_HIGH129,CAL,R2,HIGH129,5402,5,BASE,94,0.003465598543634408,55,55,PA-H__0226,PA 20:1_22:4
CAL_R2_HIGH129,CAL,R2,HIGH129,5402,6,BASE,101,0.003767493836187643,155,3,PA-H__0080,PA 16:0_24:5
CAL_R2_HIGH129,CAL,R2,HIGH129,5402,7,BASE,106,0.07104063590718107,7,374,PC+Cl__0180,PC 14:0_20:4
CAL_R2_HIGH129,CAL,R2,HIGH129,5402,8,BASE,107,0.004019268843843552,98,49,PA-H__0219,PA 20:1_20:3
CAL_R2_HIGH129,CAL,R2,HIGH129,5402,9,BASE,109,0.07337007264323502,118,301,PG-H__0077,PG 18:0_18:1
CAL_R2_HIGH129,CAL,R2,HIGH129,5402,10,BASE,119,0.02052518620541731,65,339,PG-H__0483,PG 17:1_20:2
CAL_R2_HIGH129,CAL,R2,HIGH129,5402,11,BASE,121,0.056662870395508505,70,208,PEO-H__0072,PE O-16:0_22:1
CAL_R2_HIGH129,CAL,R2,HIGH129,5402,12,BASE,133,0.002910685452931968,172,202,PE-H__0485,PE 17:1_20:4
CAL_R2_HIGH129,CAL,R2,HIGH129,5402,13,BASE,136,0.10008111490599345,104,203,PE-H__0488,PE 17:1_22:1
CAL_R2_HIGH129,CAL,R2,HIGH129,5402,14,BASE,137,0.0011026387225491967,15,84,PS-H__0042,PS 14:0_22:0
CAL_R2_HIGH129,CAL,R2,HIGH129,5402,15,BASE,139,0.0224243672740242,50,5,PA-H__0117,PA 18:0_22:0
CAL_R2_HIGH129,CAL,R2,HIGH129,5402,16,BASE,141,0.2430186358557401,25,110,PS-H__0132,PS 18:1_18:2
CAL_R2_HIGH129,CAL,R2,HIGH129,5402,17,BASE,143,0.004431943002525114,148,204,PE-H__0490,PE 17:1_22:3
CAL_R2_HIGH129,CAL,R2,HIGH129,5402,18,BASE,145,0.003302428208099872,115,36,PA-H__0198,PA 20:0_20:1
CAL_R2_HIGH129,CAL,R2,HIGH129,5402,19,BASE,146,0.02906358388086082,114,313,PG-H__0094,PG 16:1_22:4
CAL_R2_HIGH129,CAL,R2,HIGH129,5402,20,BASE,152,0.042849456658358986,170,231,PEO-H__0129,PE O-18:0_22:2
CAL_R2_HIGH129,CAL,R2,HIGH129,5402,21,BASE,154,0.001110697252484861,52,197,PE-H__0471,PE 17:0_22:6
CAL_R2_HIGH129,CAL,R2,HIGH129,5402,22,BASE,164,0.00235098424323507,140,285,PG-H__0058,PG 16:1_20:3
CAL_R2_HIGH129,CAL,R2,HIGH129,5402,23,BASE,166,0.0022194340215394427,165,160,PE-H__0164,PE 18:2_22:2
CAL_R2_HIGH129,CAL,R2,HIGH129,5402,24,BASE,171,0.014489468912776554,84,75,PA-H__0289,PA 22:1_20:5
CAL_R2_HIGH129,CAL,R2,HIGH129,5402,25,BASE,175,0.02055197359367885,80,155,PE-H__0158,PE 18:2_20:2
CAL_R2_HIGH129,CAL,R2,HIGH129,5402,26,BASE,179,0.0030435813548569195,14,98,PS-H__0083,PS 18:0_16:1
CAL_R2_HIGH129,CAL,R2,HIGH129,5402,27,BASE,182,0.012733364138250759,18,387,PC+Cl__0444,PC 16:1_18:2
CAL_R2_HIGH129,CAL,R2,HIGH129,5402,28,BASE,197,0.0011542058237190786,60,74,PA-H__0279,PA 20:4_22:6
CAL_R2_HIGH129,CAL,R2,HIGH129,5402,29,BASE,211,0.0017796236226615485,145,318,PG-H__0099,PG 14:0_24:4
CAL_R2_HIGH129,CAL,R2,HIGH129,5402,30,BASE,212,0.004328126221311399,121,23,PA-H__0151,PA 18:1_24:4
CAL_R2_HIGH129,CAL,R2,HIGH129,5402,31,BASE,215,0.0015122085889088548,167,287,PG-H__0060,PG 18:2_18:2
CAL_R2_HIGH129,CAL,R2,HIGH129,5402,32,BASE,216,0.0011527609331009674,183,177,PE-H__0236,PE 20:2_20:2
CAL_R2_HIGH129,CAL,R2,HIGH129,5402,33,BASE,218,0.006355509415755673,0,351,PCO+HCOO__0084,PC O-16:1_18:1
CAL_R2_HIGH129,CAL,R2,HIGH129,5402,34,BASE,220,0.0011994730470494266,160,284,PG-H__0057,PG 16:0_20:4
CAL_R2_HIGH129,CAL,R2,HIGH129,5402,35,BASE,224,0.0012682269332131278,1,375,PC+Cl__0219,PC 14:1_17:1
CAL_R2_HIGH129,CAL,R2,HIGH129,5402,36,BASE,227,0.0030493404632940427,132,171,PE-H__0201,PE 20:0_20:4
CAL_R2_HIGH129,CAL,R2,HIGH129,5402,37,BASE,228,0.008688431049173717,111,151,PE-H__0145,PE 18:1_22:5
CAL_R2_HIGH129,CAL,R2,HIGH129,5402,38,BASE,229,0.0030317644321426504,67,35,PA-H__0197,PA 20:0_20:0
CAL_R2_HIGH129,CAL,R2,HIGH129,5402,39,BASE,235,0.0016766063349577076,152,57,PA-H__0228,PA 20:1_22:6
CAL_R2_HIGH129,CAL,R2,HIGH129,5402,40,BASE,236,0.01143571348543155,97,280,PG-H__0052,PG 16:0_20:5
CAL_R2_HIGH129,CAL,R2,HIGH129,5402,41,BASE,237,0.0036867645692421785,131,198,PE-H__0481,PE 20:0_17:1
CAL_R2_HIGH129,CAL,R2,HIGH129,5402,42,BASE,239,0.0616082453322032,107,175,PE-H__0220,PE 20:1_20:4
CAL_R2_HIGH129,CAL,R2,HIGH129,5402,43,BASE,244,0.014933578264642325,108,282,PG-H__0054,PG 18:2_18:3
CAL_R2_HIGH129,CAL,R2,HIGH129,5402,44,BASE,246,0.08362738739149775,21,389,PC+Cl__0658,PC 17:0_17:1
CAL_R2_HIGH129,CAL,R2,HIGH129,5402,45,BASE,248,0.0020214254411057542,87,212,PEO-H__0076,PE O-16:0_22:5
CAL_R2_HIGH129,CAL,R2,HIGH129,5402,46,BASE,256,0.004230347797652717,94,19,PA-H__0143,PA 18:1_22:3
CAL_R2_HIGH129,CAL,R2,HIGH129,5402,47,BASE,258,0.03957136601458654,38,124,PE-H__0081,PE 16:0_24:6
CAL_R2_HIGH129,CAL,R2,HIGH129,5402,48,BASE,266,0.001070504924346424,177,294,PG-H__0069,PG 16:0_20:2
CAL_R2_HIGH129,CAL,R2,HIGH129,5402,49,BASE,267,0.004121898148795869,41,166,PE-H__0178,PE 20:1_18:3
CAL_R2_HIGH129,CAL,R2,HIGH129,5402,50,BASE,271,0.03507887626589133,150,200,PE-H__0483,PE 17:1_20:2
CAL_R2_HIGH129,CAL,R2,HIGH129,5402,51,BASE,277,0.0029034017160741643,74,252,PEO-H__0183,PE O-18:2_22:0
CAL_R2_HIGH129,CAL,R2,HIGH129,5402,52,BASE,283,0.0015217893129586188,11,97,PS-H__0067,PS 16:0_20:5
CAL_R2_HIGH129,CAL,R2,HIGH129,5402,53,BASE,284,0.006965233251819613,24,92,PS-H__0062,PS 16:0_20:0
CAL_R2_HIGH129,CAL,R2,HIGH129,5402,54,BASE,285,0.0024990073350468845,125,342,PG-H__0502,PG 17:0_17:0
CAL_R2_HIGH129,CAL,R2,HIGH129,5402,55,BASE,293,0.0013766143633431771,162,242,PEO-H__0157,PE O-18:1_22:2
CAL_R2_HIGH129,CAL,R2,HIGH129,5402,56,BASE,295,0.01088759997649656,8,221,PEO-H__0107,PE O-16:1_24:1
CAL_R2_HIGH129,CAL,R2,HIGH129,5402,57,BASE,298,0.027349346025652994,90,281,PG-H__0053,PG 16:1_20:4
CAL_R2_HIGH129,CAL,R2,HIGH129,5402,58,BASE,299,0.002688533754090185,4,336,PG-H__0479,PG 17:1_18:2
CAL_R2_HIGH129,CAL,R2,HIGH129,5402,59,BASE,302,0.0077394994338569065,101,194,PE-H__0468,PE 17:0_22:3
CAL_R2_HIGH129,CAL,R2,HIGH129,5402,60,BASE,308,0.004921008444491788,57,164,PE-H__0168,PE 18:2_22:6
CAL_R2_HIGH129,CAL,R2,HIGH129,5402,61,BASE,313,0.004930928360130924,174,297,PG-H__0072,PG 18:1_18:1
CAL_R2_HIGH129,CAL,R2,HIGH129,5402,62,BASE,319,0.01505433904952393,138,44,PA-H__0207,PA 20:0_22:4
CAL_R2_HIGH129,CAL,R2,HIGH129,5402,63,BASE,321,0.0027067653831285873,31,71,PA-H__0276,PA 22:3_20:4
CAL_R2_HIGH129,CAL,R2,HIGH129,5402,64,BASE,323,0.0021282280458019428,135,293,PG-H__0068,PG 14:0_22:2
CAL_R2_HIGH129,CAL,R2,HIGH129,5402,65,BASE,329,0.004877012592005975,82,316,PG-H__0097,PG 18:2_20:3
CAL_R2_HIGH129,CAL,R2,HIGH129,5402,66,BASE,338,0.0025246432852639067,128,241,PEO-H__0156,PE O-18:1_22:1
CAL_R2_HIGH129,CAL,R2,HIGH129,5402,67,BASE,339,0.001027884660910343,77,95,PS-H__0065,PS 16:0_20:3
CAL_R2_HIGH129,CAL,R2,HIGH129,5402,68,BASE,349,0.005480474190915677,35,383,PC+Cl__0392,PC 16:0_18:2
CAL_R2_HIGH129,CAL,R2,HIGH129,5402,69,BASE,355,0.013064874170262345,45,333,PG-H__0464,PG 17:0_20:5
CAL_R2_HIGH129,CAL,R2,HIGH129,5402,70,BASE,375,0.0014836530613080638,48,235,PEO-H__0133,PE O-18:0_22:6
CAL_R2_HIGH129,CAL,R2,HIGH129,5402,71,BASE,378,0.0010918874494828912,142,330,PG-H__0461,PG 17:0_20:2
CAL_R2_HIGH129,CAL,R2,HIGH129,5402,72,BASE,381,0.0029140906919341543,124,244,PEO-H__0159,PE O-18:1_22:4
CAL_R2_HIGH129,CAL,R2,HIGH129,5402,73,BASE,382,0.04736858283734614,28,384,PC+Cl__0435,PC 16:1_16:1
CAL_R2_HIGH129,CAL,R2,HIGH129,5402,74,BASE,385,0.0010720296356095517,42,93,PS-H__0063,PS 16:0_20:1
CAL_R2_HIGH129,CAL,R2,HIGH129,5402,75,BASE,389,0.0010813103441311062,157,121,PE-H__0074,PE 16:0_22:6
CAL_R2_HIGH129,CAL,R2,HIGH129,5402,76,WEAK_EXTRA,28,0.00019298471843409116,20,329,PG-H__0460,PG 17:0_20:1
CAL_R2_HIGH129,CAL,R2,HIGH129,5402,77,WEAK_EXTRA,70,0.0002766531480450124,64,26,PA-H__0162,PA 22:0_18:2
CAL_R2_HIGH129,CAL,R2,HIGH129,5402,78,WEAK_EXTRA,81,0.0005828910463076359,22,371,PC+Cl__0177,PC 14:0_20:1
CAL_R2_HIGH129,CAL,R2,HIGH129,5402,79,WEAK_EXTRA,83,0.00012466062742097448,161,276,PEO-H__0321,PE O-20:3_20:4
CAL_R2_HIGH129,CAL,R2,HIGH129,5402,80,WEAK_EXTRA,93,0.0009133262048150343,2,91,PS-H__0060,PS 16:0_18:2
CAL_R2_HIGH129,CAL,R2,HIGH129,5402,81,WEAK_EXTRA,95,0.00020441490999468156,134,262,PEO-H__0215,PE O-18:3_22:4
CAL_R2_HIGH129,CAL,R2,HIGH129,5402,82,WEAK_EXTRA,100,0.00034560978002170936,81,153,PE-H__0156,PE 20:0_18:2
CAL_R2_HIGH129,CAL,R2,HIGH129,5402,83,WEAK_EXTRA,102,0.00010446412278531561,85,42,PA-H__0205,PA 20:0_22:2
CAL_R2_HIGH129,CAL,R2,HIGH129,5402,84,WEAK_EXTRA,112,0.00020891635591381217,175,174,PE-H__0219,PE 20:1_20:3
CAL_R2_HIGH129,CAL,R2,HIGH129,5402,85,WEAK_EXTRA,144,0.00011461121928420428,147,187,PE-H__0460,PE 17:0_20:1
CAL_R2_HIGH129,CAL,R2,HIGH129,5402,86,WEAK_EXTRA,155,0.000336562545089106,164,188,PE-H__0461,PE 17:0_20:2
CAL_R2_HIGH129,CAL,R2,HIGH129,5402,87,WEAK_EXTRA,159,0.00014888336600465032,102,310,PG-H__0089,PG 18:1_20:5
CAL_R2_HIGH129,CAL,R2,HIGH129,5402,88,WEAK_EXTRA,163,0.00016782430882945716,158,149,PE-H__0143,PE 18:1_22:3
CAL_R2_HIGH129,CAL,R2,HIGH129,5402,89,WEAK_EXTRA,180,0.00024682903434567247,110,206,PE-H__0492,PE 17:1_22:5
CAL_R2_HIGH129,CAL,R2,HIGH129,5402,90,WEAK_EXTRA,181,0.00011653856938781842,54,308,PG-H__0087,PG 16:0_22:6
CAL_R2_HIGH129,CAL,R2,HIGH129,5402,91,WEAK_EXTRA,184,0.00047126244045106415,30,90,PS-H__0059,PS 16:0_18:1
CAL_R2_HIGH129,CAL,R2,HIGH129,5402,92,WEAK_EXTRA,195,0.00010166563682168735,112,268,PEO-H__0262,PE O-20:1_20:1
CAL_R2_HIGH129,CAL,R2,HIGH129,5402,93,WEAK_EXTRA,210,0.0003860047944341988,17,89,PS-H__0058,PS 16:0_18:0
CAL_R2_HIGH129,CAL,R2,HIGH129,5402,94,WEAK_EXTRA,213,0.0009474994093928155,151,39,PA-H__0201,PA 20:0_20:4
CAL_R2_HIGH129,CAL,R2,HIGH129,5402,95,WEAK_EXTRA,217,0.0001948762153901351,61,28,PA-H__0164,PA 18:2_22:2
CAL_R2_HIGH129,CAL,R2,HIGH129,5402,96,WEAK_EXTRA,219,0.00014748128807229237,51,373,PC+Cl__0179,PC 14:0_20:3
CAL_R2_HIGH129,CAL,R2,HIGH129,5402,97,WEAK_EXTRA,221,0.0008107108044965733,137,150,PE-H__0144,PE 18:1_22:4
CAL_R2_HIGH129,CAL,R2,HIGH129,5402,98,WEAK_EXTRA,222,0.0008874047156349323,127,312,PG-H__0093,PG 16:0_22:5
CAL_R2_HIGH129,CAL,R2,HIGH129,5402,99,WEAK_EXTRA,223,0.0006133827737390984,105,226,PEO-H__0123,PE O-18:0_20:2
CAL_R2_HIGH129,CAL,R2,HIGH129,5402,100,WEAK_EXTRA,234,0.000861131244722505,100,147,PE-H__0139,PE 18:1_20:5
CAL_R2_HIGH129,CAL,R2,HIGH129,5402,101,WEAK_EXTRA,245,0.00021440577341842103,37,48,PA-H__0218,PA 20:1_20:2
CAL_R2_HIGH129,CAL,R2,HIGH129,5402,102,WEAK_EXTRA,247,0.0003120585453104667,171,272,PEO-H__0291,PE O-20:2_20:2
CAL_R2_HIGH129,CAL,R2,HIGH129,5402,103,WEAK_EXTRA,253,0.0002011803328361874,168,261,PEO-H__0214,PE O-18:3_22:3
CAL_R2_HIGH129,CAL,R2,HIGH129,5402,104,WEAK_EXTRA,255,0.0002266024120461379,154,239,PEO-H__0153,PE O-18:1_20:4
CAL_R2_HIGH129,CAL,R2,HIGH129,5402,105,WEAK_EXTRA,257,0.00014340052878777712,130,191,PE-H__0464,PE 17:0_20:5
CAL_R2_HIGH129,CAL,R2,HIGH129,5402,106,WEAK_EXTRA,260,0.0009546409426094432,117,34,PA-H__0175,PA 18:2_24:6
CAL_R2_HIGH129,CAL,R2,HIGH129,5402,107,WEAK_EXTRA,274,0.00041928088512172365,141,127,PE-H__0095,PE 16:1_22:2
CAL_R2_HIGH129,CAL,R2,HIGH129,5402,108,WEAK_EXTRA,276,0.00014535654204186118,71,172,PE-H__0202,PE 20:0_20:5
CAL_R2_HIGH129,CAL,R2,HIGH129,5402,109,WEAK_EXTRA,281,0.00022038298644851324,40,69,PA-H__0274,PA 22:1_20:4
CAL_R2_HIGH129,CAL,R2,HIGH129,5402,110,WEAK_EXTRA,287,0.00015116586893526305,44,186,PE-H__0459,PE 17:0_20:0
CAL_R2_HIGH129,CAL,R2,HIGH129,5402,111,WEAK_EXTRA,290,0.0005585769624929957,78,286,PG-H__0059,PG 18:1_18:3
CAL_R2_HIGH129,CAL,R2,HIGH129,5402,112,WEAK_EXTRA,294,0.00015521378133051393,75,306,PG-H__0084,PG 18:2_20:5
CAL_R2_HIGH129,CAL,R2,HIGH129,5402,113,WEAK_EXTRA,316,0.0008898126469400928,88,309,PG-H__0088,PG 16:1_22:5
CAL_R2_HIGH129,CAL,R2,HIGH129,5402,114,WEAK_EXTRA,318,0.00011464203031913555,34,66,PA-H__0261,PA 20:3_22:4
CAL_R2_HIGH129,CAL,R2,HIGH129,5402,115,WEAK_EXTRA,320,0.00031960020182543724,47,180,PE-H__0239,PE 20:2_20:5
CAL_R2_HIGH129,CAL,R2,HIGH129,5402,116,WEAK_EXTRA,327,0.000246995145258423,5,81,PA-H__0371,PA 22:6_22:6
CAL_R2_HIGH129,CAL,R2,HIGH129,5402,117,WEAK_EXTRA,330,0.0008545740559731959,144,232,PEO-H__0130,PE O-18:0_22:3
CAL_R2_HIGH129,CAL,R2,HIGH129,5402,118,WEAK_EXTRA,331,0.0006150128669024416,92,196,PE-H__0470,PE 17:0_22:5
CAL_R2_HIGH129,CAL,R2,HIGH129,5402,119,WEAK_EXTRA,336,0.00014707252780820287,181,178,PE-H__0237,PE 20:2_20:3
CAL_R2_HIGH129,CAL,R2,HIGH129,5402,120,WEAK_EXTRA,346,0.00047548410963250525,58,63,PA-H__0257,PA 22:0_20:3
CAL_R2_HIGH129,CAL,R2,HIGH129,5402,121,WEAK_EXTRA,348,0.0003787058110304037,12,381,PC+Cl__0390,PC 16:0_18:0
CAL_R2_HIGH129,CAL,R2,HIGH129,5402,122,WEAK_EXTRA,352,0.0002820332506612909,95,225,PEO-H__0122,PE O-18:0_20:1
CAL_R2_HIGH129,CAL,R2,HIGH129,5402,123,WEAK_EXTRA,361,0.00016665021246367798,120,265,PEO-H__0235,PE O-20:0_20:2
CAL_R2_HIGH129,CAL,R2,HIGH129,5402,124,WEAK_EXTRA,371,0.0008943196437131804,68,73,PA-H__0278,PA 20:4_22:5
CAL_R2_HIGH129,CAL,R2,HIGH129,5402,125,WEAK_EXTRA,376,0.00010222836766585937,178,250,PEO-H__0180,PE O-18:2_20:3
CAL_R2_HIGH129,CAL,R2,HIGH129,5402,126,WEAK_EXTRA,379,0.00022025515788821187,27,350,PCO+HCOO__0083,PC O-16:1_18:0
CAL_R2_HIGH129,CAL,R2,HIGH129,5402,127,WEAK_EXTRA,383,0.0007008890517956318,10,88,PS-H__0046,PS 14:0_22:4
CAL_R2_HIGH129,CAL,R2,HIGH129,5402,128,WEAK_EXTRA,390,0.00019123220818741032,122,169,PE-H__0188,PE 18:3_22:5
HOLD_R2_BASE76,HOLD,R2,BASE76,5402,0,BASE,47,0.0012204861544833515,62,105,PS-H__0107,PS 18:0_18:0
HOLD_R2_BASE76,HOLD,R2,BASE76,5402,1,BASE,84,0.004943039691070102,72,43,PA-H__0206,PA 20:0_22:3
HOLD_R2_BASE76,HOLD,R2,BASE76,5402,2,BASE,85,0.007469897935364135,91,219,PEO-H__0104,PE O-16:1_22:5
HOLD_R2_BASE76,HOLD,R2,BASE76,5402,3,BASE,86,0.0035910531830547748,32,102,PS-H__0089,PS 16:1_20:2
HOLD_R2_BASE76,HOLD,R2,BASE76,5402,4,BASE,90,0.018849844165172713,180,157,PE-H__0160,PE 18:2_20:4
HOLD_R2_BASE76,HOLD,R2,BASE76,5402,5,BASE,94,0.003465598543634408,55,38,PA-H__0200,PA 20:0_20:3
HOLD_R2_BASE76,HOLD,R2,BASE76,5402,6,BASE,101,0.003767493836187643,155,15,PA-H__0130,PA 18:0_24:6
HOLD_R2_BASE76,HOLD,R2,BASE76,5402,7,BASE,106,0.07104063590718107,7,365,PCO+CH3COO__0476,PC O-16:1_17:1
HOLD_R2_BASE76,HOLD,R2,BASE76,5402,8,BASE,107,0.004019268843843552,98,27,PA-H__0163,PA 22:1_18:2
HOLD_R2_BASE76,HOLD,R2,BASE76,5402,9,BASE,109,0.07337007264323502,118,291,PG-H__0065,PG 18:0_18:3
HOLD_R2_BASE76,HOLD,R2,BASE76,5402,10,BASE,119,0.02052518620541731,65,338,PG-H__0482,PG 17:1_20:1
HOLD_R2_BASE76,HOLD,R2,BASE76,5402,11,BASE,121,0.056662870395508505,70,224,PEO-H__0112,PE O-16:1_24:6
HOLD_R2_BASE76,HOLD,R2,BASE76,5402,12,BASE,133,0.002910685452931968,172,167,PE-H__0181,PE 18:3_20:4
HOLD_R2_BASE76,HOLD,R2,BASE76,5402,13,BASE,136,0.10008111490599345,104,154,PE-H__0157,PE 20:1_18:2
HOLD_R2_BASE76,HOLD,R2,BASE76,5402,14,BASE,137,0.0011026387225491967,15,85,PS-H__0043,PS 14:0_22:1
HOLD_R2_BASE76,HOLD,R2,BASE76,5402,15,BASE,139,0.0224243672740242,50,61,PA-H__0244,PA 20:2_22:4
HOLD_R2_BASE76,HOLD,R2,BASE76,5402,16,BASE,141,0.2430186358557401,25,100,PS-H__0087,PS 20:0_16:1
HOLD_R2_BASE76,HOLD,R2,BASE76,5402,17,BASE,143,0.004431943002525114,148,128,PE-H__0096,PE 16:1_22:3
HOLD_R2_BASE76,HOLD,R2,BASE76,5402,18,BASE,145,0.003302428208099872,115,20,PA-H__0144,PA 18:1_22:4
HOLD_R2_BASE76,HOLD,R2,BASE76,5402,19,BASE,146,0.02906358388086082,114,332,PG-H__0463,PG 17:0_20:4
HOLD_R2_BASE76,HOLD,R2,BASE76,5402,20,BASE,152,0.042849456658358986,170,275,PEO-H__0320,PE O-20:3_20:3
HOLD_R2_BASE76,HOLD,R2,BASE76,5402,21,BASE,154,0.001110697252484861,52,141,PE-H__0123,PE 18:0_22:6
HOLD_R2_BASE76,HOLD,R2,BASE76,5402,22,BASE,164,0.00235098424323507,140,283,PG-H__0056,PG 14:0_22:4
HOLD_R2_BASE76,HOLD,R2,BASE76,5402,23,BASE,166,0.0022194340215394427,165,182,PE-H__0255,PE 20:3_20:4
HOLD_R2_BASE76,HOLD,R2,BASE76,5402,24,BASE,171,0.014489468912776554,84,67,PA-H__0263,PA 20:3_22:6
HOLD_R2_BASE76,HOLD,R2,BASE76,5402,25,BASE,175,0.02055197359367885,80,185,PE-H__0272,PE 20:4_20:5
HOLD_R2_BASE76,HOLD,R2,BASE76,5402,26,BASE,179,0.0030435813548569195,14,106,PS-H__0108,PS 18:0_18:1
HOLD_R2_BASE76,HOLD,R2,BASE76,5402,27,BASE,182,0.012733364138250759,18,376,PC+Cl__0793,PC 18:0_14:1
HOLD_R2_BASE76,HOLD,R2,BASE76,5402,28,BASE,197,0.0011542058237190786,60,76,PA-H__0344,PA 22:3_22:6
HOLD_R2_BASE76,HOLD,R2,BASE76,5402,29,BASE,211,0.0017796236226615485,145,322,PG-H__0103,PG 18:1_20:3
HOLD_R2_BASE76,HOLD,R2,BASE76,5402,30,BASE,212,0.004328126221311399,121,8,PA-H__0120,PA 18:0_22:3
HOLD_R2_BASE76,HOLD,R2,BASE76,5402,31,BASE,215,0.0015122085889088548,167,319,PG-H__0100,PG 16:0_22:4
HOLD_R2_BASE76,HOLD,R2,BASE76,5402,32,BASE,216,0.0011527609331009674,183,129,PE-H__0097,PE 16:1_22:4
HOLD_R2_BASE76,HOLD,R2,BASE76,5402,33,BASE,218,0.006355509415755673,0,352,PCO+HCOO__0085,PC O-16:1_18:2
HOLD_R2_BASE76,HOLD,R2,BASE76,5402,34,BASE,220,0.0011994730470494266,160,303,PG-H__0080,PG 16:0_20:0
HOLD_R2_BASE76,HOLD,R2,BASE76,5402,35,BASE,224,0.0012682269332131278,1,362,PCO+CH3COO__0453,PC O-16:0_17:0
HOLD_R2_BASE76,HOLD,R2,BASE76,5402,36,BASE,227,0.0030493404632940427,132,257,PEO-H__0188,PE O-18:2_22:5
HOLD_R2_BASE76,HOLD,R2,BASE76,5402,37,BASE,228,0.008688431049173717,111,122,PE-H__0079,PE 16:0_24:4
HOLD_R2_BASE76,HOLD,R2,BASE76,5402,38,BASE,229,0.0030317644321426504,67,79,PA-H__0362,PA 22:5_22:5
HOLD_R2_BASE76,HOLD,R2,BASE76,5402,39,BASE,235,0.0016766063349577076,152,62,PA-H__0246,PA 20:2_22:6
HOLD_R2_BASE76,HOLD,R2,BASE76,5402,40,BASE,236,0.01143571348543155,97,290,PG-H__0064,PG 16:1_20:2
HOLD_R2_BASE76,HOLD,R2,BASE76,5402,41,BASE,237,0.0036867645692421785,131,137,PE-H__0116,PE 18:0_20:5
HOLD_R2_BASE76,HOLD,R2,BASE76,5402,42,BASE,239,0.0616082453322032,107,179,PE-H__0238,PE 20:2_20:4
HOLD_R2_BASE76,HOLD,R2,BASE76,5402,43,BASE,244,0.014933578264642325,108,300,PG-H__0076,PG 20:0_16:1
HOLD_R2_BASE76,HOLD,R2,BASE76,5402,44,BASE,246,0.08362738739149775,21,385,PC+Cl__0797,PC 18:0_16:1
HOLD_R2_BASE76,HOLD,R2,BASE76,5402,45,BASE,248,0.0020214254411057542,87,136,PE-H__0115,PE 18:0_20:4
HOLD_R2_BASE76,HOLD,R2,BASE76,5402,46,BASE,256,0.004230347797652717,94,50,PA-H__0220,PA 20:1_20:4
HOLD_R2_BASE76,HOLD,R2,BASE76,5402,47,BASE,258,0.03957136601458654,38,258,PEO-H__0189,PE O-18:2_22:6
HOLD_R2_BASE76,HOLD,R2,BASE76,5402,48,BASE,266,0.001070504924346424,177,289,PG-H__0063,PG 16:0_20:3
HOLD_R2_BASE76,HOLD,R2,BASE76,5402,49,BASE,267,0.004121898148795869,41,213,PEO-H__0077,PE O-16:0_22:6
HOLD_R2_BASE76,HOLD,R2,BASE76,5402,50,BASE,271,0.03507887626589133,150,119,PE-H__0072,PE 16:0_22:4
HOLD_R2_BASE76,HOLD,R2,BASE76,5402,51,BASE,277,0.0029034017160741643,74,267,PEO-H__0237,PE O-20:0_20:4
HOLD_R2_BASE76,HOLD,R2,BASE76,5402,52,BASE,283,0.0015217893129586188,11,115,PS-H__0477,PS 18:0_17:1
HOLD_R2_BASE76,HOLD,R2,BASE76,5402,53,BASE,284,0.006965233251819613,24,111,PS-H__0133,PS 18:1_18:3
HOLD_R2_BASE76,HOLD,R2,BASE76,5402,54,BASE,285,0.0024990073350468845,125,323,PG-H__0104,PG 18:2_20:2
HOLD_R2_BASE76,HOLD,R2,BASE76,5402,55,BASE,293,0.0013766143633431771,162,255,PEO-H__0186,PE O-18:2_22:3
HOLD_R2_BASE76,HOLD,R2,BASE76,5402,56,BASE,295,0.01088759997649656,8,220,PEO-H__0106,PE O-16:1_24:0
HOLD_R2_BASE76,HOLD,R2,BASE76,5402,57,BASE,298,0.027349346025652994,90,279,PG-H__0051,PG 14:0_22:5
HOLD_R2_BASE76,HOLD,R2,BASE76,5402,58,BASE,299,0.002688533754090185,4,328,PG-H__0459,PG 17:0_20:0
HOLD_R2_BASE76,HOLD,R2,BASE76,5402,59,BASE,302,0.0077394994338569065,101,192,PE-H__0466,PE 17:0_22:1
HOLD_R2_BASE76,HOLD,R2,BASE76,5402,60,BASE,308,0.004921008444491788,57,207,PE-H__0493,PE 17:1_22:6
HOLD_R2_BASE76,HOLD,R2,BASE76,5402,61,BASE,313,0.004930928360130924,174,321,PG-H__0102,PG 18:0_20:4
HOLD_R2_BASE76,HOLD,R2,BASE76,5402,62,BASE,319,0.01505433904952393,138,24,PA-H__0152,PA 18:1_24:5
HOLD_R2_BASE76,HOLD,R2,BASE76,5402,63,BASE,321,0.0027067653831285873,31,1,PA-H__0076,PA 16:0_24:1
HOLD_R2_BASE76,HOLD,R2,BASE76,5402,64,BASE,323,0.0021282280458019428,135,288,PG-H__0062,PG 14:0_22:3
HOLD_R2_BASE76,HOLD,R2,BASE76,5402,65,BASE,329,0.004877012592005975,82,327,PG-H__0457,PG 17:0_18:2
HOLD_R2_BASE76,HOLD,R2,BASE76,5402,66,BASE,338,0.0025246432852639067,128,238,PEO-H__0152,PE O-18:1_20:3
HOLD_R2_BASE76,HOLD,R2,BASE76,5402,67,BASE,339,0.001027884660910343,77,96,PS-H__0066,PS 16:0_20:4
HOLD_R2_BASE76,HOLD,R2,BASE76,5402,68,BASE,349,0.005480474190915677,35,390,PC+Cl__0706,PC 17:1_17:1
HOLD_R2_BASE76,HOLD,R2,BASE76,5402,69,BASE,355,0.013064874170262345,45,341,PG-H__0485,PG 17:1_20:4
HOLD_R2_BASE76,HOLD,R2,BASE76,5402,70,BASE,375,0.0014836530613080638,48,159,PE-H__0163,PE 22:1_18:2
HOLD_R2_BASE76,HOLD,R2,BASE76,5402,71,BASE,378,0.0010918874494828912,142,331,PG-H__0462,PG 17:0_20:3
HOLD_R2_BASE76,HOLD,R2,BASE76,5402,72,BASE,381,0.0029140906919341543,124,269,PEO-H__0263,PE O-20:1_20:2
HOLD_R2_BASE76,HOLD,R2,BASE76,5402,73,BASE,382,0.04736858283734614,28,372,PC+Cl__0178,PC 14:0_20:2
HOLD_R2_BASE76,HOLD,R2,BASE76,5402,74,BASE,385,0.0010720296356095517,42,107,PS-H__0109,PS 18:0_18:2
HOLD_R2_BASE76,HOLD,R2,BASE76,5402,75,BASE,389,0.0010813103441311062,157,199,PE-H__0482,PE 17:1_20:1
HOLD_R2_HIGH129,HOLD,R2,HIGH129,5402,0,BASE,47,0.0012204861544833515,62,105,PS-H__0107,PS 18:0_18:0
HOLD_R2_HIGH129,HOLD,R2,HIGH129,5402,1,BASE,84,0.004943039691070102,72,43,PA-H__0206,PA 20:0_22:3
HOLD_R2_HIGH129,HOLD,R2,HIGH129,5402,2,BASE,85,0.007469897935364135,91,219,PEO-H__0104,PE O-16:1_22:5
HOLD_R2_HIGH129,HOLD,R2,HIGH129,5402,3,BASE,86,0.0035910531830547748,32,102,PS-H__0089,PS 16:1_20:2
HOLD_R2_HIGH129,HOLD,R2,HIGH129,5402,4,BASE,90,0.018849844165172713,180,157,PE-H__0160,PE 18:2_20:4
HOLD_R2_HIGH129,HOLD,R2,HIGH129,5402,5,BASE,94,0.003465598543634408,55,38,PA-H__0200,PA 20:0_20:3
HOLD_R2_HIGH129,HOLD,R2,HIGH129,5402,6,BASE,101,0.003767493836187643,155,15,PA-H__0130,PA 18:0_24:6
HOLD_R2_HIGH129,HOLD,R2,HIGH129,5402,7,BASE,106,0.07104063590718107,7,365,PCO+CH3COO__0476,PC O-16:1_17:1
HOLD_R2_HIGH129,HOLD,R2,HIGH129,5402,8,BASE,107,0.004019268843843552,98,27,PA-H__0163,PA 22:1_18:2
HOLD_R2_HIGH129,HOLD,R2,HIGH129,5402,9,BASE,109,0.07337007264323502,118,291,PG-H__0065,PG 18:0_18:3
HOLD_R2_HIGH129,HOLD,R2,HIGH129,5402,10,BASE,119,0.02052518620541731,65,338,PG-H__0482,PG 17:1_20:1
HOLD_R2_HIGH129,HOLD,R2,HIGH129,5402,11,BASE,121,0.056662870395508505,70,224,PEO-H__0112,PE O-16:1_24:6
HOLD_R2_HIGH129,HOLD,R2,HIGH129,5402,12,BASE,133,0.002910685452931968,172,167,PE-H__0181,PE 18:3_20:4
HOLD_R2_HIGH129,HOLD,R2,HIGH129,5402,13,BASE,136,0.10008111490599345,104,154,PE-H__0157,PE 20:1_18:2
HOLD_R2_HIGH129,HOLD,R2,HIGH129,5402,14,BASE,137,0.0011026387225491967,15,85,PS-H__0043,PS 14:0_22:1
HOLD_R2_HIGH129,HOLD,R2,HIGH129,5402,15,BASE,139,0.0224243672740242,50,61,PA-H__0244,PA 20:2_22:4
HOLD_R2_HIGH129,HOLD,R2,HIGH129,5402,16,BASE,141,0.2430186358557401,25,100,PS-H__0087,PS 20:0_16:1
HOLD_R2_HIGH129,HOLD,R2,HIGH129,5402,17,BASE,143,0.004431943002525114,148,128,PE-H__0096,PE 16:1_22:3
HOLD_R2_HIGH129,HOLD,R2,HIGH129,5402,18,BASE,145,0.003302428208099872,115,20,PA-H__0144,PA 18:1_22:4
HOLD_R2_HIGH129,HOLD,R2,HIGH129,5402,19,BASE,146,0.02906358388086082,114,332,PG-H__0463,PG 17:0_20:4
HOLD_R2_HIGH129,HOLD,R2,HIGH129,5402,20,BASE,152,0.042849456658358986,170,275,PEO-H__0320,PE O-20:3_20:3
HOLD_R2_HIGH129,HOLD,R2,HIGH129,5402,21,BASE,154,0.001110697252484861,52,141,PE-H__0123,PE 18:0_22:6
HOLD_R2_HIGH129,HOLD,R2,HIGH129,5402,22,BASE,164,0.00235098424323507,140,283,PG-H__0056,PG 14:0_22:4
HOLD_R2_HIGH129,HOLD,R2,HIGH129,5402,23,BASE,166,0.0022194340215394427,165,182,PE-H__0255,PE 20:3_20:4
HOLD_R2_HIGH129,HOLD,R2,HIGH129,5402,24,BASE,171,0.014489468912776554,84,67,PA-H__0263,PA 20:3_22:6
HOLD_R2_HIGH129,HOLD,R2,HIGH129,5402,25,BASE,175,0.02055197359367885,80,185,PE-H__0272,PE 20:4_20:5
HOLD_R2_HIGH129,HOLD,R2,HIGH129,5402,26,BASE,179,0.0030435813548569195,14,106,PS-H__0108,PS 18:0_18:1
HOLD_R2_HIGH129,HOLD,R2,HIGH129,5402,27,BASE,182,0.012733364138250759,18,376,PC+Cl__0793,PC 18:0_14:1
HOLD_R2_HIGH129,HOLD,R2,HIGH129,5402,28,BASE,197,0.0011542058237190786,60,76,PA-H__0344,PA 22:3_22:6
HOLD_R2_HIGH129,HOLD,R2,HIGH129,5402,29,BASE,211,0.0017796236226615485,145,322,PG-H__0103,PG 18:1_20:3
HOLD_R2_HIGH129,HOLD,R2,HIGH129,5402,30,BASE,212,0.004328126221311399,121,8,PA-H__0120,PA 18:0_22:3
HOLD_R2_HIGH129,HOLD,R2,HIGH129,5402,31,BASE,215,0.0015122085889088548,167,319,PG-H__0100,PG 16:0_22:4
HOLD_R2_HIGH129,HOLD,R2,HIGH129,5402,32,BASE,216,0.0011527609331009674,183,129,PE-H__0097,PE 16:1_22:4
HOLD_R2_HIGH129,HOLD,R2,HIGH129,5402,33,BASE,218,0.006355509415755673,0,352,PCO+HCOO__0085,PC O-16:1_18:2
HOLD_R2_HIGH129,HOLD,R2,HIGH129,5402,34,BASE,220,0.0011994730470494266,160,303,PG-H__0080,PG 16:0_20:0
HOLD_R2_HIGH129,HOLD,R2,HIGH129,5402,35,BASE,224,0.0012682269332131278,1,362,PCO+CH3COO__0453,PC O-16:0_17:0
HOLD_R2_HIGH129,HOLD,R2,HIGH129,5402,36,BASE,227,0.0030493404632940427,132,257,PEO-H__0188,PE O-18:2_22:5
HOLD_R2_HIGH129,HOLD,R2,HIGH129,5402,37,BASE,228,0.008688431049173717,111,122,PE-H__0079,PE 16:0_24:4
HOLD_R2_HIGH129,HOLD,R2,HIGH129,5402,38,BASE,229,0.0030317644321426504,67,79,PA-H__0362,PA 22:5_22:5
HOLD_R2_HIGH129,HOLD,R2,HIGH129,5402,39,BASE,235,0.0016766063349577076,152,62,PA-H__0246,PA 20:2_22:6
HOLD_R2_HIGH129,HOLD,R2,HIGH129,5402,40,BASE,236,0.01143571348543155,97,290,PG-H__0064,PG 16:1_20:2
HOLD_R2_HIGH129,HOLD,R2,HIGH129,5402,41,BASE,237,0.0036867645692421785,131,137,PE-H__0116,PE 18:0_20:5
HOLD_R2_HIGH129,HOLD,R2,HIGH129,5402,42,BASE,239,0.0616082453322032,107,179,PE-H__0238,PE 20:2_20:4
HOLD_R2_HIGH129,HOLD,R2,HIGH129,5402,43,BASE,244,0.014933578264642325,108,300,PG-H__0076,PG 20:0_16:1
HOLD_R2_HIGH129,HOLD,R2,HIGH129,5402,44,BASE,246,0.08362738739149775,21,385,PC+Cl__0797,PC 18:0_16:1
HOLD_R2_HIGH129,HOLD,R2,HIGH129,5402,45,BASE,248,0.0020214254411057542,87,136,PE-H__0115,PE 18:0_20:4
HOLD_R2_HIGH129,HOLD,R2,HIGH129,5402,46,BASE,256,0.004230347797652717,94,50,PA-H__0220,PA 20:1_20:4
HOLD_R2_HIGH129,HOLD,R2,HIGH129,5402,47,BASE,258,0.03957136601458654,38,258,PEO-H__0189,PE O-18:2_22:6
HOLD_R2_HIGH129,HOLD,R2,HIGH129,5402,48,BASE,266,0.001070504924346424,177,289,PG-H__0063,PG 16:0_20:3
HOLD_R2_HIGH129,HOLD,R2,HIGH129,5402,49,BASE,267,0.004121898148795869,41,213,PEO-H__0077,PE O-16:0_22:6
HOLD_R2_HIGH129,HOLD,R2,HIGH129,5402,50,BASE,271,0.03507887626589133,150,119,PE-H__0072,PE 16:0_22:4
HOLD_R2_HIGH129,HOLD,R2,HIGH129,5402,51,BASE,277,0.0029034017160741643,74,267,PEO-H__0237,PE O-20:0_20:4
HOLD_R2_HIGH129,HOLD,R2,HIGH129,5402,52,BASE,283,0.0015217893129586188,11,115,PS-H__0477,PS 18:0_17:1
HOLD_R2_HIGH129,HOLD,R2,HIGH129,5402,53,BASE,284,0.006965233251819613,24,111,PS-H__0133,PS 18:1_18:3
HOLD_R2_HIGH129,HOLD,R2,HIGH129,5402,54,BASE,285,0.0024990073350468845,125,323,PG-H__0104,PG 18:2_20:2
HOLD_R2_HIGH129,HOLD,R2,HIGH129,5402,55,BASE,293,0.0013766143633431771,162,255,PEO-H__0186,PE O-18:2_22:3
HOLD_R2_HIGH129,HOLD,R2,HIGH129,5402,56,BASE,295,0.01088759997649656,8,220,PEO-H__0106,PE O-16:1_24:0
HOLD_R2_HIGH129,HOLD,R2,HIGH129,5402,57,BASE,298,0.027349346025652994,90,279,PG-H__0051,PG 14:0_22:5
HOLD_R2_HIGH129,HOLD,R2,HIGH129,5402,58,BASE,299,0.002688533754090185,4,328,PG-H__0459,PG 17:0_20:0
HOLD_R2_HIGH129,HOLD,R2,HIGH129,5402,59,BASE,302,0.0077394994338569065,101,192,PE-H__0466,PE 17:0_22:1
HOLD_R2_HIGH129,HOLD,R2,HIGH129,5402,60,BASE,308,0.004921008444491788,57,207,PE-H__0493,PE 17:1_22:6
HOLD_R2_HIGH129,HOLD,R2,HIGH129,5402,61,BASE,313,0.004930928360130924,174,321,PG-H__0102,PG 18:0_20:4
HOLD_R2_HIGH129,HOLD,R2,HIGH129,5402,62,BASE,319,0.01505433904952393,138,24,PA-H__0152,PA 18:1_24:5
HOLD_R2_HIGH129,HOLD,R2,HIGH129,5402,63,BASE,321,0.0027067653831285873,31,1,PA-H__0076,PA 16:0_24:1
HOLD_R2_HIGH129,HOLD,R2,HIGH129,5402,64,BASE,323,0.0021282280458019428,135,288,PG-H__0062,PG 14:0_22:3
HOLD_R2_HIGH129,HOLD,R2,HIGH129,5402,65,BASE,329,0.004877012592005975,82,327,PG-H__0457,PG 17:0_18:2
HOLD_R2_HIGH129,HOLD,R2,HIGH129,5402,66,BASE,338,0.0025246432852639067,128,238,PEO-H__0152,PE O-18:1_20:3
HOLD_R2_HIGH129,HOLD,R2,HIGH129,5402,67,BASE,339,0.001027884660910343,77,96,PS-H__0066,PS 16:0_20:4
HOLD_R2_HIGH129,HOLD,R2,HIGH129,5402,68,BASE,349,0.005480474190915677,35,390,PC+Cl__0706,PC 17:1_17:1
HOLD_R2_HIGH129,HOLD,R2,HIGH129,5402,69,BASE,355,0.013064874170262345,45,341,PG-H__0485,PG 17:1_20:4
HOLD_R2_HIGH129,HOLD,R2,HIGH129,5402,70,BASE,375,0.0014836530613080638,48,159,PE-H__0163,PE 22:1_18:2
HOLD_R2_HIGH129,HOLD,R2,HIGH129,5402,71,BASE,378,0.0010918874494828912,142,331,PG-H__0462,PG 17:0_20:3
HOLD_R2_HIGH129,HOLD,R2,HIGH129,5402,72,BASE,381,0.0029140906919341543,124,269,PEO-H__0263,PE O-20:1_20:2
HOLD_R2_HIGH129,HOLD,R2,HIGH129,5402,73,BASE,382,0.04736858283734614,28,372,PC+Cl__0178,PC 14:0_20:2
HOLD_R2_HIGH129,HOLD,R2,HIGH129,5402,74,BASE,385,0.0010720296356095517,42,107,PS-H__0109,PS 18:0_18:2
HOLD_R2_HIGH129,HOLD,R2,HIGH129,5402,75,BASE,389,0.0010813103441311062,157,199,PE-H__0482,PE 17:1_20:1
HOLD_R2_HIGH129,HOLD,R2,HIGH129,5402,76,WEAK_EXTRA,28,0.00019298471843409116,20,335,PG-H__0478,PG 17:1_18:1
HOLD_R2_HIGH129,HOLD,R2,HIGH129,5402,77,WEAK_EXTRA,70,0.0002766531480450124,64,18,PA-H__0142,PA 18:1_22:2
HOLD_R2_HIGH129,HOLD,R2,HIGH129,5402,78,WEAK_EXTRA,81,0.0005828910463076359,22,382,PC+Cl__0391,PC 16:0_18:1
HOLD_R2_HIGH129,HOLD,R2,HIGH129,5402,79,WEAK_EXTRA,83,0.00012466062742097448,161,216,PEO-H__0101,PE O-16:1_22:2
HOLD_R2_HIGH129,HOLD,R2,HIGH129,5402,80,WEAK_EXTRA,93,0.0009133262048150343,2,113,PS-H__0456,PS 17:0_18:1
HOLD_R2_HIGH129,HOLD,R2,HIGH129,5402,81,WEAK_EXTRA,95,0.00020441490999468156,134,217,PEO-H__0102,PE O-16:1_22:3
HOLD_R2_HIGH129,HOLD,R2,HIGH129,5402,82,WEAK_EXTRA,100,0.00034560978002170936,81,158,PE-H__0161,PE 18:2_20:5
HOLD_R2_HIGH129,HOLD,R2,HIGH129,5402,83,WEAK_EXTRA,102,0.00010446412278531561,85,32,PA-H__0173,PA 18:2_24:4
HOLD_R2_HIGH129,HOLD,R2,HIGH129,5402,84,WEAK_EXTRA,112,0.00020891635591381217,175,138,PE-H__0120,PE 18:0_22:3
HOLD_R2_HIGH129,HOLD,R2,HIGH129,5402,85,WEAK_EXTRA,144,0.00011461121928420428,147,144,PE-H__0136,PE 18:1_20:2
HOLD_R2_HIGH129,HOLD,R2,HIGH129,5402,86,WEAK_EXTRA,155,0.000336562545089106,164,123,PE-H__0080,PE 16:0_24:5
HOLD_R2_HIGH129,HOLD,R2,HIGH129,5402,87,WEAK_EXTRA,159,0.00014888336600465032,102,311,PG-H__0090,PG 18:2_20:4
HOLD_R2_HIGH129,HOLD,R2,HIGH129,5402,88,WEAK_EXTRA,163,0.00016782430882945716,158,162,PE-H__0166,PE 18:2_22:4
HOLD_R2_HIGH129,HOLD,R2,HIGH129,5402,89,WEAK_EXTRA,180,0.00024682903434567247,110,163,PE-H__0167,PE 18:2_22:5
HOLD_R2_HIGH129,HOLD,R2,HIGH129,5402,90,WEAK_EXTRA,181,0.00011653856938781842,54,340,PG-H__0484,PG 17:1_20:3
HOLD_R2_HIGH129,HOLD,R2,HIGH129,5402,91,WEAK_EXTRA,184,0.00047126244045106415,30,94,PS-H__0064,PS 16:0_20:2
HOLD_R2_HIGH129,HOLD,R2,HIGH129,5402,92,WEAK_EXTRA,195,0.00010166563682168735,112,266,PEO-H__0236,PE O-20:0_20:3
HOLD_R2_HIGH129,HOLD,R2,HIGH129,5402,93,WEAK_EXTRA,210,0.0003860047944341988,17,108,PS-H__0110,PS 18:0_18:3
HOLD_R2_HIGH129,HOLD,R2,HIGH129,5402,94,WEAK_EXTRA,213,0.0009474994093928155,151,13,PA-H__0128,PA 18:0_24:4
HOLD_R2_HIGH129,HOLD,R2,HIGH129,5402,95,WEAK_EXTRA,217,0.0001948762153901351,61,52,PA-H__0223,PA 20:1_22:1
HOLD_R2_HIGH129,HOLD,R2,HIGH129,5402,96,WEAK_EXTRA,219,0.00014748128807229237,51,378,PC+Cl__0231,PC 14:1_20:1
HOLD_R2_HIGH129,HOLD,R2,HIGH129,5402,97,WEAK_EXTRA,221,0.0008107108044965733,137,205,PE-H__0491,PE 17:1_22:4
HOLD_R2_HIGH129,HOLD,R2,HIGH129,5402,98,WEAK_EXTRA,222,0.0008874047156349323,127,314,PG-H__0095,PG 18:0_20:5
HOLD_R2_HIGH129,HOLD,R2,HIGH129,5402,99,WEAK_EXTRA,223,0.0006133827737390984,105,274,PEO-H__0293,PE O-20:2_20:4
HOLD_R2_HIGH129,HOLD,R2,HIGH129,5402,100,WEAK_EXTRA,234,0.000861131244722505,100,142,PE-H__0134,PE 20:0_18:1
HOLD_R2_HIGH129,HOLD,R2,HIGH129,5402,101,WEAK_EXTRA,245,0.00021440577341842103,37,64,PA-H__0258,PA 22:1_20:3
HOLD_R2_HIGH129,HOLD,R2,HIGH129,5402,102,WEAK_EXTRA,247,0.0003120585453104667,171,273,PEO-H__0292,PE O-20:2_20:3
HOLD_R2_HIGH129,HOLD,R2,HIGH129,5402,103,WEAK_EXTRA,253,0.0002011803328361874,168,249,PEO-H__0179,PE O-18:2_20:2
HOLD_R2_HIGH129,HOLD,R2,HIGH129,5402,104,WEAK_EXTRA,255,0.0002266024120461379,154,170,PE-H__0200,PE 20:0_20:3
HOLD_R2_HIGH129,HOLD,R2,HIGH129,5402,105,WEAK_EXTRA,257,0.00014340052878777712,130,253,PEO-H__0427,PE O-22:1_18:2
HOLD_R2_HIGH129,HOLD,R2,HIGH129,5402,106,WEAK_EXTRA,260,0.0009546409426094432,117,25,PA-H__0153,PA 18:1_24:6
HOLD_R2_HIGH129,HOLD,R2,HIGH129,5402,107,WEAK_EXTRA,274,0.00041928088512172365,141,168,PE-H__0187,PE 18:3_22:4
HOLD_R2_HIGH129,HOLD,R2,HIGH129,5402,108,WEAK_EXTRA,276,0.00014535654204186118,71,165,PE-H__0177,PE 20:0_18:3
HOLD_R2_HIGH129,HOLD,R2,HIGH129,5402,109,WEAK_EXTRA,281,0.00022038298644851324,40,59,PA-H__0237,PA 20:2_20:3
HOLD_R2_HIGH129,HOLD,R2,HIGH129,5402,110,WEAK_EXTRA,287,0.00015116586893526305,44,264,PEO-H__0217,PE O-18:3_22:6
HOLD_R2_HIGH129,HOLD,R2,HIGH129,5402,111,WEAK_EXTRA,290,0.0005585769624929957,78,292,PG-H__0066,PG 18:1_18:2
HOLD_R2_HIGH129,HOLD,R2,HIGH129,5402,112,WEAK_EXTRA,294,0.00015521378133051393,75,305,PG-H__0083,PG 16:1_22:6
HOLD_R2_HIGH129,HOLD,R2,HIGH129,5402,113,WEAK_EXTRA,316,0.0008898126469400928,88,307,PG-H__0085,PG 18:3_20:4
HOLD_R2_HIGH129,HOLD,R2,HIGH129,5402,114,WEAK_EXTRA,318,0.00011464203031913555,34,21,PA-H__0147,PA 24:0_18:1
HOLD_R2_HIGH129,HOLD,R2,HIGH129,5402,115,WEAK_EXTRA,320,0.00031960020182543724,47,176,PE-H__0221,PE 20:1_20:5
HOLD_R2_HIGH129,HOLD,R2,HIGH129,5402,116,WEAK_EXTRA,327,0.000246995145258423,5,0,PA-H__0075,PA 16:0_24:0
HOLD_R2_HIGH129,HOLD,R2,HIGH129,5402,117,WEAK_EXTRA,330,0.0008545740559731959,144,189,PE-H__0462,PE 17:0_20:3
HOLD_R2_HIGH129,HOLD,R2,HIGH129,5402,118,WEAK_EXTRA,331,0.0006150128669024416,92,140,PE-H__0122,PE 18:0_22:5
HOLD_R2_HIGH129,HOLD,R2,HIGH129,5402,119,WEAK_EXTRA,336,0.00014707252780820287,181,156,PE-H__0159,PE 18:2_20:3
HOLD_R2_HIGH129,HOLD,R2,HIGH129,5402,120,WEAK_EXTRA,346,0.00047548410963250525,58,30,PA-H__0169,PA 24:0_18:2
HOLD_R2_HIGH129,HOLD,R2,HIGH129,5402,121,WEAK_EXTRA,348,0.0003787058110304037,12,370,PC+Cl__0176,PC 14:0_20:0
HOLD_R2_HIGH129,HOLD,R2,HIGH129,5402,122,WEAK_EXTRA,352,0.0002820332506612909,95,245,PEO-H__0160,PE O-18:1_22:5
HOLD_R2_HIGH129,HOLD,R2,HIGH129,5402,123,WEAK_EXTRA,361,0.00016665021246367798,120,236,PEO-H__0150,PE O-18:1_20:1
HOLD_R2_HIGH129,HOLD,R2,HIGH129,5402,124,WEAK_EXTRA,371,0.0008943196437131804,68,33,PA-H__0174,PA 18:2_24:5
HOLD_R2_HIGH129,HOLD,R2,HIGH129,5402,125,WEAK_EXTRA,376,0.00010222836766585937,178,243,PEO-H__0158,PE O-18:1_22:3
HOLD_R2_HIGH129,HOLD,R2,HIGH129,5402,126,WEAK_EXTRA,379,0.00022025515788821187,27,260,PEO-H__0211,PE O-18:3_22:0
HOLD_R2_HIGH129,HOLD,R2,HIGH129,5402,127,WEAK_EXTRA,383,0.0007008890517956318,10,114,PS-H__0457,PS 17:0_18:2
HOLD_R2_HIGH129,HOLD,R2,HIGH129,5402,128,WEAK_EXTRA,390,0.00019123220818741032,122,118,PE-H__0071,PE 16:0_22:3
