severity,lipid_name,contexts,raw_TP_contexts,solver_miss_contexts,filter_loss_contexts,loss_fraction_of_raw_TP,comparison_group,cone_isolation,max_fragment_cosine,collective_gain,full_spectral_change,fragment_spectral_change,achieved_dropout_rate
MILD,PA 18:0_22:2,15,11,4,11,1.0,any_filter_loss,0.27393752390511106,0.8394493239810369,0.36260158405766385,0.0031467721020281836,0.001963496628401451,0.05333333333333334
MILD,PA 18:0_22:4,15,15,0,10,0.6666666666666666,any_filter_loss,0.18925162859522815,0.8691673191165914,0.31323723028330897,0.0052424423533639075,0.005220284092495531,0.04878048780487805
MILD,PA 18:0_24:1,15,15,0,10,0.6666666666666666,any_filter_loss,0.3334734584306543,0.8793255202210899,0.22349976674487387,0.0006864036053716438,0.000725562654723011,0.05970149253731343
MILD,PA 18:1_22:1,15,15,0,10,0.6666666666666666,any_filter_loss,0.46175873097333114,0.9022714644699661,0.2905844069806663,0.00041288798704874896,0.0012335033041256382,0.05405405405405406
MILD,PA 20:0_20:4,15,10,5,10,1.0,any_filter_loss,0.1645114953783594,0.8957566529041909,0.3424625013635971,0.0275152521851324,0.02927579501551658,0.0449438202247191
MILD,PA 20:1_20:1,15,15,0,15,1.0,any_filter_loss,0.4231895167566119,0.9753576763078726,0.3291536211973855,0.0010118669186879314,0.002037990335239992,0.06818181818181818
MILD,PA 20:1_22:1,15,15,0,10,0.6666666666666666,any_filter_loss,0.48292710886676304,0.8982874947005188,0.22073574264275386,0.018562907982432097,0.02491796284808878,0.07894736842105263
MILD,PA 22:1_18:2,15,15,0,5,0.3333333333333333,any_filter_loss,0.3672416022212644,0.8804726866933393,0.42728280324989093,0.006605096516895115,0.006326827710238514,0.02702702702702703
MILD,PA 22:1_20:2,15,15,0,10,0.6666666666666666,any_filter_loss,0.43337633237958284,0.8789327040599717,0.27097424872123554,0.0080624691981116,0.011981980213494614,0.04
MILD,PA 22:1_20:3,15,15,0,0,0.0,never_filter_loss,0.47201880717776407,0.8266719825061805,0.24944586960093668,0.010869264824328262,0.012492854571788947,0.05194805194805195
MILD,PA 22:6_22:6,15,15,0,0,0.0,never_filter_loss,0.5618631902016936,0.691000163096786,0.18635717808006635,0.00917253164779075,0.009477089595620991,0.0625
MILD,PC 14:0_20:4,15,15,0,0,0.0,never_filter_loss,0.6036768381098416,0.7745273553735048,0.030942368542241527,0.0018490512821154326,0.0018224172135786754,0.012048192771084338
MILD,PC 16:1_18:1,15,15,0,10,0.6666666666666666,any_filter_loss,0.3710824945274597,0.6900215947371616,0.3528311199198995,0.005740128810954093,0.005740337720885114,0.06521739130434782
MILD,PC 20:0_14:1,15,15,0,15,1.0,any_filter_loss,0.593367589246976,0.47707361889437966,0.2851238976272237,0.002188794125086768,0.0021900445777822686,0.05333333333333334
MILD,PE 16:0_22:1,15,15,0,10,0.6666666666666666,any_filter_loss,0.20454583643989277,0.8508967724619106,0.32715941021570594,0.0026095936024855826,0.0026208471119697485,0.09259259259259259
MILD,PE 16:0_22:2,15,15,0,10,0.6666666666666666,any_filter_loss,0.1886425381510025,0.8572487991575071,0.3301179135196991,0.0008072029675337822,0.0008077406273154786,0.017543859649122806
MILD,PE 16:0_24:5,15,14,1,14,1.0,any_filter_loss,0.21271686018449112,0.9348240213453116,0.1546244672974381,0.001921353681188731,0.001875379517050746,0.06896551724137931
MILD,PE 16:1_22:1,15,15,0,10,0.6666666666666666,any_filter_loss,0.29634414058106057,0.6962164662208943,0.4407404219699385,0.00808124486543349,0.008570132244739348,0.05660377358490566
MILD,PE 16:1_22:4,15,9,6,9,1.0,any_filter_loss,0.11707440620301834,0.9872300880237134,0.16084900498979865,0.0007842304184302318,0.0007842322844462402,0.031746031746031744
MILD,PE 17:0_20:0,15,13,2,13,1.0,any_filter_loss,0.2698075638945543,0.9206618024583055,0.26327938903853587,0.001887741959508804,0.0017402936546969672,0.07936507936507936
MILD,PE 17:0_22:6,15,15,0,0,0.0,never_filter_loss,0.31244709118745745,0.8271838267520604,0.30433218821543645,0.017611707508774055,0.01838682715755835,0.12121212121212122
MILD,PE 18:3_20:4,15,8,7,8,1.0,any_filter_loss,0.15717262060050777,0.9796724074104938,0.3020809046376558,0.006280647038709897,0.0062955661135006835,0.04054054054054054
MILD,PE 20:1_20:3,15,15,0,10,0.6666666666666666,any_filter_loss,0.15409170574418976,0.9673598800301968,0.13448997604329319,0.000491030613383403,0.000468651826536548,0.03773584905660377
MILD,PE 20:3_20:3,15,15,0,15,1.0,any_filter_loss,0.11972298568219342,0.9884825101246301,0.06004173901205881,0.00048032041794177083,0.0004712716755622681,0.0
MILD,PE 22:0_16:1,15,15,0,5,0.3333333333333333,any_filter_loss,0.4791490094759039,0.8206488603123235,0.1992356350010589,0.004476879868959838,0.005136088122938753,0.0392156862745098
MILD,PE O-16:0_22:4,15,15,0,15,1.0,any_filter_loss,0.21233553953653375,0.9788297262879938,0.0525446422437508,0.0004060403474748231,0.00041840104713342097,0.0
MILD,PE O-16:0_22:5,15,15,0,10,0.6666666666666666,any_filter_loss,0.2748935194643735,0.9595548171321114,0.1397678816901211,0.00038394355007931313,0.0002964901617497073,0.0
MILD,PE O-16:1_24:0,15,15,0,10,0.6666666666666666,any_filter_loss,0.6719956962672089,0.7350890401757907,0.07613711984283755,0.001067432937777557,0.0006814609391118109,0.03571428571428571
MILD,PE O-16:1_24:5,15,15,0,15,1.0,any_filter_loss,0.34567378912555613,0.9348240213453116,0.021667538356373084,0.0025190919169711945,0.0024780282091372285,0.05555555555555555
MILD,PE O-18:0_20:2,15,14,1,14,1.0,any_filter_loss,0.24588669439016053,0.9868742659860326,0.06594469017151477,0.0019601050080191307,0.0005584465070473943,0.0
MILD,PE O-18:0_22:3,15,12,3,12,1.0,any_filter_loss,0.17092763078541914,0.9848176901850096,0.13210834735563867,0.0008456161502210513,0.0005473704997376316,0.125
MILD,PE O-18:1_20:3,15,11,4,11,1.0,any_filter_loss,0.17248031845796863,0.9828895828332406,0.04325030597265456,0.001199120320281133,0.001173666927543504,0.09090909090909091
MILD,PE O-18:3_20:3,15,15,0,15,1.0,any_filter_loss,0.14272429629361114,0.9852235586914223,0.03704042840064109,0.0009088682263856951,0.0009038504168767947,0.0
MILD,PE O-18:3_22:5,15,15,0,10,0.6666666666666666,any_filter_loss,0.24245622912169137,0.9538166594574129,0.08542067730299038,0.000300097893669804,0.0002976237770843104,0.0
MILD,PE O-20:1_18:2,15,15,0,10,0.6666666666666666,any_filter_loss,0.4351737905876049,0.9895861653945057,0.1319467591106363,0.00023551375914476758,0.0002665464533165851,0.030303030303030304
MILD,PE O-20:3_20:4,15,15,0,15,1.0,any_filter_loss,0.2145730867610224,0.9824124426110163,0.03143893515640733,0.0030017567410796087,0.002117635277798957,0.021739130434782608
MILD,PE O-22:1_18:2,15,15,0,5,0.3333333333333333,any_filter_loss,0.3303710154344505,0.9888056550432852,0.337294176164278,0.001060120048168356,0.0004618266693974249,0.0
MILD,PG 14:0_20:0,15,15,0,15,1.0,any_filter_loss,0.7233219574944608,0.7740328453451822,0.0781368584247818,6.341122825315182e-05,0.0008465325861760631,0.05
MILD,PG 14:0_22:0,15,15,0,15,1.0,any_filter_loss,0.39347230654553556,0.7936099239641267,0.021497958044986498,6.010538475131888e-05,0.004721999882481787,0.0125
MILD,PG 16:0_22:4,15,15,0,15,1.0,any_filter_loss,0.20371874124768685,0.9923755383909935,0.44339453837236364,0.006204517917372199,0.004482035888584646,0.034482758620689655
MILD,PG 16:1_22:3,15,15,0,15,1.0,any_filter_loss,0.23838939494724698,0.9816952449555878,0.29010776373355207,0.0029689467587183938,0.011172064022184958,0.046511627906976744
MILD,PG 17:0_18:2,15,15,0,10,0.6666666666666666,any_filter_loss,0.3764851143957298,0.9263229165510191,0.3987025973319038,0.008230647100060384,0.016439132142790913,0.021505376344086023
MILD,PG 18:0_18:1,15,15,0,15,1.0,any_filter_loss,0.22385302590484416,0.857321011866293,0.5499702514118422,0.009484848876495366,0.014209638457357121,0.06329113924050633
MILD,PG 18:2_20:2,15,15,0,15,1.0,any_filter_loss,0.26810270421335247,0.9325718345250835,0.2603944544674466,7.151403581784344e-05,0.0005881280192069349,0.0898876404494382
MILD,PG 20:1_18:3,15,15,0,10,0.6666666666666666,any_filter_loss,0.23811465068961957,0.9659907277452849,0.39065317821122125,0.003301798627939889,0.0014211657860777605,0.013333333333333334
MILD,PS 16:0_20:3,15,14,1,14,1.0,any_filter_loss,0.31718607034211305,0.6379581944357362,0.2271159539431486,0.024743180600422243,0.0532754581349153,0.02631578947368421
MILD,PS 16:1_20:4,15,15,0,0,0.0,never_filter_loss,0.6316414058973379,0.55604981646135,0.12364708441998395,0.0006250680690788046,0.0006367104023839998,0.05128205128205128
MILD,PS 17:0_18:1,15,15,0,0,0.0,never_filter_loss,0.6537549379034493,0.5358578664393875,0.1898482402281083,0.00248721638376892,0.002491653810229977,0.0410958904109589
MILD,PS 18:0_18:3,15,15,0,0,0.0,never_filter_loss,0.5738266720137706,0.6379581944357362,0.264601068755451,0.001516310654012143,0.0014631946069058044,0.06666666666666667
MILD,PS 18:1_18:3,15,15,0,5,0.3333333333333333,any_filter_loss,0.6381277857367744,0.5253007492314473,0.23640738012806917,0.002803569105580772,0.0028337271763367866,0.046875
MILD,PA 16:0_24:1,10,10,0,10,1.0,any_filter_loss,0.5504804076642431,0.883487638633687,0.19595790828137805,0.0018129815710938857,0.0005478222759552898,0.017857142857142856
MILD,PA 18:0_22:0,10,10,0,10,1.0,any_filter_loss,0.3381799302246325,0.7789494468002593,0.44534403487199864,0.0011921075225009847,0.0013569185606716605,0.05405405405405406
MILD,PA 18:0_24:5,10,9,1,9,1.0,any_filter_loss,0.1609179673339711,0.923167578011941,0.23175005437601462,0.0008635904598484068,0.0008511644063095014,0.025
MILD,PA 18:1_22:3,10,10,0,5,0.5,any_filter_loss,0.26035456632127724,0.8639124793194024,0.33467634555443054,0.0026888722371033458,0.002139123678131294,0.03896103896103896
MILD,PA 18:1_22:4,10,10,0,10,1.0,any_filter_loss,0.23118051955905902,0.7349039762795926,0.45741325188581883,0.004805814183295842,0.004868951904925756,0.024096385542168676
MILD,PA 18:1_24:4,10,10,0,10,1.0,any_filter_loss,0.2590661626283403,0.770029563231097,0.383684973635327,0.0010838412905258554,0.0010729791287783508,0.058823529411764705
MILD,PA 20:0_20:3,10,10,0,10,1.0,any_filter_loss,0.28594755195446475,0.8048190171061798,0.4076195370011738,0.008036960110991642,0.00976471434619064,0.07317073170731707
MILD,PA 20:0_22:1,10,10,0,10,1.0,any_filter_loss,0.3017443733307278,0.7600275012777736,0.3861256918000734,0.003709424811556894,0.003737143717409519,0.025974025974025976
MILD,PA 20:0_22:4,10,10,0,10,1.0,any_filter_loss,0.241048023112079,0.8303328039494347,0.3429309669132585,0.060892874707397016,0.06298741883866765,0.046511627906976744
MILD,PA 20:1_22:3,10,10,0,10,1.0,any_filter_loss,0.33476954438953394,0.8781031661032047,0.24658711409645712,0.018403108017956193,0.021063832308081065,0.06329113924050633
MILD,PA 20:1_22:6,10,9,1,9,1.0,any_filter_loss,0.23670331410171605,0.9753576763078726,0.2468565478982028,0.0025643340536040116,0.0025700567332332946,0.06172839506172839
MILD,PA 20:4_22:4,10,10,0,10,1.0,any_filter_loss,0.48634054946811606,0.6664725514235691,0.28586225820427874,0.014403718647744035,0.015260405212573436,0.03225806451612903
MILD,PA 22:0_20:1,10,10,0,5,0.5,any_filter_loss,0.4020166500263304,0.8495611434984474,0.2527636987135384,0.01593733933205499,0.018926282928069638,0.04
MILD,PA 22:0_20:4,10,10,0,5,0.5,any_filter_loss,0.4550397992700734,0.7513055221510871,0.3384293666283728,0.0023387656878122165,0.0024800429863981455,0.04819277108433735
MILD,PA 22:1_20:5,10,10,0,10,1.0,any_filter_loss,0.35373566324826666,0.8941830868357824,0.2306843778836697,0.0036393607382263493,0.003952696241691589,0.025
MILD,PA 22:5_22:5,10,10,0,10,1.0,any_filter_loss,0.37471749963267753,0.9264320052062154,0.08562930665407442,0.05654517952012661,0.05902033614793045,0.10869565217391304
MILD,PA 24:1_18:2,10,10,0,5,0.5,any_filter_loss,0.416531063009088,0.7481851339902038,0.35294871355264307,0.0021331576615825076,0.0017595765424679444,0.045454545454545456
MILD,PC 14:1_20:1,10,10,0,0,0.0,never_filter_loss,0.4158486366407816,0.6900215947371616,0.30806497780657766,0.0002922287015207914,0.00029117252372179436,0.012987012987012988
MILD,PC 16:0_18:0,10,10,0,10,1.0,any_filter_loss,0.49212912704514206,0.6471130837014081,0.2680149501547328,0.004063515546806951,0.004072487376110989,0.07058823529411765
MILD,PC 16:0_18:1,10,10,0,10,1.0,any_filter_loss,0.3986166534022413,0.6482926248318512,0.4109027795617344,0.002719818573634347,0.002719800540087247,0.11594202898550725
MILD,PC 16:1_18:2,10,10,0,0,0.0,never_filter_loss,0.6451321224456396,0.494520891089959,0.2246564065829395,0.07762520620459001,0.07763217030105019,0.06666666666666667
MILD,PE 16:0_24:6,10,10,0,10,1.0,any_filter_loss,0.354462542162506,0.9120817497666402,0.1077393979106176,0.012594339890680706,0.012384383975249547,0.04838709677419355
MILD,PE 17:0_22:4,10,10,0,10,1.0,any_filter_loss,0.16492324087593133,0.9518068384474951,0.1688292372948361,0.003262250096318753,0.003098515234440602,0.04411764705882353
MILD,PE 17:0_22:5,10,10,0,0,0.0,never_filter_loss,0.20553202250395822,0.9211023236447361,0.22285151703158326,0.0012394890093427868,0.0012522411101744124,0.030303030303030304
MILD,PE 17:1_20:1,10,10,0,10,1.0,any_filter_loss,0.2809048613188857,0.9726361074886047,0.3272746898881621,0.0022883291685498186,0.0024144226540380176,0.08196721311475409
MILD,PE 17:1_20:3,10,10,0,10,1.0,any_filter_loss,0.17058675100295786,0.9942019114139844,0.23344250644858108,0.0217430849925212,0.02209873193679912,0.1
MILD,PE 17:1_22:5,10,10,0,10,1.0,any_filter_loss,0.1734421065443991,0.9209267513286628,0.23190880091119995,0.0016810239978535257,0.0016830515975861937,0.06349206349206349
MILD,PE 17:1_22:6,10,10,0,10,1.0,any_filter_loss,0.2805102678681988,0.8065738667783828,0.34444630313629093,0.0021298269298372086,0.002090265847873085,0.1111111111111111
MILD,PE 18:0_20:3,10,9,1,9,1.0,any_filter_loss,0.19168425851262216,0.9604368385083139,0.1400403915099126,0.00019942539037831608,0.0002018506253916863,0.03125
MILD,PE 18:0_20:5,10,10,0,10,1.0,any_filter_loss,0.4239120961696826,0.9850297730134422,0.320123235599173,0.0011396559714325072,0.0011919672869405984,0.02666666666666667
MILD,PE 18:1_20:2,10,9,1,9,1.0,any_filter_loss,0.23433578314102768,0.9251187567839819,0.20375319449318544,0.0008310407557433619,0.00014275590517265346,0.014285714285714285
MILD,PE 18:1_22:3,10,7,3,7,1.0,any_filter_loss,0.10400557506001402,0.9605256779361461,0.1742934444820513,0.0035822472545240513,0.0035823397963168357,0.058823529411764705
MILD,PE 18:2_20:2,10,10,0,10,1.0,any_filter_loss,0.18632332063996887,0.930785287256962,0.4829206823131476,0.0008037372846143587,0.0008063023806984537,0.028985507246376812
MILD,PE 20:0_20:3,10,10,0,10,1.0,any_filter_loss,0.23032749244938702,0.9788474233762352,0.09767313679891157,0.021471551927456423,0.022981147873066488,0.1206896551724138
MILD,PE 20:1_18:2,10,10,0,10,1.0,any_filter_loss,0.3477875659110764,0.8910754995054128,0.2892279401300275,0.0915750292343036,0.10181200158881287,0.07142857142857142
MILD,PE 20:1_20:4,10,8,2,8,1.0,any_filter_loss,0.22946614386916517,0.9422890778439277,0.1647009138898418,0.0011668996450705515,0.0009797108106910368,0.0410958904109589
MILD,PE 20:1_20:5,10,10,0,0,0.0,never_filter_loss,0.3973599004661181,0.7993795604865694,0.33650437366671354,0.002105112367196016,0.0015876158792395012,0.06944444444444445
MILD,PE 20:4_20:5,10,10,0,0,0.0,never_filter_loss,0.26664550336010406,0.7114621309435802,0.4744158758561441,0.0026647366186214327,0.0027472315274700287,0.01694915254237288
MILD,PE O-18:0_20:1,10,10,0,10,1.0,any_filter_loss,0.318148671588633,0.9846847840318518,0.10986362796133797,0.0001630039114796089,0.00017009481650798186,0.037037037037037035
MILD,PE O-18:0_20:5,10,10,0,10,1.0,any_filter_loss,0.6919909071159304,0.9215313010613547,0.1361896321849082,0.0038942866708165935,0.004027293005726573,0.02857142857142857
MILD,PE O-18:0_22:4,10,10,0,10,1.0,any_filter_loss,0.29140314574818993,0.9785214888337301,0.07223834193787476,0.00991779822923411,0.010948030972303235,0.06451612903225806
MILD,PE O-18:0_22:6,10,10,0,0,0.0,never_filter_loss,0.5753436233533816,0.900438885889574,0.17868511941106635,0.000292360631166555,0.0004274430617627889,0.02857142857142857
MILD,PE O-18:1_20:5,10,10,0,10,1.0,any_filter_loss,0.5577857427715306,0.9215313010613547,0.19234784377749203,0.004494611377175217,0.0021003523208922292,0.023809523809523808
MILD,PE O-18:2_20:3,10,10,0,10,1.0,any_filter_loss,0.15389249231375365,0.982213995160686,0.04157871249447814,0.011902632343288366,0.01190551140071483,0.06060606060606061
MILD,PE O-18:2_22:3,10,10,0,10,1.0,any_filter_loss,0.11689533016188987,0.986523537683374,0.04682821117393669,0.00025152470337641564,0.00025152508544168395,0.06451612903225806
MILD,PE O-18:2_22:4,10,9,1,9,1.0,any_filter_loss,0.14828595476682938,0.9790243416279218,0.05669129626843439,0.0006958109492893882,0.000691927852268126,0.02631578947368421
MILD,PE O-18:2_22:5,10,10,0,10,1.0,any_filter_loss,0.26103860623460656,0.9522818262826038,0.09101743804944895,0.0005889830349302683,0.0005985797905463386,0.02564102564102564
MILD,PE O-18:3_22:3,10,10,0,10,1.0,any_filter_loss,0.12439321564387905,0.986523537683374,0.03933032569194751,0.00039330638137358154,0.000393316500170271,0.0967741935483871
MILD,PE O-20:0_20:2,10,9,1,9,1.0,any_filter_loss,0.3574277360579778,0.9885666181646524,0.13364990366733687,0.0013632549085536017,0.0008270848205020886,0.14814814814814814
MILD,PE O-20:0_20:4,10,10,0,10,1.0,any_filter_loss,0.526269032993801,0.9845400250879618,0.03802391643362135,0.0021938309055087313,0.00017604092447076614,0.05263157894736842
MILD,PE O-20:1_20:2,10,10,0,10,1.0,any_filter_loss,0.1653451175229508,0.9857697500316058,0.0657556111825639,0.022925236368650403,0.023326231185886726,0.03225806451612903
MILD,PE O-20:1_20:3,10,10,0,10,1.0,any_filter_loss,0.20156572631951045,0.9834038435158862,0.040391770192754556,5.294427021595993e-05,2.361550169449611e-05,0.0
MILD,PE O-20:3_20:3,10,10,0,10,1.0,any_filter_loss,0.1678765453740962,0.9829060245747678,0.02838033431556483,0.0009170570347204476,0.0009176655325875416,0.11428571428571428
MILD,PG 14:0_22:5,10,10,0,10,1.0,any_filter_loss,0.3916326572569566,0.8740294125875786,0.3151168353722158,0.015233218820401295,0.028681124293445937,0.06976744186046512
MILD,PG 14:0_24:4,10,10,0,10,1.0,any_filter_loss,0.2364766144017557,0.9336814199983869,0.409000174620185,0.0003849632011037052,0.0011070667357394592,0.04819277108433735
MILD,PG 16:0_18:0,10,9,1,9,1.0,any_filter_loss,0.2730282086736678,0.7320003904966144,0.5284306072455749,0.006718608831998929,0.00921187438394766,0.05154639175257732
MILD,PG 16:0_20:2,10,10,0,10,1.0,any_filter_loss,0.06404391649487126,0.9219327136957365,0.1380284242110617,0.0001325419053186394,0.0004419274324660716,0.021739130434782608
MILD,PG 16:0_20:5,10,10,0,10,1.0,any_filter_loss,0.3586980333079263,0.7784577318028689,0.43367157561769326,0.0005535803503026182,0.0007745547809636655,0.03614457831325301
MILD,PG 16:0_22:6,10,10,0,10,1.0,any_filter_loss,0.42771565508602566,0.9755490303044848,0.17342901101082447,0.0035863246382661362,0.005133708069018583,0.046511627906976744
MILD,PG 16:1_20:1,10,9,1,9,1.0,any_filter_loss,0.09626468926765062,0.9360510343034749,0.032094009427904344,0.00014154946035849214,0.02162659342799489,0.022727272727272728
MILD,PG 16:1_22:5,10,10,0,10,1.0,any_filter_loss,0.33527002658239174,0.9821921171688058,0.16525580723594785,0.0013743626973785616,0.0016358418510322714,0.060240963855421686
MILD,PG 17:0_20:0,10,10,0,0,0.0,never_filter_loss,0.8310149974793403,0.9206618024583055,0.050880880759260116,0.003081353950645682,0.007454888958567052,0.08791208791208792
MILD,PG 17:0_20:3,10,10,0,10,1.0,any_filter_loss,0.15645235358917814,0.9898819477902964,0.24553643982354834,0.0011922815237459528,0.0006965114657125904,0.061855670103092786
MILD,PG 17:0_20:4,10,8,2,8,1.0,any_filter_loss,0.333380957182523,0.9887826418894832,0.3019228169112968,0.0009626592846555537,0.0006253799471490629,0.029411764705882353
MILD,PG 17:1_20:1,10,10,0,10,1.0,any_filter_loss,0.266391512522408,0.9726361074886047,0.01725447718424139,4.577721397003298e-05,0.0002219708024051581,0.034482758620689655
MILD,PG 17:1_20:4,10,9,1,9,1.0,any_filter_loss,0.4831275545644737,0.9853779862370524,0.22593740389897193,0.0021811563309734883,0.003555580182944329,0.02127659574468085
MILD,PG 18:0_20:5,10,9,1,9,1.0,any_filter_loss,0.3912132251385195,0.9850297730134422,0.3528221066303361,0.0008703065793419507,0.00036847638994674803,0.020833333333333332
MILD,PG 18:1_18:1,10,10,0,10,1.0,any_filter_loss,0.20074680321951024,0.9552207873236039,0.5335974465364102,0.001967807797006671,0.0008816908419428948,0.034482758620689655
MILD,PS 14:0_20:0,10,10,0,0,0.0,never_filter_loss,0.6390062445975,0.6039215648852556,0.16709168430356958,0.0027541471004010054,0.0027427701343425426,0.013888888888888888
MILD,PS 14:0_22:2,10,10,0,10,1.0,any_filter_loss,0.4826107446087538,0.6351598729298585,0.056673251273551106,0.002331991978609671,0.013828208191141056,0.07142857142857142
MILD,PS 16:0_20:5,10,10,0,10,1.0,any_filter_loss,0.4925110672748304,0.5885323920958705,0.2627774230424914,0.0034720204595677373,0.005312662972331572,0.02857142857142857
MILD,PS 16:1_20:1,10,10,0,0,0.0,never_filter_loss,0.4129541991564398,0.5415506422933887,0.12632979672586508,0.005809768621976241,0.013510185735995384,0.05405405405405406
MILD,PS 18:0_16:1,10,10,0,10,1.0,any_filter_loss,0.4974005788167513,0.5669019742880855,0.3372870145815912,0.007780393272455055,0.007796839687494228,0.014492753623188406
MILD,PS 18:0_18:0,10,10,0,5,0.5,any_filter_loss,0.4331045541325963,0.7822407069839156,0.19197976773862468,0.004926182990125705,0.004921859357551961,0.03773584905660377
MILD,PS 20:0_16:1,10,10,0,10,1.0,any_filter_loss,0.49681824282241865,0.5478869149773706,0.34409744001467496,0.059660803180161204,0.06023360124150534,0.06578947368421052
MILD,PA 16:0_24:4,5,3,2,3,1.0,any_filter_loss,0.2223063465458067,0.9171280506076233,0.17914163452145218,0.04338089176146531,0.04345848797882845,0.04
MILD,PA 18:0_24:6,5,5,0,5,1.0,any_filter_loss,0.1641748706562144,0.9374908882297373,0.19157325912956763,0.004642181796140066,0.004645773085514948,0.04878048780487805
MILD,PA 18:1_24:1,5,5,0,5,1.0,any_filter_loss,0.4394175718623714,0.7742897189559598,0.30213238364332506,0.000759699939821834,0.0008438388853387879,0.015151515151515152
MILD,PA 18:1_24:6,5,5,0,5,1.0,any_filter_loss,0.25854770171004793,0.8317569743542244,0.311757671286486,0.010835595411361254,0.010851465233581492,0.07407407407407407
MILD,PA 18:2_24:4,5,5,0,5,1.0,any_filter_loss,0.33277246997096527,0.6495701338678831,0.4330785336890039,0.0039133891856287795,0.003868713351689035,0.07058823529411765
MILD,PA 18:2_24:5,5,4,1,4,1.0,any_filter_loss,0.30902833514416345,0.8083196183923326,0.2868943377666932,0.004081604352916046,0.004077549062661889,0.06329113924050633
MILD,PA 20:0_20:2,5,0,5,0,,no_raw_TP,0.2807555140432376,0.7492730089935543,0.49169235917013354,0.001564770493217682,0.0014533126063535073,0.04054054054054054
MILD,PA 20:0_22:6,5,5,0,5,1.0,any_filter_loss,0.18342642508946627,0.9361340206999159,0.20227608263374897,0.004776696328855912,0.004726570921992357,0.07142857142857142
MILD,PA 20:1_22:5,5,5,0,5,1.0,any_filter_loss,0.22030580527220145,0.8930555529932804,0.2632540567277174,0.0030627099534888957,0.0029952224810618766,0.0125
MILD,PA 20:3_22:4,5,5,0,5,1.0,any_filter_loss,0.402579539322542,0.7488776965339671,0.3030548023026991,0.0032054403866504932,0.003222308663755058,0.09302325581395349
MILD,PA 22:0_18:2,5,5,0,5,1.0,any_filter_loss,0.34226134747101367,0.761776416520081,0.4474985059635067,0.0030674863975856947,0.0028834133419998187,0.0547945205479452
MILD,PA 22:0_20:3,5,5,0,5,1.0,any_filter_loss,0.4070101497165706,0.700138513759436,0.38977747877753405,0.009922850596979504,0.01301240678684945,0.02631578947368421
MILD,PC 14:0_20:2,5,5,0,5,1.0,any_filter_loss,0.3254331442131747,0.6041425983942957,0.4715533114037237,0.007462943955335866,0.007518058498400038,0.05
MILD,PC 16:0_18:2,5,5,0,5,1.0,any_filter_loss,0.3131917397743864,0.5996238721920917,0.4899091295507795,0.06290873847509104,0.06290881606687038,0.05747126436781609
MILD,PC O-16:0_17:0,5,5,0,0,0.0,never_filter_loss,0.7536429126805174,0.6594747873316874,0.016839149861247793,0.0021199241046659933,0.002119924212811153,0.0
MILD,PC O-16:1_18:1,5,5,0,0,0.0,never_filter_loss,0.8076497414228311,0.6052609717953458,0.02991086558637346,0.0011780312079956445,0.0011619748561649823,0.08571428571428572
MILD,PE 16:0_22:4,5,5,0,5,1.0,any_filter_loss,0.15895469448868532,0.9923755383909935,0.2386585476665622,0.0026445506599418467,0.0026437613959471307,0.015625
MILD,PE 16:1_22:3,5,5,0,5,1.0,any_filter_loss,0.12325824954460242,0.9816952449555878,0.20295021528294271,8.291252553216388e-05,8.291775400715018e-05,0.05357142857142857
MILD,PE 16:1_22:6,5,5,0,5,1.0,any_filter_loss,0.2519478993591113,0.9780045750710121,0.13185464506752925,0.0014294605966203022,0.0014300496428103493,0.09836065573770492
MILD,PE 17:0_22:2,5,5,0,5,1.0,any_filter_loss,0.13503108538528152,0.9386569008618137,0.21734595795940753,0.0011864621584661839,0.0011931643887791443,0.0
MILD,PE 18:0_20:1,5,5,0,5,1.0,any_filter_loss,0.25393425517668783,0.9625905679777863,0.1807537946676117,0.0011387468614931784,0.0008336602771666923,0.046153846153846156
MILD,PE 18:1_20:5,5,5,0,5,1.0,any_filter_loss,0.3998586987063159,0.9724669479844656,0.2358672544872255,0.0008012039054279274,0.0008606088188597427,0.0375
MILD,PE 18:1_22:2,5,5,0,5,1.0,any_filter_loss,0.12985107942569446,0.9248799886279087,0.2737586242615052,0.0021254478117591624,0.002124672815584927,0.058823529411764705
MILD,PE 18:1_22:4,5,5,0,5,1.0,any_filter_loss,0.11052846478170081,0.969840644646915,0.13562077871750905,0.0002187931374144636,0.00021536997653726075,0.05333333333333334
MILD,PE 18:1_22:5,5,5,0,5,1.0,any_filter_loss,0.19163429981325247,0.9256344671279978,0.2133913524062529,0.000883079450688995,0.0008913924319237099,0.028169014084507043
MILD,PE 18:1_22:6,5,5,0,5,1.0,any_filter_loss,0.3159564682544253,0.8033916799379116,0.3147345109004634,0.004215489361945601,0.004259121098188823,0.015384615384615385
MILD,PE 18:2_22:2,5,5,0,5,1.0,any_filter_loss,0.1271355008514916,0.9008257061441529,0.3075663178035413,0.0003045712876184048,0.000304167674782585,0.05970149253731343
MILD,PE 20:0_20:5,5,5,0,5,1.0,any_filter_loss,0.42609430792144315,0.8451414828957593,0.30776996621138847,0.002121680792026015,0.0022945694826855823,0.04225352112676056
MILD,PE 20:2_20:3,5,3,2,3,1.0,any_filter_loss,0.10342592469336877,0.8809502880689941,0.37931315485534245,0.0016177336068645687,0.0016321924775449803,0.0
MILD,PE O-16:0_22:1,5,5,0,5,1.0,any_filter_loss,0.25810380084870377,0.9626827699537985,0.034183285797328655,0.001476706135746686,0.0012837561985494794,0.0
MILD,PE O-16:0_22:6,5,5,0,5,1.0,any_filter_loss,0.48470573742722234,0.900438885889574,0.1614418659271415,0.0022747405659097053,0.0018564212507093947,0.0
MILD,PE O-16:1_22:1,5,2,3,2,1.0,any_filter_loss,0.3096547237703799,0.9753848425333608,0.07168868530044187,0.0023513749611915324,0.000861151070150834,0.034482758620689655
MILD,PE O-16:1_22:3,5,4,1,4,1.0,any_filter_loss,0.15301712497872955,0.978974472761994,0.05109413449543146,0.0016880138933791367,0.0016878880497489535,0.1
MILD,PE O-16:1_24:6,5,5,0,5,1.0,any_filter_loss,0.41848831684391674,0.9120817497666402,0.043713623229206855,0.0027064563948248077,0.0027649406387783015,0.05128205128205128
MILD,PE O-18:0_22:5,5,5,0,5,1.0,any_filter_loss,0.43559350264218133,0.9521162343234528,0.09057688868244451,0.00897500524146111,0.0052266673231925465,0.03125
MILD,PE O-18:1_20:2,5,4,1,4,1.0,any_filter_loss,0.23640856435982596,0.9860488591567219,0.05007971048025392,0.0006346910313643761,0.00015812090998579276,0.0
MILD,PE O-20:1_20:1,5,5,0,5,1.0,any_filter_loss,0.300364327002164,0.9853143544809311,0.16047256463030118,0.021069383599322422,0.02380573565115074,0.0625
MILD,PE O-20:2_20:3,5,2,3,2,1.0,any_filter_loss,0.1699072530804405,0.9836260273963529,0.031218531110331932,0.0001892135844027143,0.000190117413105928,0.06060606060606061
MILD,PG 14:0_22:3,5,4,1,4,1.0,any_filter_loss,0.08672432217020402,0.9402021823761977,0.09248053115510325,4.3691162162073915e-05,0.0010326677530587691,0.03614457831325301
MILD,PG 17:0_18:0,5,5,0,0,0.0,never_filter_loss,0.5692674122568047,0.7118582510946688,0.2506727968425583,0.005002985232330115,0.006596406970651447,0.08
MILD,PG 17:0_20:1,5,5,0,0,0.0,never_filter_loss,0.7656382983426151,0.9467690930810565,0.11848369535153747,0.0003650793415157505,0.0031137288602455238,0.05319148936170213
MILD,PG 18:0_18:0,5,5,0,5,1.0,any_filter_loss,0.27746580180873914,0.8568501347183278,0.3515672967583239,0.0003581991358001524,0.00010951787532964552,0.03389830508474576
MILD,PG 18:1_18:2,5,5,0,5,1.0,any_filter_loss,0.18514361914509317,0.8693484458976806,0.5954341339760317,0.0025587379885222417,0.0008958728503084545,0.05970149253731343
MILD,PG 18:1_20:5,5,5,0,5,1.0,any_filter_loss,0.43403628582268905,0.9724669479844656,0.20168966737085237,0.004315376155732187,0.0033317377345079002,0.010416666666666666
MILD,PG 18:2_20:5,5,5,0,5,1.0,any_filter_loss,0.45600375389372205,0.9631467226016989,0.13540569175942307,0.003755522198340744,0.003347427340093412,0.033707865168539325
MILD,PG 20:0_16:1,5,5,0,5,1.0,any_filter_loss,0.27509463736924117,0.8206488603123235,0.4400895324696777,0.0035883190031053003,0.002125072738387912,0.04597701149425287
MILD,PS 14:0_22:0,5,5,0,0,0.0,never_filter_loss,0.755911282254363,0.4966771953016806,0.15131295823331015,0.014301426338439227,0.022659755577108642,0.07142857142857142
MILD,PS 14:0_22:4,5,5,0,0,0.0,never_filter_loss,0.3282929959935041,0.543623575220217,0.10688133467946276,0.005255813177672319,0.004191883189783474,0.05333333333333334
MILD,PS 16:1_20:3,5,5,0,5,1.0,any_filter_loss,0.34984059386853866,0.5074650921831881,0.12705139171053204,0.007313982585612444,0.02550036110593812,0.04225352112676056
MILD,PS 18:0_17:1,5,5,0,5,1.0,any_filter_loss,0.5700329198506149,0.552158066910196,0.2648511266188399,0.10610618543008443,0.10639827148241643,0.014925373134328358
MODERATE,PA 18:0_22:2,5,5,0,5,1.0,any_filter_loss,0.27393752390511106,0.8394493239810369,0.36260158405766385,0.02351886071492093,0.02069604792981916,0.16
MODERATE,PA 18:0_22:4,5,5,0,5,1.0,any_filter_loss,0.18925162859522815,0.8691673191165914,0.31323723028330897,0.028616841107932944,0.028598164600455833,0.13414634146341464
MODERATE,PA 18:0_24:1,5,5,0,5,1.0,any_filter_loss,0.3334734584306543,0.8793255202210899,0.22349976674487387,0.026829836515780414,0.029863395376363955,0.11940298507462686
MODERATE,PA 18:1_22:1,5,5,0,3,0.6,any_filter_loss,0.46175873097333114,0.9022714644699661,0.2905844069806663,0.0019058111212388873,0.005781683022816564,0.10810810810810811
MODERATE,PA 20:0_20:4,5,3,2,3,1.0,any_filter_loss,0.1645114953783594,0.8957566529041909,0.3424625013635971,0.035207471766033116,0.037242614862983636,0.10112359550561797
MODERATE,PA 20:1_20:1,5,5,0,5,1.0,any_filter_loss,0.4231895167566119,0.9753576763078726,0.3291536211973855,0.004056557011968609,0.009118661173266429,0.11363636363636363
MODERATE,PA 20:1_22:1,5,5,0,3,0.6,any_filter_loss,0.48292710886676304,0.8982874947005188,0.22073574264275386,0.042150757204609035,0.046487835812741074,0.11842105263157894
MODERATE,PA 22:1_18:2,5,5,0,3,0.6,any_filter_loss,0.3672416022212644,0.8804726866933393,0.42728280324989093,0.02691113441240789,0.023724425464931476,0.05405405405405406
MODERATE,PA 22:1_20:2,5,5,0,3,0.6,any_filter_loss,0.43337633237958284,0.8789327040599717,0.27097424872123554,0.013554543831596821,0.01914604769921946,0.09333333333333334
MODERATE,PA 22:1_20:3,5,5,0,0,0.0,never_filter_loss,0.47201880717776407,0.8266719825061805,0.24944586960093668,0.036066276380636864,0.04223833819265632,0.12987012987012986
MODERATE,PA 22:6_22:6,5,5,0,0,0.0,never_filter_loss,0.5618631902016936,0.691000163096786,0.18635717808006635,0.011791523875777421,0.012108010693223203,0.14583333333333334
MODERATE,PC 14:0_20:4,5,5,0,0,0.0,never_filter_loss,0.6036768381098416,0.7745273553735048,0.030942368542241527,0.02095375866627036,0.020883261090615557,0.060240963855421686
MODERATE,PC 16:1_18:1,5,5,0,5,1.0,any_filter_loss,0.3710824945274597,0.6900215947371616,0.3528311199198995,0.016335279638232003,0.01633586859628633,0.08695652173913043
MODERATE,PC 20:0_14:1,5,5,0,5,1.0,any_filter_loss,0.593367589246976,0.47707361889437966,0.2851238976272237,0.009633002353415354,0.00963735879025518,0.12
MODERATE,PE 16:0_22:1,5,5,0,5,1.0,any_filter_loss,0.20454583643989277,0.8508967724619106,0.32715941021570594,0.012638953305908918,0.012713523169433083,0.16666666666666666
MODERATE,PE 16:0_22:2,5,5,0,5,1.0,any_filter_loss,0.1886425381510025,0.8572487991575071,0.3301179135196991,0.02756581713086992,0.02769940301002005,0.12280701754385964
MODERATE,PE 16:0_24:5,5,5,0,5,1.0,any_filter_loss,0.21271686018449112,0.9348240213453116,0.1546244672974381,0.007927872983995443,0.007752559846100793,0.1206896551724138
MODERATE,PE 16:1_22:1,5,5,0,3,0.6,any_filter_loss,0.29634414058106057,0.6962164662208943,0.4407404219699385,0.0338159661449321,0.0358225131677532,0.11320754716981132
MODERATE,PE 16:1_22:4,5,4,1,4,1.0,any_filter_loss,0.11707440620301834,0.9872300880237134,0.16084900498979865,0.0029498684932359742,0.002949875225067733,0.1111111111111111
MODERATE,PE 17:0_20:0,5,5,0,5,1.0,any_filter_loss,0.2698075638945543,0.9206618024583055,0.26327938903853587,0.008181300974087313,0.0076215412507438796,0.14285714285714285
MODERATE,PE 17:0_22:6,5,5,0,3,0.6,any_filter_loss,0.31244709118745745,0.8271838267520604,0.30433218821543645,0.02043282907208166,0.02128164989764758,0.21212121212121213
MODERATE,PE 18:3_20:4,5,4,1,4,1.0,any_filter_loss,0.15717262060050777,0.9796724074104938,0.3020809046376558,0.12042440326983606,0.1206991783278889,0.1891891891891892
MODERATE,PE 20:1_20:3,5,5,0,5,1.0,any_filter_loss,0.15409170574418976,0.9673598800301968,0.13448997604329319,0.0014960618723857122,0.0013968157459480768,0.09433962264150944
MODERATE,PE 20:3_20:3,5,5,0,5,1.0,any_filter_loss,0.11972298568219342,0.9884825101246301,0.06004173901205881,0.0016963874672193402,0.0016617522380532046,0.10344827586206896
MODERATE,PE 22:0_16:1,5,5,0,3,0.6,any_filter_loss,0.4791490094759039,0.8206488603123235,0.1992356350010589,0.01398340966457523,0.015429314087784252,0.0784313725490196
MODERATE,PE O-16:0_22:4,5,5,0,5,1.0,any_filter_loss,0.21233553953653375,0.9788297262879938,0.0525446422437508,0.0014353458098601557,0.0014785625831121862,0.0
MODERATE,PE O-16:0_22:5,5,5,0,3,0.6,any_filter_loss,0.2748935194643735,0.9595548171321114,0.1397678816901211,0.0014573668327483302,0.0010336822738566953,0.0
MODERATE,PE O-16:1_24:0,5,5,0,3,0.6,any_filter_loss,0.6719956962672089,0.7350890401757907,0.07613711984283755,0.004366731043771277,0.0027348561583652176,0.07142857142857142
MODERATE,PE O-16:1_24:5,5,5,0,5,1.0,any_filter_loss,0.34567378912555613,0.9348240213453116,0.021667538356373084,0.011877127120754505,0.011714428054727999,0.05555555555555555
MODERATE,PE O-18:0_20:2,5,5,0,5,1.0,any_filter_loss,0.24588669439016053,0.9868742659860326,0.06594469017151477,0.00877764206900511,0.0025374031051380586,0.07692307692307693
MODERATE,PE O-18:0_22:3,5,4,1,4,1.0,any_filter_loss,0.17092763078541914,0.9848176901850096,0.13210834735563867,0.003936637273247778,0.002721574194149201,0.125
MODERATE,PE O-18:1_20:3,5,5,0,5,1.0,any_filter_loss,0.17248031845796863,0.9828895828332406,0.04325030597265456,0.004280407775395512,0.004177774932991096,0.12121212121212122
MODERATE,PE O-18:3_20:3,5,5,0,5,1.0,any_filter_loss,0.14272429629361114,0.9852235586914223,0.03704042840064109,0.0033996321470814994,0.0033814598886886538,0.030303030303030304
MODERATE,PE O-18:3_22:5,5,5,0,3,0.6,any_filter_loss,0.24245622912169137,0.9538166594574129,0.08542067730299038,0.0013059829909413123,0.0012967573271988053,0.02564102564102564
MODERATE,PE O-20:1_18:2,5,5,0,3,0.6,any_filter_loss,0.4351737905876049,0.9895861653945057,0.1319467591106363,0.0063135284661594016,0.00756257282988404,0.12121212121212122
MODERATE,PE O-20:3_20:4,5,5,0,5,1.0,any_filter_loss,0.2145730867610224,0.9824124426110163,0.03143893515640733,0.009135750159838807,0.006421502386010913,0.06521739130434782
MODERATE,PE O-22:1_18:2,5,5,0,3,0.6,any_filter_loss,0.3303710154344505,0.9888056550432852,0.337294176164278,0.009925040544100261,0.010085456571791829,0.14705882352941177
MODERATE,PG 14:0_20:0,5,5,0,5,1.0,any_filter_loss,0.7233219574944608,0.7740328453451822,0.0781368584247818,0.0001978858993553212,0.00261810597049994,0.075
MODERATE,PG 14:0_22:0,5,4,1,4,1.0,any_filter_loss,0.39347230654553556,0.7936099239641267,0.021497958044986498,0.0002454187826737009,0.020583162875648098,0.0375
MODERATE,PG 16:0_22:4,5,5,0,5,1.0,any_filter_loss,0.20371874124768685,0.9923755383909935,0.44339453837236364,0.02098008274366725,0.021660108898242325,0.06896551724137931
MODERATE,PG 16:1_22:3,5,5,0,5,1.0,any_filter_loss,0.23838939494724698,0.9816952449555878,0.29010776373355207,0.0105728782574529,0.05125626961388585,0.13953488372093023
MODERATE,PG 17:0_18:2,5,5,0,3,0.6,any_filter_loss,0.3764851143957298,0.9263229165510191,0.3987025973319038,0.009484791059420017,0.016719429623746618,0.06451612903225806
MODERATE,PG 18:0_18:1,5,5,0,5,1.0,any_filter_loss,0.22385302590484416,0.857321011866293,0.5499702514118422,0.013214245959425774,0.015415554182313107,0.08860759493670886
MODERATE,PG 18:2_20:2,5,5,0,5,1.0,any_filter_loss,0.26810270421335247,0.9325718345250835,0.2603944544674466,0.00035321850653713405,0.0029041614180301822,0.1797752808988764
MODERATE,PG 20:1_18:3,5,5,0,5,1.0,any_filter_loss,0.23811465068961957,0.9659907277452849,0.39065317821122125,0.013223788545502657,0.005873700646287117,0.04
MODERATE,PS 16:0_20:3,5,4,1,2,0.5,any_filter_loss,0.31718607034211305,0.6379581944357362,0.2271159539431486,0.027212528966907734,0.058276376417067954,0.09210526315789473
MODERATE,PS 16:1_20:4,5,5,0,0,0.0,never_filter_loss,0.6316414058973379,0.55604981646135,0.12364708441998395,0.002065200950896351,0.0021543074540258944,0.07692307692307693
MODERATE,PS 17:0_18:1,5,5,0,1,0.2,any_filter_loss,0.6537549379034493,0.5358578664393875,0.1898482402281083,0.010570117363184806,0.010591397975243666,0.0547945205479452
MODERATE,PS 18:0_18:3,5,5,0,1,0.2,any_filter_loss,0.5738266720137706,0.6379581944357362,0.264601068755451,0.09413502859169243,0.095342705409444,0.10666666666666667
MODERATE,PS 18:1_18:3,5,5,0,1,0.2,any_filter_loss,0.6381277857367744,0.5253007492314473,0.23640738012806917,0.06172178898474612,0.06271145019339008,0.078125
MODERATE,PA 16:0_24:1,3,3,0,1,0.3333333333333333,any_filter_loss,0.5504804076642431,0.883487638633687,0.19595790828137805,0.007297931729579266,0.0021546023846907847,0.03571428571428571
MODERATE,PA 18:0_22:0,3,3,0,3,1.0,any_filter_loss,0.3381799302246325,0.7789494468002593,0.44534403487199864,0.02848961175578779,0.03648961246100402,0.08108108108108109
MODERATE,PA 18:0_24:5,3,3,0,3,1.0,any_filter_loss,0.1609179673339711,0.923167578011941,0.23175005437601462,0.0036633805692699584,0.0036136396067398824,0.0625
MODERATE,PA 18:1_22:3,3,3,0,3,1.0,any_filter_loss,0.26035456632127724,0.8639124793194024,0.33467634555443054,0.01104951059015924,0.009298220516597566,0.05194805194805195
MODERATE,PA 18:1_22:4,3,3,0,3,1.0,any_filter_loss,0.23118051955905902,0.7349039762795926,0.45741325188581883,0.02171118528722915,0.021927532103925507,0.08433734939759036
MODERATE,PA 18:1_24:4,3,3,0,3,1.0,any_filter_loss,0.2590661626283403,0.770029563231097,0.383684973635327,0.004381306891687475,0.004326198598567421,0.09411764705882353
MODERATE,PA 20:0_20:3,3,3,0,3,1.0,any_filter_loss,0.28594755195446475,0.8048190171061798,0.4076195370011738,0.026905938589507516,0.03319554418155579,0.13414634146341464
MODERATE,PA 20:0_22:1,3,3,0,3,1.0,any_filter_loss,0.3017443733307278,0.7600275012777736,0.3861256918000734,0.013143009850812737,0.013404242312570869,0.07792207792207792
MODERATE,PA 20:0_22:4,3,3,0,3,1.0,any_filter_loss,0.241048023112079,0.8303328039494347,0.3429309669132585,0.0709592887498206,0.07259142093825233,0.11627906976744186
MODERATE,PA 20:1_22:3,3,3,0,3,1.0,any_filter_loss,0.33476954438953394,0.8781031661032047,0.24658711409645712,0.027253364092044596,0.03116676551298969,0.08860759493670886
MODERATE,PA 20:1_22:6,3,3,0,3,1.0,any_filter_loss,0.23670331410171605,0.9753576763078726,0.2468565478982028,0.011632730240933808,0.011684792340459604,0.07407407407407407
MODERATE,PA 20:4_22:4,3,3,0,3,1.0,any_filter_loss,0.48634054946811606,0.6664725514235691,0.28586225820427874,0.02659509671704785,0.027615015444042434,0.053763440860215055
MODERATE,PA 22:0_20:1,3,3,0,3,1.0,any_filter_loss,0.4020166500263304,0.8495611434984474,0.2527636987135384,0.024670426894927378,0.029212533438468746,0.04
MODERATE,PA 22:0_20:4,3,3,0,3,1.0,any_filter_loss,0.4550397992700734,0.7513055221510871,0.3384293666283728,0.0086714832213447,0.008835232942307703,0.10843373493975904
MODERATE,PA 22:1_20:5,3,3,0,3,1.0,any_filter_loss,0.35373566324826666,0.8941830868357824,0.2306843778836697,0.015948807673170196,0.017555832364119728,0.05
MODERATE,PA 22:5_22:5,3,3,0,3,1.0,any_filter_loss,0.37471749963267753,0.9264320052062154,0.08562930665407442,0.11253485184806455,0.11659000749086579,0.15217391304347827
MODERATE,PA 24:1_18:2,3,3,0,3,1.0,any_filter_loss,0.416531063009088,0.7481851339902038,0.35294871355264307,0.007982763433951878,0.006877013303554724,0.07575757575757576
MODERATE,PC 14:1_20:1,3,3,0,0,0.0,never_filter_loss,0.4158486366407816,0.6900215947371616,0.30806497780657766,0.0011240740041472685,0.001119940951996412,0.05194805194805195
MODERATE,PC 16:0_18:0,3,3,0,3,1.0,any_filter_loss,0.49212912704514206,0.6471130837014081,0.2680149501547328,0.014468031505265433,0.014462911284981339,0.07058823529411765
MODERATE,PC 16:0_18:1,3,2,1,2,1.0,any_filter_loss,0.3986166534022413,0.6482926248318512,0.4109027795617344,0.010716155688694329,0.010716085125303088,0.18840579710144928
MODERATE,PC 16:1_18:2,3,3,0,1,0.3333333333333333,any_filter_loss,0.6451321224456396,0.494520891089959,0.2246564065829395,0.0851555772113064,0.08515960466327943,0.08888888888888889
MODERATE,PE 16:0_24:6,3,3,0,3,1.0,any_filter_loss,0.354462542162506,0.9120817497666402,0.1077393979106176,0.03337449601511244,0.03234429415657669,0.0967741935483871
MODERATE,PE 17:0_22:4,3,3,0,3,1.0,any_filter_loss,0.16492324087593133,0.9518068384474951,0.1688292372948361,0.011323827398024844,0.010696441986026706,0.10294117647058823
MODERATE,PE 17:0_22:5,3,3,0,3,1.0,any_filter_loss,0.20553202250395822,0.9211023236447361,0.22285151703158326,0.006022341607054282,0.006118608822853311,0.09090909090909091
MODERATE,PE 17:1_20:1,3,3,0,3,1.0,any_filter_loss,0.2809048613188857,0.9726361074886047,0.3272746898881621,0.02195098404712359,0.02319081164381953,0.18032786885245902
MODERATE,PE 17:1_20:3,3,3,0,3,1.0,any_filter_loss,0.17058675100295786,0.9942019114139844,0.23344250644858108,0.02781094553235297,0.028228990083589367,0.13333333333333333
MODERATE,PE 17:1_22:5,3,3,0,3,1.0,any_filter_loss,0.1734421065443991,0.9209267513286628,0.23190880091119995,0.005744579375785097,0.005751764830457584,0.15873015873015872
MODERATE,PE 17:1_22:6,3,3,0,3,1.0,any_filter_loss,0.2805102678681988,0.8065738667783828,0.34444630313629093,0.005664061742315263,0.005482838723936623,0.20634920634920634
MODERATE,PE 18:0_20:3,3,3,0,3,1.0,any_filter_loss,0.19168425851262216,0.9604368385083139,0.1400403915099126,0.022206833331292586,0.022947971573484938,0.125
MODERATE,PE 18:0_20:5,3,3,0,3,1.0,any_filter_loss,0.4239120961696826,0.9850297730134422,0.320123235599173,0.004934571524748632,0.005082815451705747,0.09333333333333334
MODERATE,PE 18:1_20:2,3,3,0,3,1.0,any_filter_loss,0.23433578314102768,0.9251187567839819,0.20375319449318544,0.002957952615715631,0.0005097541630209035,0.07142857142857142
MODERATE,PE 18:1_22:3,3,1,2,1,1.0,any_filter_loss,0.10400557506001402,0.9605256779361461,0.1742934444820513,0.0052429883517403075,0.005243068903257986,0.1323529411764706
MODERATE,PE 18:2_20:2,3,3,0,3,1.0,any_filter_loss,0.18632332063996887,0.930785287256962,0.4829206823131476,0.0034037588036589517,0.003425147880774637,0.08695652173913043
MODERATE,PE 20:0_20:3,3,3,0,3,1.0,any_filter_loss,0.23032749244938702,0.9788474233762352,0.09767313679891157,0.021862176492828622,0.023301227642374633,0.1724137931034483
MODERATE,PE 20:1_18:2,3,3,0,3,1.0,any_filter_loss,0.3477875659110764,0.8910754995054128,0.2892279401300275,0.09984548829565154,0.10973993746145727,0.1
MODERATE,PE 20:1_20:4,3,3,0,3,1.0,any_filter_loss,0.22946614386916517,0.9422890778439277,0.1647009138898418,0.004257580720927634,0.0035015020192084023,0.0958904109589041
MODERATE,PE 20:1_20:5,3,3,0,0,0.0,never_filter_loss,0.3973599004661181,0.7993795604865694,0.33650437366671354,0.007191370271417363,0.00502753052049576,0.1388888888888889
MODERATE,PE 20:4_20:5,3,3,0,0,0.0,never_filter_loss,0.26664550336010406,0.7114621309435802,0.4744158758561441,0.01044677052715437,0.010784837304784856,0.1016949152542373
MODERATE,PE O-18:0_20:1,3,3,0,3,1.0,any_filter_loss,0.318148671588633,0.9846847840318518,0.10986362796133797,0.000731155119371163,0.000768607114194908,0.07407407407407407
MODERATE,PE O-18:0_20:5,3,3,0,3,1.0,any_filter_loss,0.6919909071159304,0.9215313010613547,0.1361896321849082,0.01873026420431112,0.018063344580059315,0.05714285714285714
MODERATE,PE O-18:0_22:4,3,3,0,3,1.0,any_filter_loss,0.29140314574818993,0.9785214888337301,0.07223834193787476,0.011493042837878442,0.012676102411679935,0.0967741935483871
MODERATE,PE O-18:0_22:6,3,3,0,0,0.0,never_filter_loss,0.5753436233533816,0.900438885889574,0.17868511941106635,0.0012541348266286168,0.0017557677247022063,0.08571428571428572
MODERATE,PE O-18:1_20:5,3,3,0,3,1.0,any_filter_loss,0.5577857427715306,0.9215313010613547,0.19234784377749203,0.017136960829554404,0.007426925674179907,0.047619047619047616
MODERATE,PE O-18:2_20:3,3,3,0,3,1.0,any_filter_loss,0.15389249231375365,0.982213995160686,0.04157871249447814,0.012525726300442908,0.012519771266610302,0.06060606060606061
MODERATE,PE O-18:2_22:3,3,3,0,3,1.0,any_filter_loss,0.11689533016188987,0.986523537683374,0.04682821117393669,0.0009763809145343361,0.0009763827693737293,0.0967741935483871
MODERATE,PE O-18:2_22:4,3,3,0,3,1.0,any_filter_loss,0.14828595476682938,0.9790243416279218,0.05669129626843439,0.0038504629797821988,0.0038340882875486093,0.10526315789473684
MODERATE,PE O-18:2_22:5,3,3,0,3,1.0,any_filter_loss,0.26103860623460656,0.9522818262826038,0.09101743804944895,0.028002541079205634,0.028560465840289262,0.10256410256410256
MODERATE,PE O-18:3_22:3,3,3,0,3,1.0,any_filter_loss,0.12439321564387905,0.986523537683374,0.03933032569194751,0.0013818048439810937,0.00138184207163905,0.16129032258064516
MODERATE,PE O-20:0_20:2,3,3,0,3,1.0,any_filter_loss,0.3574277360579778,0.9885666181646524,0.13364990366733687,0.004053723781671792,0.0016212477942840753,0.18518518518518517
MODERATE,PE O-20:0_20:4,3,3,0,3,1.0,any_filter_loss,0.526269032993801,0.9845400250879618,0.03802391643362135,0.00847096152846638,0.0002884164924407129,0.10526315789473684
MODERATE,PE O-20:1_20:2,3,3,0,3,1.0,any_filter_loss,0.1653451175229508,0.9857697500316058,0.0657556111825639,0.023195200322623122,0.02340850479240797,0.0967741935483871
MODERATE,PE O-20:1_20:3,3,3,0,3,1.0,any_filter_loss,0.20156572631951045,0.9834038435158862,0.040391770192754556,0.00021603532334224518,9.58336556625694e-05,0.03225806451612903
MODERATE,PE O-20:3_20:3,3,2,1,2,1.0,any_filter_loss,0.1678765453740962,0.9829060245747678,0.02838033431556483,0.012010620775613212,0.012031504089625056,0.22857142857142856
MODERATE,PG 14:0_22:5,3,3,0,3,1.0,any_filter_loss,0.3916326572569566,0.8740294125875786,0.3151168353722158,0.03965699727907401,0.038484349180583854,0.13953488372093023
MODERATE,PG 14:0_24:4,3,3,0,3,1.0,any_filter_loss,0.2364766144017557,0.9336814199983869,0.409000174620185,0.0010683302651692816,0.003085700851263029,0.0963855421686747
MODERATE,PG 16:0_18:0,3,3,0,3,1.0,any_filter_loss,0.2730282086736678,0.7320003904966144,0.5284306072455749,0.015900560326844726,0.018370463653893276,0.10309278350515463
MODERATE,PG 16:0_20:2,3,3,0,3,1.0,any_filter_loss,0.06404391649487126,0.9219327136957365,0.1380284242110617,0.0014724530072517394,0.026232009824010416,0.08695652173913043
MODERATE,PG 16:0_20:5,3,3,0,3,1.0,any_filter_loss,0.3586980333079263,0.7784577318028689,0.43367157561769326,0.002351121648635379,0.0031738658632861627,0.07228915662650602
MODERATE,PG 16:0_22:6,3,3,0,3,1.0,any_filter_loss,0.42771565508602566,0.9755490303044848,0.17342901101082447,0.037939517349013796,0.05489465871036292,0.12790697674418605
MODERATE,PG 16:1_20:1,3,3,0,3,1.0,any_filter_loss,0.09626468926765062,0.9360510343034749,0.032094009427904344,0.0003465831332527536,0.02293590990976191,0.11363636363636363
MODERATE,PG 16:1_22:5,3,3,0,3,1.0,any_filter_loss,0.33527002658239174,0.9821921171688058,0.16525580723594785,0.004212599053400323,0.004720675080607362,0.13253012048192772
MODERATE,PG 17:0_20:0,3,3,0,0,0.0,never_filter_loss,0.8310149974793403,0.9206618024583055,0.050880880759260116,0.009830452375701015,0.026990693848136682,0.12087912087912088
MODERATE,PG 17:0_20:3,3,3,0,3,1.0,any_filter_loss,0.15645235358917814,0.9898819477902964,0.24553643982354834,0.005324997764222239,0.0025238975635980543,0.09278350515463918
MODERATE,PG 17:0_20:4,3,3,0,3,1.0,any_filter_loss,0.333380957182523,0.9887826418894832,0.3019228169112968,0.004248848049690057,0.0030506168327869565,0.0784313725490196
MODERATE,PG 17:1_20:1,3,3,0,3,1.0,any_filter_loss,0.266391512522408,0.9726361074886047,0.01725447718424139,0.00020371888323444942,0.0008380198643264114,0.06896551724137931
MODERATE,PG 17:1_20:4,3,2,1,2,1.0,any_filter_loss,0.4831275545644737,0.9853779862370524,0.22593740389897193,0.009768990444963377,0.014673901738977091,0.0851063829787234
MODERATE,PG 18:0_20:5,3,3,0,3,1.0,any_filter_loss,0.3912132251385195,0.9850297730134422,0.3528221066303361,0.003575270869177749,0.0015187346988752015,0.09375
MODERATE,PG 18:1_18:1,3,3,0,3,1.0,any_filter_loss,0.20074680321951024,0.9552207873236039,0.5335974465364102,0.007567284672845731,0.0037429423728039257,0.08620689655172414
MODERATE,PS 14:0_20:0,3,3,0,0,0.0,never_filter_loss,0.6390062445975,0.6039215648852556,0.16709168430356958,0.010801892749627506,0.010809429545237559,0.06944444444444445
MODERATE,PS 14:0_22:2,3,3,0,3,1.0,any_filter_loss,0.4826107446087538,0.6351598729298585,0.056673251273551106,0.007977026934082976,0.047826105286139065,0.15714285714285714
MODERATE,PS 16:0_20:5,3,3,0,3,1.0,any_filter_loss,0.4925110672748304,0.5885323920958705,0.2627774230424914,0.013003782233024452,0.019522444069718925,0.1
MODERATE,PS 16:1_20:1,3,3,0,0,0.0,never_filter_loss,0.4129541991564398,0.5415506422933887,0.12632979672586508,0.012530559487986093,0.028732022022766146,0.12162162162162163
MODERATE,PS 18:0_16:1,3,3,0,3,1.0,any_filter_loss,0.4974005788167513,0.5669019742880855,0.3372870145815912,0.03460912207428468,0.03467752725215889,0.07246376811594203
MODERATE,PS 18:0_18:0,3,3,0,3,1.0,any_filter_loss,0.4331045541325963,0.7822407069839156,0.19197976773862468,0.14300274757408316,0.143083679635846,0.07547169811320754
MODERATE,PS 20:0_16:1,3,3,0,3,1.0,any_filter_loss,0.49681824282241865,0.5478869149773706,0.34409744001467496,0.06793490741157648,0.06858971078031917,0.10526315789473684
MODERATE,PA 16:0_24:4,1,0,1,0,,no_raw_TP,0.2223063465458067,0.9171280506076233,0.17914163452145218,0.059225558726856975,0.05925508274147129,0.05333333333333334
MODERATE,PA 18:0_24:6,1,1,0,1,1.0,any_filter_loss,0.1641748706562144,0.9374908882297373,0.19157325912956763,0.015760135495805683,0.015759279594363185,0.0975609756097561
MODERATE,PA 18:1_24:1,1,1,0,1,1.0,any_filter_loss,0.4394175718623714,0.7742897189559598,0.30213238364332506,0.0035343744859777093,0.004115810843197787,0.045454545454545456
MODERATE,PA 18:1_24:6,1,1,0,1,1.0,any_filter_loss,0.25854770171004793,0.8317569743542244,0.311757671286486,0.02281010034205322,0.02283401356179604,0.07407407407407407
MODERATE,PA 18:2_24:4,1,1,0,1,1.0,any_filter_loss,0.33277246997096527,0.6495701338678831,0.4330785336890039,0.014740376283342904,0.014595113251205105,0.15294117647058825
MODERATE,PA 18:2_24:5,1,1,0,1,1.0,any_filter_loss,0.30902833514416345,0.8083196183923326,0.2868943377666932,0.012194424380151836,0.012167436782171581,0.12658227848101267
MODERATE,PA 20:0_20:2,1,0,1,0,,no_raw_TP,0.2807555140432376,0.7492730089935543,0.49169235917013354,0.006201287571574454,0.006034159623615976,0.04054054054054054
MODERATE,PA 20:0_22:6,1,1,0,1,1.0,any_filter_loss,0.18342642508946627,0.9361340206999159,0.20227608263374897,0.01711381877596141,0.016948861899602208,0.09523809523809523
MODERATE,PA 20:1_22:5,1,1,0,1,1.0,any_filter_loss,0.22030580527220145,0.8930555529932804,0.2632540567277174,0.069533835255568,0.07100361392223253,0.075
MODERATE,PA 20:3_22:4,1,1,0,1,1.0,any_filter_loss,0.402579539322542,0.7488776965339671,0.3030548023026991,0.024387448593219507,0.025216544736891944,0.11627906976744186
MODERATE,PA 22:0_18:2,1,1,0,1,1.0,any_filter_loss,0.34226134747101367,0.761776416520081,0.4474985059635067,0.013891518777047862,0.013207473962933314,0.0958904109589041
MODERATE,PA 22:0_20:3,1,1,0,1,1.0,any_filter_loss,0.4070101497165706,0.700138513759436,0.38977747877753405,0.01438889366882079,0.01889404907788239,0.05263157894736842
MODERATE,PC 14:0_20:2,1,1,0,1,1.0,any_filter_loss,0.3254331442131747,0.6041425983942957,0.4715533114037237,0.021129031587994396,0.021250036897873636,0.0625
MODERATE,PC 16:0_18:2,1,1,0,1,1.0,any_filter_loss,0.3131917397743864,0.5996238721920917,0.4899091295507795,0.06392300729135181,0.0639230804454004,0.10344827586206896
MODERATE,PC O-16:0_17:0,1,1,0,0,0.0,never_filter_loss,0.7536429126805174,0.6594747873316874,0.016839149861247793,0.008459156946662771,0.008459157026453168,0.08571428571428572
MODERATE,PC O-16:1_18:1,1,1,0,0,0.0,never_filter_loss,0.8076497414228311,0.6052609717953458,0.02991086558637346,0.008259275211408346,0.008215790233833786,0.14285714285714285
MODERATE,PE 16:0_22:4,1,0,1,0,,no_raw_TP,0.15895469448868532,0.9923755383909935,0.2386585476665622,0.0073918527025576,0.007358388835608021,0.078125
MODERATE,PE 16:1_22:3,1,1,0,1,1.0,any_filter_loss,0.12325824954460242,0.9816952449555878,0.20295021528294271,0.00038207023808489726,0.00038209370277009214,0.125
MODERATE,PE 16:1_22:6,1,1,0,1,1.0,any_filter_loss,0.2519478993591113,0.9780045750710121,0.13185464506752925,0.005523286924770776,0.005523097592700421,0.09836065573770492
MODERATE,PE 17:0_22:2,1,1,0,1,1.0,any_filter_loss,0.13503108538528152,0.9386569008618137,0.21734595795940753,0.004903086855072347,0.004928988301294401,0.03278688524590164
MODERATE,PE 18:0_20:1,1,1,0,1,1.0,any_filter_loss,0.25393425517668783,0.9625905679777863,0.1807537946676117,0.0048971251584744024,0.003705807341381706,0.09230769230769231
MODERATE,PE 18:1_20:5,1,1,0,1,1.0,any_filter_loss,0.3998586987063159,0.9724669479844656,0.2358672544872255,0.002925284397679029,0.003166082632820588,0.075
MODERATE,PE 18:1_22:2,1,1,0,1,1.0,any_filter_loss,0.12985107942569446,0.9248799886279087,0.2737586242615052,0.00938625815637728,0.009383333361064783,0.07352941176470588
MODERATE,PE 18:1_22:4,1,1,0,1,1.0,any_filter_loss,0.11052846478170081,0.969840644646915,0.13562077871750905,0.0009308117247412984,0.0009167733751700435,0.09333333333333334
MODERATE,PE 18:1_22:5,1,1,0,1,1.0,any_filter_loss,0.19163429981325247,0.9256344671279978,0.2133913524062529,0.01235016582737225,0.012466759679889305,0.056338028169014086
MODERATE,PE 18:1_22:6,1,1,0,1,1.0,any_filter_loss,0.3159564682544253,0.8033916799379116,0.3147345109004634,0.01697482598123068,0.0170533049286411,0.046153846153846156
MODERATE,PE 18:2_22:2,1,1,0,1,1.0,any_filter_loss,0.1271355008514916,0.9008257061441529,0.3075663178035413,0.0012237805781939448,0.001222192809161915,0.08955223880597014
MODERATE,PE 20:0_20:5,1,1,0,1,1.0,any_filter_loss,0.42609430792144315,0.8451414828957593,0.30776996621138847,0.007525541448240136,0.008023734202487476,0.09859154929577464
MODERATE,PE 20:2_20:3,1,1,0,1,1.0,any_filter_loss,0.10342592469336877,0.8809502880689941,0.37931315485534245,0.006841701720754156,0.006907863968091954,0.04878048780487805
MODERATE,PE O-16:0_22:1,1,1,0,1,1.0,any_filter_loss,0.25810380084870377,0.9626827699537985,0.034183285797328655,0.00511856802045596,0.004463900278739441,0.0
MODERATE,PE O-16:0_22:6,1,1,0,1,1.0,any_filter_loss,0.48470573742722234,0.900438885889574,0.1614418659271415,0.009855120315102939,0.007740167377338958,0.0
MODERATE,PE O-16:1_22:1,1,0,1,0,,no_raw_TP,0.3096547237703799,0.9753848425333608,0.07168868530044187,0.0067167896024071805,0.0012854812073977984,0.034482758620689655
MODERATE,PE O-16:1_22:3,1,0,1,0,,no_raw_TP,0.15301712497872955,0.978974472761994,0.05109413449543146,0.0034814322978889978,0.003480745568008259,0.16666666666666666
MODERATE,PE O-16:1_24:6,1,1,0,0,0.0,never_filter_loss,0.41848831684391674,0.9120817497666402,0.043713623229206855,0.004129920520442809,0.004119441247632083,0.05128205128205128
MODERATE,PE O-18:0_22:5,1,1,0,1,1.0,any_filter_loss,0.43559350264218133,0.9521162343234528,0.09057688868244451,0.037865546623218616,0.025609167941854527,0.09375
MODERATE,PE O-18:1_20:2,1,1,0,1,1.0,any_filter_loss,0.23640856435982596,0.9860488591567219,0.05007971048025392,0.0022727465443869166,0.0005702892509124036,0.0
MODERATE,PE O-20:1_20:1,1,1,0,1,1.0,any_filter_loss,0.300364327002164,0.9853143544809311,0.16047256463030118,0.02678511286194518,0.030237649128305732,0.09375
MODERATE,PE O-20:2_20:3,1,0,1,0,,no_raw_TP,0.1699072530804405,0.9836260273963529,0.031218531110331932,0.0007556976978787544,0.0007595398023851896,0.06060606060606061
MODERATE,PG 14:0_22:3,1,1,0,1,1.0,any_filter_loss,0.08672432217020402,0.9402021823761977,0.09248053115510325,0.00016337662345733417,0.003036038634443017,0.07228915662650602
MODERATE,PG 17:0_18:0,1,1,0,0,0.0,never_filter_loss,0.5692674122568047,0.7118582510946688,0.2506727968425583,0.008025598931312272,0.009428613735076308,0.13
MODERATE,PG 17:0_20:1,1,1,0,0,0.0,never_filter_loss,0.7656382983426151,0.9467690930810565,0.11848369535153747,0.0013186425669039492,0.011384415341611276,0.1276595744680851
MODERATE,PG 18:0_18:0,1,1,0,1,1.0,any_filter_loss,0.27746580180873914,0.8568501347183278,0.3515672967583239,0.01734341665477035,0.019287194078808856,0.13559322033898305
MODERATE,PG 18:1_18:2,1,1,0,1,1.0,any_filter_loss,0.18514361914509317,0.8693484458976806,0.5954341339760317,0.0831419838346329,0.1241135203682151,0.14925373134328357
MODERATE,PG 18:1_20:5,1,0,1,0,,no_raw_TP,0.43403628582268905,0.9724669479844656,0.20168966737085237,0.12444790306939768,0.1802421033409778,0.10416666666666667
MODERATE,PG 18:2_20:5,1,1,0,1,1.0,any_filter_loss,0.45600375389372205,0.9631467226016989,0.13540569175942307,0.024623177708275934,0.0272368573177596,0.10112359550561797
MODERATE,PG 20:0_16:1,1,1,0,1,1.0,any_filter_loss,0.27509463736924117,0.8206488603123235,0.4400895324696777,0.023633155556943675,0.01982242563486325,0.10344827586206896
MODERATE,PS 14:0_22:0,1,1,0,0,0.0,never_filter_loss,0.755911282254363,0.4966771953016806,0.15131295823331015,0.017069230801018187,0.02469454229113499,0.11428571428571428
MODERATE,PS 14:0_22:4,1,1,0,1,1.0,any_filter_loss,0.3282929959935041,0.543623575220217,0.10688133467946276,0.0458753987345597,0.12404954461363571,0.10666666666666667
MODERATE,PS 16:1_20:3,1,1,0,1,1.0,any_filter_loss,0.34984059386853866,0.5074650921831881,0.12705139171053204,0.013598335212942292,0.04658590552502673,0.09859154929577464
MODERATE,PS 18:0_17:1,1,1,0,1,1.0,any_filter_loss,0.5700329198506149,0.552158066910196,0.2648511266188399,0.1279037832619786,0.12825292369093555,0.08955223880597014
