candidate_index,lipid_name,truth,clean_rho,mild_rho,stratum,domain,method,q_full,q_deleted,delta_q_unclipped,stable_delta_q_longdouble_accumulation,rho,stable_rho_unclipped,signal_energy_plus_epsilon,x_full_candidate,original_stored_rho,full_dual_violation,deleted_dual_violation,full_complementarity,deleted_complementarity,full_gradient_scale,deleted_gradient_scale,full_raw_min_coefficient,deleted_raw_min_coefficient,full_negative_projection_norm,deleted_negative_projection_norm,full_seconds,deleted_seconds,correction_cosine_with_known_mismatch,top_mismatch_channels_signed_gain,positive_gain_fraction_on_top_mismatch_channels,passes_original_cutoff,passes_mild_cutoff
8,PA 18:0_22:3,True,7.648183435343335e-08,0.0,true_positive_to_zero,CLEAN,scipy_nnls_original_order,8.243086792017075e-19,2.3958724457634184e-08,2.3958724456809876e-08,2.395872445681064e-08,7.648183435343335e-08,7.64818343534358e-08,0.3132603272313426,0.00907401545221812,7.648183435343335e-08,2.337229609858344e-16,1.978801710730748e-16,6.873816868176826e-18,6.211200986361126e-18,0.26237873059943667,0.2623787305994367,0.0,0.0,0.0,0.0,0.498459842056036,0.438559852540493,0.057856909527612556,6.463440041504951e-09,0.2697739628483276,True,False
8,PA 18:0_22:3,True,7.648183435343335e-08,0.0,true_positive_to_zero,CLEAN,scipy_nnls_reverse_order,8.243086792017075e-19,2.3958724457634184e-08,2.3958724456809876e-08,2.395872445681064e-08,7.648183435343335e-08,7.64818343534358e-08,0.3132603272313426,0.00907401545221812,7.648183435343335e-08,2.337229609858344e-16,1.978801710730748e-16,6.873816868176826e-18,6.211200986361126e-18,0.26237873059943667,0.2623787305994367,0.0,0.0,0.0,0.0,0.494884617626667,0.4332212843000889,0.057856909527612556,6.463440041504951e-09,0.2697739628483276,True,False
8,PA 18:0_22:3,True,7.648183435343335e-08,0.0,true_positive_to_zero,CLEAN,scipy_lsq_linear_bvls_tol_1e-12,8.333772108127009e-19,2.3958724457634578e-08,2.39587244568012e-08,2.3958724456801197e-08,7.648183435340567e-08,7.648183435340565e-08,0.3132603272313426,0.009074015969106307,7.648183435343335e-08,9.414442026744913e-13,2.849757647742368e-16,1.9999102855475974e-17,1.3502578763289535e-17,0.26237873059943667,0.2623787305994367,-2.5849394142282115e-26,-5.421010862427522e-20,3.6571606267851224e-26,5.518110862881386e-20,0.7315319627523422,1.409075990319252,0.057856899731984594,6.463440041500264e-09,0.2697739628482383,True,False
8,PA 18:0_22:3,True,7.648183435343335e-08,0.0,true_positive_to_zero,MILD,scipy_nnls_original_order,0.00034997259613769464,0.0003499725961376941,-5.421010862427522e-19,1.0660895454541822e-19,0.0,3.5435415594730665e-19,0.3008542520417659,0.0,0.0,9.25438268190547e-17,1.2332799712022613e-16,3.2563079535503204e-18,3.2782098235472015e-18,0.25717082035781663,0.2571708203578166,0.0,0.0,0.0,0.0,0.3053913153707981,0.28438369557261467,-0.0022543625382914745,1.9194182469222452e-19,0.7291348563581924,False,False
8,PA 18:0_22:3,True,7.648183435343335e-08,0.0,true_positive_to_zero,MILD,scipy_nnls_reverse_order,0.00034997259613769464,0.0003499725961376941,-5.421010862427522e-19,1.0660895454541822e-19,0.0,3.5435415594730665e-19,0.3008542520417659,0.0,0.0,9.25438268190547e-17,1.2332799712022613e-16,3.2563079535503204e-18,3.2782098235472015e-18,0.25717082035781663,0.2571708203578166,0.0,0.0,0.0,0.0,0.30618149042129517,0.28355374187231064,-0.0022543625382914745,1.9194182469222452e-19,0.7291348563581924,False,False
8,PA 18:0_22:3,True,7.648183435343335e-08,0.0,true_positive_to_zero,MILD,scipy_lsq_linear_bvls_tol_1e-12,0.0003499725961376944,0.00034997259613769464,2.710505431213761e-19,2.1388842492215943e-19,9.009363879083474e-19,7.109370184087227e-19,0.3008542520417659,0.0,0.0,5.470175297528219e-16,5.442694905877232e-16,1.591494976978109e-17,1.626147560692348e-17,0.25717082035781663,0.2571708203578166,-1.3010426069826053e-18,-8.673617379884035e-19,1.7230515684107872e-18,9.20805972715339e-19,1.3843788728117943,1.4035536088049412,-0.11521968660251132,2.270616209830831e-19,0.8834349450772095,True,False
10,PA 18:0_22:5,True,2.737093658639987e-08,0.0,true_positive_to_zero,CLEAN,scipy_nnls_original_order,8.243086792017075e-19,8.57422855250826e-09,8.574228551683952e-09,8.574228551683897e-09,2.737093658639987e-08,2.73709365863997e-08,0.3132603272313426,0.007352517350478719,2.737093658639987e-08,2.337229609858344e-16,2.6264517048797567e-16,6.873816868176826e-18,6.6514885124141175e-18,0.26237873059943667,0.2623787305994367,0.0,0.0,0.0,0.0,0.498459842056036,0.43710657209157944,0.024905684224947783,1.4252492131784303e-09,0.16622477516050072,True,False
10,PA 18:0_22:5,True,2.737093658639987e-08,0.0,true_positive_to_zero,CLEAN,scipy_nnls_reverse_order,8.243086792017075e-19,8.57422855250826e-09,8.574228551683952e-09,8.574228551683897e-09,2.737093658639987e-08,2.73709365863997e-08,0.3132603272313426,0.007352517350478719,2.737093658639987e-08,2.337229609858344e-16,2.6264517048797567e-16,6.873816868176826e-18,6.6514885124141175e-18,0.26237873059943667,0.2623787305994367,0.0,0.0,0.0,0.0,0.494884617626667,0.4324030503630638,0.024905684224947783,1.4252492131784303e-09,0.16622477516050072,True,False
10,PA 18:0_22:5,True,2.737093658639987e-08,0.0,true_positive_to_zero,CLEAN,scipy_lsq_linear_bvls_tol_1e-12,8.333772108127009e-19,8.574228552508288e-09,8.57422855167491e-09,8.57422855167491e-09,2.737093658637101e-08,2.737093658637101e-08,0.3132603272313426,0.007352520264106481,2.737093658639987e-08,9.414442026744913e-13,8.55965836125383e-17,1.9999102855475974e-17,8.358497467311588e-18,0.26237873059943667,0.2623787305994367,-2.5849394142282115e-26,-1.0842021724855044e-19,3.6571606267851224e-26,1.1053399666961427e-19,0.7315319627523422,1.6508498080074787,0.02490566601531553,1.4252492131755042e-09,0.1662247751603336,True,False
10,PA 18:0_22:5,True,2.737093658639987e-08,0.0,true_positive_to_zero,MILD,scipy_nnls_original_order,0.00034997259613769464,0.00034997259613769464,0.0,2.582477273255955e-19,0.0,8.583815105586223e-19,0.3008542520417659,0.0,0.0,9.25438268190547e-17,9.1591366652502e-17,3.2563079535503204e-18,3.2548512641662985e-18,0.25717082035781663,0.2571708203578166,0.0,0.0,0.0,0.0,0.3053913153707981,0.3135312795639038,-0.24654385531174308,2.4580598441234505e-19,0.8803846169583536,False,False
10,PA 18:0_22:5,True,2.737093658639987e-08,0.0,true_positive_to_zero,MILD,scipy_nnls_reverse_order,0.00034997259613769464,0.00034997259613769464,0.0,2.582477273255955e-19,0.0,8.583815105586223e-19,0.3008542520417659,0.0,0.0,9.25438268190547e-17,9.1591366652502e-17,3.2563079535503204e-18,3.2548512641662985e-18,0.25717082035781663,0.2571708203578166,0.0,0.0,0.0,0.0,0.30618149042129517,0.30492377281188965,-0.24654385531174308,2.4580598441234505e-19,0.8803846169583536,False,False
10,PA 18:0_22:5,True,2.737093658639987e-08,0.0,true_positive_to_zero,MILD,scipy_lsq_linear_bvls_tol_1e-12,0.0003499725961376944,0.00034997259613769464,2.710505431213761e-19,2.139086255553068e-19,9.009363879083474e-19,7.110041626588381e-19,0.3008542520417659,0.0,0.0,5.470175297528219e-16,5.442694905877232e-16,1.591494976978109e-17,1.626147560692348e-17,0.25717082035781663,0.2571708203578166,-1.3010426069826053e-18,-8.673617379884035e-19,1.7230515684107872e-18,1.1389566721257243e-18,1.3843788728117943,1.307122379541397,-0.11514661555601748,2.270603543627701e-19,0.8834498095346695,True,False
19,PA 18:1_22:3,False,0.0,8.474893859679513e-06,false_gains_original_cutoff,CLEAN,scipy_nnls_original_order,8.243086792017075e-19,8.243086761679571e-19,-3.0337504632670343e-27,3.303369440632199e-27,0.0,1.0545125422769102e-26,0.3132603272313426,0.0,0.0,2.337229609858344e-16,2.9914112802084675e-16,6.873816868176826e-18,6.3624636458503426e-18,0.26237873059943667,0.2623787305994367,0.0,0.0,0.0,0.0,0.498459842056036,0.4704800136387348,-0.0145181660091945,-5.533244846029494e-27,0.4830217355944658,False,False
19,PA 18:1_22:3,False,0.0,8.474893859679513e-06,false_gains_original_cutoff,CLEAN,scipy_nnls_reverse_order,8.243086792017075e-19,8.243086761679571e-19,-3.0337504632670343e-27,3.303369440632199e-27,0.0,1.0545125422769102e-26,0.3132603272313426,0.0,0.0,2.337229609858344e-16,2.9914112802084675e-16,6.873816868176826e-18,6.3624636458503426e-18,0.26237873059943667,0.2623787305994367,0.0,0.0,0.0,0.0,0.494884617626667,0.4723787270486355,-0.0145181660091945,-5.533244846029494e-27,0.4830217355944658,False,False
19,PA 18:1_22:3,False,0.0,8.474893859679513e-06,false_gains_original_cutoff,CLEAN,scipy_lsq_linear_bvls_tol_1e-12,8.333772108127009e-19,8.308781391652401e-19,-2.4990716474607676e-21,-2.4990716474607507e-21,0.0,-7.97761934793354e-21,0.3132603272313426,0.0,0.0,9.414442026744913e-13,9.82339181053218e-13,1.9999102855475974e-17,8.630015148798572e-18,0.26237873059943667,0.2623787305994367,-2.5849394142282115e-26,-1.0339757656912846e-25,3.6571606267851224e-26,1.071294461996845e-25,0.7315319627523422,0.8197322487831116,-0.05450348507591817,1.8907567465588212e-22,0.18757372896395572,False,False
19,PA 18:1_22:3,False,0.0,8.474893859679513e-06,false_gains_original_cutoff,MILD,scipy_nnls_original_order,0.00034997259613769464,0.0003525223039909819,2.5497078532872347e-06,2.5497078532878022e-06,8.474893859679513e-06,8.4748938596814e-06,0.3008542520417659,0.025095624208334617,8.474893859679513e-06,9.25438268190547e-17,1.1031079478682204e-16,3.2563079535503204e-18,5.191715874943447e-18,0.25717082035781663,0.2571708203578166,0.0,0.0,0.0,0.0,0.3053913153707981,0.2983047515153885,-0.09221851578623445,2.187558023558227e-06,0.7322384347465918,True,False
19,PA 18:1_22:3,False,0.0,8.474893859679513e-06,false_gains_original_cutoff,MILD,scipy_nnls_reverse_order,0.00034997259613769464,0.0003525223039909819,2.5497078532872347e-06,2.5497078532878022e-06,8.474893859679513e-06,8.4748938596814e-06,0.3008542520417659,0.025095624208334617,8.474893859679513e-06,9.25438268190547e-17,1.1031079478682204e-16,3.2563079535503204e-18,5.191715874943447e-18,0.25717082035781663,0.2571708203578166,0.0,0.0,0.0,0.0,0.30618149042129517,0.29878417775034904,-0.09221851578623445,2.187558023558227e-06,0.7322384347465918,True,False
19,PA 18:1_22:3,False,0.0,8.474893859679513e-06,false_gains_original_cutoff,MILD,scipy_lsq_linear_bvls_tol_1e-12,0.0003499725961376944,0.000352522303990982,2.549707853287614e-06,2.5497078532876964e-06,8.474893859680775e-06,8.474893859681048e-06,0.3008542520417659,0.025095624208334326,8.474893859679513e-06,5.470175297528219e-16,2.6438269976059026e-16,1.591494976978109e-17,1.8633047201366492e-17,0.25717082035781663,0.2571708203578166,-1.3010426069826053e-18,-8.673617379884035e-19,1.7230515684107872e-18,1.4691419596994237e-18,1.3843788728117943,1.263179361820221,-0.09221851578656712,2.187558023558349e-06,0.7322384347464745,True,False
56,PA 20:1_22:5,False,3.0330398519472785e-27,9.009363879083474e-19,false_gains_original_cutoff,CLEAN,scipy_nnls_original_order,8.243086792017075e-19,8.243086801518386e-19,9.501310565267075e-28,-4.045876531594984e-27,3.0330398519472785e-27,-1.2915381169882728e-26,0.3132603272313426,0.0,3.0330398519472785e-27,2.337229609858344e-16,2.1391491265890012e-16,6.873816868176826e-18,4.573253458222111e-18,0.26237873059943667,0.2623787305994367,0.0,0.0,0.0,0.0,0.498459842056036,0.47606031969189644,-0.029383960991178598,-4.313149918958346e-27,0.5910329224556206,False,False
56,PA 20:1_22:5,False,3.0330398519472785e-27,9.009363879083474e-19,false_gains_original_cutoff,CLEAN,scipy_nnls_reverse_order,8.243086792017075e-19,8.243086801518386e-19,9.501310565267075e-28,-4.045876531594984e-27,3.0330398519472785e-27,-1.2915381169882728e-26,0.3132603272313426,0.0,3.0330398519472785e-27,2.337229609858344e-16,2.1391491265890012e-16,6.873816868176826e-18,4.573253458222111e-18,0.26237873059943667,0.2623787305994367,0.0,0.0,0.0,0.0,0.494884617626667,0.47196511179208755,-0.029383960991178598,-4.313149918958346e-27,0.5910329224556206,False,False
56,PA 20:1_22:5,False,3.0330398519472785e-27,9.009363879083474e-19,false_gains_original_cutoff,CLEAN,scipy_lsq_linear_bvls_tol_1e-12,8.333772108127009e-19,8.308205077900228e-19,-2.5567030226781006e-21,-2.5567030226781774e-21,0.0,-8.161592134167865e-21,0.3132603272313426,0.0,3.0330398519472785e-27,9.414442026744913e-13,8.088877520873726e-13,1.9999102855475974e-17,1.069105113741522e-17,0.26237873059943667,0.2623787305994367,-2.5849394142282115e-26,-1.0339757656912846e-25,3.6571606267851224e-26,1.0703264762038688e-25,0.7315319627523422,0.65412387996912,-0.045030479360299774,1.2440385670117103e-22,0.1730417373804697,False,False
56,PA 20:1_22:5,False,3.0330398519472785e-27,9.009363879083474e-19,false_gains_original_cutoff,MILD,scipy_nnls_original_order,0.00034997259613769464,0.0003499725961376949,2.710505431213761e-19,-7.503616215590376e-20,9.009363879083474e-19,-2.4941034287089585e-19,0.3008542520417659,0.0,9.009363879083474e-19,9.25438268190547e-17,1.2362615271765964e-16,3.2563079535503204e-18,5.774942051203182e-18,0.25717082035781663,0.2571708203578166,0.0,0.0,0.0,0.0,0.3053913153707981,0.2961750701069832,-0.07653184561681613,-7.89060591790761e-21,0.7909048442482973,True,False
56,PA 20:1_22:5,False,3.0330398519472785e-27,9.009363879083474e-19,false_gains_original_cutoff,MILD,scipy_nnls_reverse_order,0.00034997259613769464,0.0003499725961376949,2.710505431213761e-19,-7.503616215590376e-20,9.009363879083474e-19,-2.4941034287089585e-19,0.3008542520417659,0.0,9.009363879083474e-19,9.25438268190547e-17,1.2362615271765964e-16,3.2563079535503204e-18,5.774942051203182e-18,0.25717082035781663,0.2571708203578166,0.0,0.0,0.0,0.0,0.30618149042129517,0.3010983392596245,-0.07653184561681613,-7.89060591790761e-21,0.7909048442482973,True,False
56,PA 20:1_22:5,False,3.0330398519472785e-27,9.009363879083474e-19,false_gains_original_cutoff,MILD,scipy_lsq_linear_bvls_tol_1e-12,0.0003499725961376944,0.00034997259613769464,2.710505431213761e-19,2.8263313865235895e-19,9.009363879083474e-19,9.394354134410658e-19,0.3008542520417659,0.0,9.009363879083474e-19,5.470175297528219e-16,5.590959552964625e-16,1.591494976978109e-17,1.670445504701248e-17,0.25717082035781663,0.2571708203578166,-1.3010426069826053e-18,-2.168404344971009e-19,1.7230515684107872e-18,5.244529514811146e-19,1.3843788728117943,1.326768308877945,-0.09135275589421306,2.8840119930695285e-19,0.8917520913481337,True,False
0,PA 16:0_24:0,True,1.7916298684924645e-05,4.85505181597886e-05,true_survives_mild_cutoff,CLEAN,scipy_nnls_original_order,8.243086792017075e-19,5.6124655888147925e-06,5.612465588813968e-06,5.61246558881399e-06,1.7916298684924645e-05,1.7916298684924717e-05,0.3132603272313426,0.029410103545771477,1.7916298684924645e-05,2.337229609858344e-16,1.2828758678463687e-16,6.873816868176826e-18,4.858583511722529e-18,0.26237873059943667,0.2623787305994367,0.0,0.0,0.0,0.0,0.498459842056036,0.32382113113999367,0.019852170974488527,1.397446863920138e-06,0.2489898319742647,True,True
0,PA 16:0_24:0,True,1.7916298684924645e-05,4.85505181597886e-05,true_survives_mild_cutoff,CLEAN,scipy_nnls_reverse_order,8.243086792017075e-19,5.6124655888147925e-06,5.612465588813968e-06,5.61246558881399e-06,1.7916298684924645e-05,1.7916298684924717e-05,0.3132603272313426,0.029410103545771477,1.7916298684924645e-05,2.337229609858344e-16,1.2828758678463687e-16,6.873816868176826e-18,4.858583511722529e-18,0.26237873059943667,0.2623787305994367,0.0,0.0,0.0,0.0,0.494884617626667,0.32616281881928444,0.019852170974488527,1.397446863920138e-06,0.2489898319742647,True,True
0,PA 16:0_24:0,True,1.7916298684924645e-05,4.85505181597886e-05,true_survives_mild_cutoff,CLEAN,scipy_lsq_linear_bvls_tol_1e-12,8.333772108127009e-19,5.612465588814807e-06,5.612465588813973e-06,5.612465588813974e-06,1.7916298684924662e-05,1.7916298684924666e-05,0.3132603272313426,0.029410104004164307,1.7916298684924645e-05,9.414442026744913e-13,3.555301946789514e-16,1.9999102855475974e-17,1.979179036604337e-17,0.26237873059943667,0.2623787305994367,-2.5849394142282115e-26,-8.673617379884035e-19,3.6571606267851224e-26,9.155545587158026e-19,0.7315319627523422,1.494686283171177,0.019852170334268306,1.3974468639202261e-06,0.2489898319742811,True,True
0,PA 16:0_24:0,True,1.7916298684924645e-05,4.85505181597886e-05,true_survives_mild_cutoff,MILD,scipy_nnls_original_order,0.00034997259613769464,0.000364579225964898,1.4606629827203373e-05,1.4606629827203961e-05,4.85505181597886e-05,4.8550518159790554e-05,0.3008542520417659,0.024497720445645108,4.85505181597886e-05,9.25438268190547e-17,9.54504487601926e-17,3.2563079535503204e-18,5.000952083258688e-18,0.25717082035781663,0.2571708203578166,0.0,0.0,0.0,0.0,0.3053913153707981,0.27592142298817635,-0.054160776518023396,8.270225688826201e-06,0.6243955372056688,True,True
0,PA 16:0_24:0,True,1.7916298684924645e-05,4.85505181597886e-05,true_survives_mild_cutoff,MILD,scipy_nnls_reverse_order,0.00034997259613769464,0.000364579225964898,1.4606629827203373e-05,1.4606629827203961e-05,4.85505181597886e-05,4.8550518159790554e-05,0.3008542520417659,0.024497720445645108,4.85505181597886e-05,9.25438268190547e-17,9.54504487601926e-17,3.2563079535503204e-18,5.000952083258688e-18,0.25717082035781663,0.2571708203578166,0.0,0.0,0.0,0.0,0.30618149042129517,0.2794173024594784,-0.054160776518023396,8.270225688826201e-06,0.6243955372056688,True,True
0,PA 16:0_24:0,True,1.7916298684924645e-05,4.85505181597886e-05,true_survives_mild_cutoff,MILD,scipy_lsq_linear_bvls_tol_1e-12,0.0003499725961376944,0.0003645792259648979,1.4606629827203536e-05,1.4606629827203616e-05,4.8550518159789145e-05,4.855051815978941e-05,0.3008542520417659,0.0244977204456444,4.85505181597886e-05,5.470175297528219e-16,2.3758935357304223e-16,1.591494976978109e-17,7.760134322865418e-18,0.25717082035781663,0.2571708203578166,-1.3010426069826053e-18,-4.336808689942018e-19,1.7230515684107872e-18,6.802644945937804e-19,1.3843788728117943,1.0546190403401852,-0.054160776518176426,8.270225688826243e-06,0.6243955372056549,True,True
6,PA 18:0_22:1,True,6.849826663802598e-07,2.7148736016660327e-05,true_survives_mild_cutoff,CLEAN,scipy_nnls_original_order,8.243086792017075e-19,2.145778942189021e-07,2.1457789421807778e-07,2.1457789421808408e-07,6.849826663802598e-07,6.849826663802799e-07,0.3132603272313426,0.0073525332929714575,6.849826663802598e-07,2.337229609858344e-16,1.4380628916951972e-16,6.873816868176826e-18,3.929867118840092e-18,0.26237873059943667,0.2623787305994367,0.0,0.0,0.0,0.0,0.498459842056036,0.3678738623857498,-0.004799869367221151,2.1648419298701663e-08,0.10088839476027064,True,False
6,PA 18:0_22:1,True,6.849826663802598e-07,2.7148736016660327e-05,true_survives_mild_cutoff,CLEAN,scipy_nnls_reverse_order,8.243086792017075e-19,2.145778942189021e-07,2.1457789421807778e-07,2.1457789421808408e-07,6.849826663802598e-07,6.849826663802799e-07,0.3132603272313426,0.0073525332929714575,6.849826663802598e-07,2.337229609858344e-16,1.4380628916951972e-16,6.873816868176826e-18,3.929867118840092e-18,0.26237873059943667,0.2623787305994367,0.0,0.0,0.0,0.0,0.494884617626667,0.3674609921872616,-0.004799869367221151,2.1648419298701663e-08,0.10088839476027064,True,False
6,PA 18:0_22:1,True,6.849826663802598e-07,2.7148736016660327e-05,true_survives_mild_cutoff,CLEAN,scipy_lsq_linear_bvls_tol_1e-12,8.333772108127009e-19,2.1457789421890978e-07,2.145778942180764e-07,2.145778942180764e-07,6.849826663802554e-07,6.849826663802554e-07,0.3132603272313426,0.007352532869625216,6.849826663802598e-07,9.414442026744913e-13,3.440789974463429e-16,1.9999102855475974e-17,1.5756784801757657e-17,0.26237873059943667,0.2623787305994367,-2.5849394142282115e-26,-4.336808689942018e-19,3.6571606267851224e-26,4.644924164923086e-19,0.7315319627523422,1.0872295200824738,-0.004799872436937409,2.1648419298688064e-08,0.10088839476021089,True,False
6,PA 18:0_22:1,True,6.849826663802598e-07,2.7148736016660327e-05,true_survives_mild_cutoff,MILD,scipy_nnls_original_order,0.00034997259613769464,0.00035814040880586634,8.167812668171694e-06,8.167812668171794e-06,2.7148736016660327e-05,2.714873601666066e-05,0.3008542520417659,0.02987761740854563,2.7148736016660327e-05,9.25438268190547e-17,1.373684152539134e-16,3.2563079535503204e-18,5.223769156693394e-18,0.25717082035781663,0.2571708203578166,0.0,0.0,0.0,0.0,0.3053913153707981,0.2793136052787304,-0.08973053619130551,4.9191645593307606e-06,0.619887556616741,True,True
6,PA 18:0_22:1,True,6.849826663802598e-07,2.7148736016660327e-05,true_survives_mild_cutoff,MILD,scipy_nnls_reverse_order,0.00034997259613769464,0.00035814040880586634,8.167812668171694e-06,8.167812668171794e-06,2.7148736016660327e-05,2.714873601666066e-05,0.3008542520417659,0.02987761740854563,2.7148736016660327e-05,9.25438268190547e-17,1.373684152539134e-16,3.2563079535503204e-18,5.223769156693394e-18,0.25717082035781663,0.2571708203578166,0.0,0.0,0.0,0.0,0.30618149042129517,0.2771475613117218,-0.08973053619130551,4.9191645593307606e-06,0.619887556616741,True,True
6,PA 18:0_22:1,True,6.849826663802598e-07,2.7148736016660327e-05,true_survives_mild_cutoff,MILD,scipy_lsq_linear_bvls_tol_1e-12,0.0003499725961376944,0.00035814040880586623,8.167812668171857e-06,8.167812668171718e-06,2.714873601666087e-05,2.7148736016660408e-05,0.3008542520417659,0.029877617408544638,2.7148736016660327e-05,5.470175297528219e-16,1.813870234568249e-16,1.591494976978109e-17,7.544723639491394e-18,0.25717082035781663,0.2571708203578166,-1.3010426069826053e-18,-8.673617379884035e-19,1.7230515684107872e-18,9.865996920945328e-19,1.3843788728117943,1.0782924965023994,-0.08973053619150832,4.919164559330631e-06,0.6198875566167262,True,True
59,PA 20:2_20:3,False,6.368610567775e-20,1.7543740552697457e-05,false_passes_mild_cutoff,CLEAN,scipy_nnls_original_order,8.243086792017075e-19,8.442590095064094e-19,1.9950330304701833e-20,1.9950345971587284e-20,6.368610567775e-20,6.368615569010104e-20,0.3132603272313426,3.367047951577096e-09,6.368610567775e-20,2.337229609858344e-16,1.3940478936498727e-16,6.873816868176826e-18,2.980313126225622e-18,0.26237873059943667,0.2623787305994367,0.0,0.0,0.0,0.0,0.498459842056036,0.47632643952965736,-0.057445227336512694,8.628458395064028e-21,0.34012936483780853,True,False
59,PA 20:2_20:3,False,6.368610567775e-20,1.7543740552697457e-05,false_passes_mild_cutoff,CLEAN,scipy_nnls_reverse_order,8.243086792017075e-19,8.442590095064094e-19,1.9950330304701833e-20,1.9950345971587284e-20,6.368610567775e-20,6.368615569010104e-20,0.3132603272313426,3.367047951577096e-09,6.368610567775e-20,2.337229609858344e-16,1.3940478936498727e-16,6.873816868176826e-18,2.980313126225622e-18,0.26237873059943667,0.2623787305994367,0.0,0.0,0.0,0.0,0.494884617626667,0.4744798243045807,-0.057445227336512694,8.628458395064028e-21,0.34012936483780853,True,False
59,PA 20:2_20:3,False,6.368610567775e-20,1.7543740552697457e-05,false_passes_mild_cutoff,CLEAN,scipy_lsq_linear_bvls_tol_1e-12,8.333772108127009e-19,8.556796635090067e-19,2.2302452696305858e-20,2.2302452696305656e-20,7.119462874031765e-20,7.119462874031701e-20,0.3132603272313426,3.4032258469651744e-09,6.368610567775e-20,9.414442026744913e-13,9.80119566831861e-13,1.9999102855475974e-17,1.9983055359515202e-17,0.26237873059943667,0.2623787305994367,-2.5849394142282115e-26,-1.2924697071141057e-26,3.6571606267851224e-26,2.1188467221262837e-26,0.7315319627523422,0.5241939872503281,-0.06453986808810255,1.0865090737291068e-20,0.3507951863782341,True,False
59,PA 20:2_20:3,False,6.368610567775e-20,1.7543740552697457e-05,false_passes_mild_cutoff,MILD,scipy_nnls_original_order,0.00034997259613769464,0.00035525070507969124,5.278108941996591e-06,5.278108941996792e-06,1.7543740552697457e-05,1.7543740552698128e-05,0.3008542520417659,0.024525581207881217,1.7543740552697457e-05,9.25438268190547e-17,1.0519471578540607e-16,3.2563079535503204e-18,3.604176448447714e-18,0.25717082035781663,0.2571708203578166,0.0,0.0,0.0,0.0,0.3053913153707981,0.2915394529700279,-0.0929918452088434,4.577138433120876e-06,0.7292174182033705,True,True
59,PA 20:2_20:3,False,6.368610567775e-20,1.7543740552697457e-05,false_passes_mild_cutoff,MILD,scipy_nnls_reverse_order,0.00034997259613769464,0.00035525070507969124,5.278108941996591e-06,5.278108941996792e-06,1.7543740552697457e-05,1.7543740552698128e-05,0.3008542520417659,0.024525581207881217,1.7543740552697457e-05,9.25438268190547e-17,1.0519471578540607e-16,3.2563079535503204e-18,3.604176448447714e-18,0.25717082035781663,0.2571708203578166,0.0,0.0,0.0,0.0,0.30618149042129517,0.2892315499484539,-0.0929918452088434,4.577138433120876e-06,0.7292174182033705,True,True
59,PA 20:2_20:3,False,6.368610567775e-20,1.7543740552697457e-05,false_passes_mild_cutoff,MILD,scipy_lsq_linear_bvls_tol_1e-12,0.0003499725961376944,0.00035525070507969107,5.278108941996699e-06,5.278108941996763e-06,1.754374055269782e-05,1.754374055269803e-05,0.3008542520417659,0.02452558120788113,1.7543740552697457e-05,5.470175297528219e-16,5.004677228193088e-16,1.591494976978109e-17,1.5418943948967775e-17,0.25717082035781663,0.2571708203578166,-1.3010426069826053e-18,-1.734723475976807e-18,1.7230515684107872e-18,1.869208188535946e-18,1.3843788728117943,1.2364431656897068,-0.09299184520895774,4.57713843312061e-06,0.7292174182033387,True,True
105,PS 18:0_18:0,False,1.2375094643005208e-20,2.2951148872229625e-05,false_passes_mild_cutoff,CLEAN,scipy_nnls_original_order,8.243086792017075e-19,8.281853053990942e-19,3.876626197386647e-21,3.87663350793532e-21,1.2375094643005208e-20,1.2375117979981e-20,0.3132603272313426,9.549565237894945e-10,1.2375094643005208e-20,2.337229609858344e-16,2.410441680587716e-16,6.873816868176826e-18,5.153245697766881e-18,0.26237873059943667,0.2623787305994367,0.0,0.0,0.0,0.0,0.498459842056036,0.4764024503529072,0.008124853091548742,1.06261646856723e-21,0.19650034991144696,False,False
105,PS 18:0_18:0,False,1.2375094643005208e-20,2.2951148872229625e-05,false_passes_mild_cutoff,CLEAN,scipy_nnls_reverse_order,8.243086792017075e-19,8.281853053990942e-19,3.876626197386647e-21,3.87663350793532e-21,1.2375094643005208e-20,1.2375117979981e-20,0.3132603272313426,9.549565237894945e-10,1.2375094643005208e-20,2.337229609858344e-16,2.410441680587716e-16,6.873816868176826e-18,5.153245697766881e-18,0.26237873059943667,0.2623787305994367,0.0,0.0,0.0,0.0,0.494884617626667,0.47636663541197777,0.008124853091548742,1.06261646856723e-21,0.19650034991144696,False,False
105,PS 18:0_18:0,False,1.2375094643005208e-20,2.2951148872229625e-05,false_passes_mild_cutoff,CLEAN,scipy_lsq_linear_bvls_tol_1e-12,8.333772108127009e-19,8.3502097704409945e-19,1.643766231398584e-21,1.6437662313982885e-21,5.247285048593668e-21,5.2472850485927244e-21,0.3132603272313426,8.546883496080016e-10,1.2375094643005208e-20,9.414442026744913e-13,9.788601183865561e-13,1.9999102855475974e-17,1.3529554543625603e-17,0.26237873059943667,0.2623787305994367,-2.5849394142282115e-26,-5.169878828456423e-26,3.6571606267851224e-26,6.350305631403175e-26,0.7315319627523422,0.6010738052427769,-0.046782531049384214,1.864371077777483e-21,0.27898041838273674,False,False
105,PS 18:0_18:0,False,1.2375094643005208e-20,2.2951148872229625e-05,false_passes_mild_cutoff,MILD,scipy_nnls_original_order,0.00034997259613769464,0.0003568775468651485,6.904950727453863e-06,6.9049507274540635e-06,2.2951148872229625e-05,2.2951148872230293e-05,0.3008542520417659,0.011242442853789756,2.2951148872229625e-05,9.25438268190547e-17,1.4821043697876846e-16,3.2563079535503204e-18,7.24827389886015e-18,0.25717082035781663,0.2571708203578166,0.0,0.0,0.0,0.0,0.3053913153707981,0.29199550673365593,-0.1016287249310896,3.921906629210211e-06,0.6150605198295498,True,True
105,PS 18:0_18:0,False,1.2375094643005208e-20,2.2951148872229625e-05,false_passes_mild_cutoff,MILD,scipy_nnls_reverse_order,0.00034997259613769464,0.0003568775468651485,6.904950727453863e-06,6.9049507274540635e-06,2.2951148872229625e-05,2.2951148872230293e-05,0.3008542520417659,0.011242442853789756,2.2951148872229625e-05,9.25438268190547e-17,1.4821043697876846e-16,3.2563079535503204e-18,7.24827389886015e-18,0.25717082035781663,0.2571708203578166,0.0,0.0,0.0,0.0,0.30618149042129517,0.2940157912671566,-0.1016287249310896,3.921906629210211e-06,0.6150605198295498,True,True
105,PS 18:0_18:0,False,1.2375094643005208e-20,2.2951148872229625e-05,false_passes_mild_cutoff,MILD,scipy_lsq_linear_bvls_tol_1e-12,0.0003499725961376944,0.0003568775468651488,6.904950727454405e-06,6.90495072745447e-06,2.2951148872231424e-05,2.295114887223164e-05,0.3008542520417659,0.011242442853789903,2.2951148872229625e-05,5.470175297528219e-16,4.868067754459915e-16,1.591494976978109e-17,1.3185199306068842e-17,0.25717082035781663,0.2571708203578166,-1.3010426069826053e-18,-8.673617379884035e-19,1.7230515684107872e-18,1.271562350857669e-18,1.3843788728117943,1.1594431698322296,-0.10162872493118763,3.921906629210807e-06,0.6150605198295498,True,True
