dataset_id,severity,split,lipid_name,molecular_truth,reportable_truth,raw_solver_reported,X_hat,rho_zero
NNLS_FULL_LIBRARY_5PCT__CAL_R71_K125,FULL_LIBRARY_5PCT,CAL,PA 16:0_24:0,True,True,True,0.02891195045061383,2.2188650732746962e-05
NNLS_FULL_LIBRARY_5PCT__CAL_R71_K125,FULL_LIBRARY_5PCT,CAL,PA 16:0_24:1,False,False,False,0,
NNLS_FULL_LIBRARY_5PCT__CAL_R71_K125,FULL_LIBRARY_5PCT,CAL,PA 16:0_24:4,False,False,False,0,
NNLS_FULL_LIBRARY_5PCT__CAL_R71_K125,FULL_LIBRARY_5PCT,CAL,PA 16:0_24:5,False,False,False,0,
NNLS_FULL_LIBRARY_5PCT__CAL_R71_K125,FULL_LIBRARY_5PCT,CAL,PA 24:0_16:1,False,False,False,0,
NNLS_FULL_LIBRARY_5PCT__CAL_R71_K125,FULL_LIBRARY_5PCT,CAL,PA 18:0_22:0,False,False,True,0.0013205490649886857,1.388045132308106e-07
NNLS_FULL_LIBRARY_5PCT__CAL_R71_K125,FULL_LIBRARY_5PCT,CAL,PA 18:0_22:1,True,True,True,0.007644290872852066,3.9595313554075185e-07
NNLS_FULL_LIBRARY_5PCT__CAL_R71_K125,FULL_LIBRARY_5PCT,CAL,PA 18:0_22:2,False,False,False,0,
NNLS_FULL_LIBRARY_5PCT__CAL_R71_K125,FULL_LIBRARY_5PCT,CAL,PA 18:0_22:3,True,True,True,0.010678560806050232,2.41016075355924e-07
NNLS_FULL_LIBRARY_5PCT__CAL_R71_K125,FULL_LIBRARY_5PCT,CAL,PA 18:0_22:4,False,False,False,0,
NNLS_FULL_LIBRARY_5PCT__CAL_R71_K125,FULL_LIBRARY_5PCT,CAL,PA 18:0_22:5,True,True,True,0.00463379351182613,0.0
NNLS_FULL_LIBRARY_5PCT__CAL_R71_K125,FULL_LIBRARY_5PCT,CAL,PA 18:0_24:0,True,True,True,0.007250456732945796,3.4231974251499345e-05
NNLS_FULL_LIBRARY_5PCT__CAL_R71_K125,FULL_LIBRARY_5PCT,CAL,PA 18:0_24:1,False,False,False,0,
NNLS_FULL_LIBRARY_5PCT__CAL_R71_K125,FULL_LIBRARY_5PCT,CAL,PA 18:0_24:4,True,True,True,0.005951425822226535,0.0
NNLS_FULL_LIBRARY_5PCT__CAL_R71_K125,FULL_LIBRARY_5PCT,CAL,PA 18:0_24:5,False,False,True,0.0014346767421965936,1.1586697926077765e-08
NNLS_FULL_LIBRARY_5PCT__CAL_R71_K125,FULL_LIBRARY_5PCT,CAL,PA 18:0_24:6,False,False,False,0,
NNLS_FULL_LIBRARY_5PCT__CAL_R71_K125,FULL_LIBRARY_5PCT,CAL,PA 22:0_18:1,True,True,True,0.009670773790948151,1.1999228694071514e-06
NNLS_FULL_LIBRARY_5PCT__CAL_R71_K125,FULL_LIBRARY_5PCT,CAL,PA 18:1_22:1,False,False,False,0,
NNLS_FULL_LIBRARY_5PCT__CAL_R71_K125,FULL_LIBRARY_5PCT,CAL,PA 18:1_22:2,True,True,True,0.03142939416499235,2.1184386876178595e-06
NNLS_FULL_LIBRARY_5PCT__CAL_R71_K125,FULL_LIBRARY_5PCT,CAL,PA 18:1_22:3,False,False,False,0,
NNLS_FULL_LIBRARY_5PCT__CAL_R71_K125,FULL_LIBRARY_5PCT,CAL,PA 18:1_22:4,False,False,True,0.0012090864915359962,2.5243748937022455e-08
NNLS_FULL_LIBRARY_5PCT__CAL_R71_K125,FULL_LIBRARY_5PCT,CAL,PA 24:0_18:1,False,False,False,0,
NNLS_FULL_LIBRARY_5PCT__CAL_R71_K125,FULL_LIBRARY_5PCT,CAL,PA 18:1_24:1,False,False,False,0,
NNLS_FULL_LIBRARY_5PCT__CAL_R71_K125,FULL_LIBRARY_5PCT,CAL,PA 18:1_24:4,False,False,True,0.001379106936545221,3.962256113740789e-08
NNLS_FULL_LIBRARY_5PCT__CAL_R71_K125,FULL_LIBRARY_5PCT,CAL,PA 18:1_24:5,True,True,True,0.0029510571986148927,0.0
NNLS_FULL_LIBRARY_5PCT__CAL_R71_K125,FULL_LIBRARY_5PCT,CAL,PA 18:1_24:6,False,False,False,0,
NNLS_FULL_LIBRARY_5PCT__CAL_R71_K125,FULL_LIBRARY_5PCT,CAL,PA 22:0_18:2,False,False,False,0,
NNLS_FULL_LIBRARY_5PCT__CAL_R71_K125,FULL_LIBRARY_5PCT,CAL,PA 22:1_18:2,False,False,False,0,
NNLS_FULL_LIBRARY_5PCT__CAL_R71_K125,FULL_LIBRARY_5PCT,CAL,PA 18:2_22:2,True,True,True,0.010762077570324357,4.3173641145730184e-07
NNLS_FULL_LIBRARY_5PCT__CAL_R71_K125,FULL_LIBRARY_5PCT,CAL,PA 18:2_22:3,True,True,True,0.011794952487683434,1.6867133976161225e-08
NNLS_FULL_LIBRARY_5PCT__CAL_R71_K125,FULL_LIBRARY_5PCT,CAL,PA 24:0_18:2,False,False,False,0,
NNLS_FULL_LIBRARY_5PCT__CAL_R71_K125,FULL_LIBRARY_5PCT,CAL,PA 24:1_18:2,False,False,False,0,
NNLS_FULL_LIBRARY_5PCT__CAL_R71_K125,FULL_LIBRARY_5PCT,CAL,PA 18:2_24:4,False,False,True,0.0013062999680727762,1.5746702330979314e-07
NNLS_FULL_LIBRARY_5PCT__CAL_R71_K125,FULL_LIBRARY_5PCT,CAL,PA 18:2_24:5,False,False,True,0.0023182253112319752,2.5713137039223747e-07
NNLS_FULL_LIBRARY_5PCT__CAL_R71_K125,FULL_LIBRARY_5PCT,CAL,PA 18:2_24:6,False,False,False,0,
NNLS_FULL_LIBRARY_5PCT__CAL_R71_K125,FULL_LIBRARY_5PCT,CAL,PA 20:0_20:0,True,True,True,0.011132708684481584,5.403477658234393e-07
NNLS_FULL_LIBRARY_5PCT__CAL_R71_K125,FULL_LIBRARY_5PCT,CAL,PA 20:0_20:1,True,True,True,0.029581245704633375,2.3604537957142503e-06
NNLS_FULL_LIBRARY_5PCT__CAL_R71_K125,FULL_LIBRARY_5PCT,CAL,PA 20:0_20:2,False,False,False,0,
NNLS_FULL_LIBRARY_5PCT__CAL_R71_K125,FULL_LIBRARY_5PCT,CAL,PA 20:0_20:3,False,False,False,0,
NNLS_FULL_LIBRARY_5PCT__CAL_R71_K125,FULL_LIBRARY_5PCT,CAL,PA 20:0_20:4,False,False,True,0.0011442188696986271,4.14754734927498e-08
NNLS_FULL_LIBRARY_5PCT__CAL_R71_K125,FULL_LIBRARY_5PCT,CAL,PA 20:0_20:5,False,False,False,0,
NNLS_FULL_LIBRARY_5PCT__CAL_R71_K125,FULL_LIBRARY_5PCT,CAL,PA 20:0_22:1,False,False,False,0,
NNLS_FULL_LIBRARY_5PCT__CAL_R71_K125,FULL_LIBRARY_5PCT,CAL,PA 20:0_22:2,False,False,False,0,
NNLS_FULL_LIBRARY_5PCT__CAL_R71_K125,FULL_LIBRARY_5PCT,CAL,PA 20:0_22:3,False,False,False,0,
NNLS_FULL_LIBRARY_5PCT__CAL_R71_K125,FULL_LIBRARY_5PCT,CAL,PA 20:0_22:4,False,False,False,0,
NNLS_FULL_LIBRARY_5PCT__CAL_R71_K125,FULL_LIBRARY_5PCT,CAL,PA 20:0_22:5,False,False,False,0,
NNLS_FULL_LIBRARY_5PCT__CAL_R71_K125,FULL_LIBRARY_5PCT,CAL,PA 20:0_22:6,False,False,False,0,
NNLS_FULL_LIBRARY_5PCT__CAL_R71_K125,FULL_LIBRARY_5PCT,CAL,PA 20:1_20:1,False,False,False,0,
NNLS_FULL_LIBRARY_5PCT__CAL_R71_K125,FULL_LIBRARY_5PCT,CAL,PA 20:1_20:2,True,True,True,0.004699599517512784,4.745820478426114e-08
NNLS_FULL_LIBRARY_5PCT__CAL_R71_K125,FULL_LIBRARY_5PCT,CAL,PA 20:1_20:3,True,True,True,0.026596273749793158,1.1383966514760638e-07
NNLS_FULL_LIBRARY_5PCT__CAL_R71_K125,FULL_LIBRARY_5PCT,CAL,PA 20:1_20:4,True,True,True,0.02966011087377783,3.2912869221522766e-06
NNLS_FULL_LIBRARY_5PCT__CAL_R71_K125,FULL_LIBRARY_5PCT,CAL,PA 22:0_20:1,False,False,False,0,
NNLS_FULL_LIBRARY_5PCT__CAL_R71_K125,FULL_LIBRARY_5PCT,CAL,PA 20:1_22:1,False,False,False,0,
NNLS_FULL_LIBRARY_5PCT__CAL_R71_K125,FULL_LIBRARY_5PCT,CAL,PA 20:1_22:2,True,True,True,0.027868206911257427,5.2965326607583405e-06
NNLS_FULL_LIBRARY_5PCT__CAL_R71_K125,FULL_LIBRARY_5PCT,CAL,PA 20:1_22:3,False,False,False,0,
NNLS_FULL_LIBRARY_5PCT__CAL_R71_K125,FULL_LIBRARY_5PCT,CAL,PA 20:1_22:4,True,True,True,0.018596693846897473,8.532481510303054e-06
NNLS_FULL_LIBRARY_5PCT__CAL_R71_K125,FULL_LIBRARY_5PCT,CAL,PA 20:1_22:5,False,False,False,0,
NNLS_FULL_LIBRARY_5PCT__CAL_R71_K125,FULL_LIBRARY_5PCT,CAL,PA 20:1_22:6,False,False,True,0.007545196451175659,3.1905873082213097e-07
NNLS_FULL_LIBRARY_5PCT__CAL_R71_K125,FULL_LIBRARY_5PCT,CAL,PA 20:2_20:2,True,True,True,0.009263120708648693,1.8786673192807674e-07
NNLS_FULL_LIBRARY_5PCT__CAL_R71_K125,FULL_LIBRARY_5PCT,CAL,PA 20:2_20:3,False,False,True,0.0022097142710115025,4.4103462504079666e-08
NNLS_FULL_LIBRARY_5PCT__CAL_R71_K125,FULL_LIBRARY_5PCT,CAL,PA 22:1_20:2,False,False,False,0,
NNLS_FULL_LIBRARY_5PCT__CAL_R71_K125,FULL_LIBRARY_5PCT,CAL,PA 20:2_22:4,True,True,True,0.023364621617423715,1.0509596913815451e-06
NNLS_FULL_LIBRARY_5PCT__CAL_R71_K125,FULL_LIBRARY_5PCT,CAL,PA 20:2_22:6,True,True,True,0.014671403197909301,5.372252421897103e-06
NNLS_FULL_LIBRARY_5PCT__CAL_R71_K125,FULL_LIBRARY_5PCT,CAL,PA 22:0_20:3,False,False,False,0,
NNLS_FULL_LIBRARY_5PCT__CAL_R71_K125,FULL_LIBRARY_5PCT,CAL,PA 22:1_20:3,False,False,False,0,
NNLS_FULL_LIBRARY_5PCT__CAL_R71_K125,FULL_LIBRARY_5PCT,CAL,PA 20:3_22:3,True,True,True,0.029436227757351878,1.8248802288211738e-05
NNLS_FULL_LIBRARY_5PCT__CAL_R71_K125,FULL_LIBRARY_5PCT,CAL,PA 20:3_22:4,False,False,True,0.003019561979878063,6.822000521066383e-08
NNLS_FULL_LIBRARY_5PCT__CAL_R71_K125,FULL_LIBRARY_5PCT,CAL,PA 20:3_22:6,True,True,True,0.0037407415921328993,3.9890802030876313e-07
NNLS_FULL_LIBRARY_5PCT__CAL_R71_K125,FULL_LIBRARY_5PCT,CAL,PA 22:0_20:4,False,False,False,0,
NNLS_FULL_LIBRARY_5PCT__CAL_R71_K125,FULL_LIBRARY_5PCT,CAL,PA 22:1_20:4,True,True,True,0.010864003686216268,7.855148751253491e-07
NNLS_FULL_LIBRARY_5PCT__CAL_R71_K125,FULL_LIBRARY_5PCT,CAL,PA 22:2_20:4,True,True,True,0.013165472212007734,2.943119144483016e-07
NNLS_FULL_LIBRARY_5PCT__CAL_R71_K125,FULL_LIBRARY_5PCT,CAL,PA 22:3_20:4,True,True,True,0.023973502558483746,2.076410485115855e-05
NNLS_FULL_LIBRARY_5PCT__CAL_R71_K125,FULL_LIBRARY_5PCT,CAL,PA 20:4_22:4,False,False,True,0.0010533030529359497,1.4106417550779671e-08
NNLS_FULL_LIBRARY_5PCT__CAL_R71_K125,FULL_LIBRARY_5PCT,CAL,PA 20:4_22:5,False,False,True,0.0024333398035921846,2.433404825328335e-07
NNLS_FULL_LIBRARY_5PCT__CAL_R71_K125,FULL_LIBRARY_5PCT,CAL,PA 20:4_22:6,False,False,True,0.0034886688485557815,4.594576452434317e-07
NNLS_FULL_LIBRARY_5PCT__CAL_R71_K125,FULL_LIBRARY_5PCT,CAL,PA 22:1_20:5,False,False,False,0,
NNLS_FULL_LIBRARY_5PCT__CAL_R71_K125,FULL_LIBRARY_5PCT,CAL,PA 22:3_22:6,False,False,True,0.003635029895589822,2.7926027791392973e-07
NNLS_FULL_LIBRARY_5PCT__CAL_R71_K125,FULL_LIBRARY_5PCT,CAL,PA 22:4_22:5,True,True,True,0.007534582409765498,2.623276235977544e-06
NNLS_FULL_LIBRARY_5PCT__CAL_R71_K125,FULL_LIBRARY_5PCT,CAL,PA 22:4_22:6,True,True,True,0.0022684161413229695,0.0
NNLS_FULL_LIBRARY_5PCT__CAL_R71_K125,FULL_LIBRARY_5PCT,CAL,PA 22:5_22:5,False,False,False,0,
NNLS_FULL_LIBRARY_5PCT__CAL_R71_K125,FULL_LIBRARY_5PCT,CAL,PA 22:5_22:6,False,False,False,0,
NNLS_FULL_LIBRARY_5PCT__CAL_R71_K125,FULL_LIBRARY_5PCT,CAL,PA 22:6_22:6,False,False,False,0,
NNLS_FULL_LIBRARY_5PCT__CAL_R71_K125,FULL_LIBRARY_5PCT,CAL,PS 14:0_20:0,False,False,False,0,
NNLS_FULL_LIBRARY_5PCT__CAL_R71_K125,FULL_LIBRARY_5PCT,CAL,PS 14:0_20:1,True,True,True,0.028032994659198077,0.00022746799975609873
NNLS_FULL_LIBRARY_5PCT__CAL_R71_K125,FULL_LIBRARY_5PCT,CAL,PS 14:0_22:0,False,False,False,0,
NNLS_FULL_LIBRARY_5PCT__CAL_R71_K125,FULL_LIBRARY_5PCT,CAL,PS 14:0_22:1,False,False,False,0,
NNLS_FULL_LIBRARY_5PCT__CAL_R71_K125,FULL_LIBRARY_5PCT,CAL,PS 14:0_22:2,False,False,False,0,
NNLS_FULL_LIBRARY_5PCT__CAL_R71_K125,FULL_LIBRARY_5PCT,CAL,PS 14:0_22:3,False,False,False,0,
NNLS_FULL_LIBRARY_5PCT__CAL_R71_K125,FULL_LIBRARY_5PCT,CAL,PS 14:0_22:4,False,False,False,0,
NNLS_FULL_LIBRARY_5PCT__CAL_R71_K125,FULL_LIBRARY_5PCT,CAL,PS 16:0_18:0,True,True,True,0.028190834674385223,0.00016018037843781814
NNLS_FULL_LIBRARY_5PCT__CAL_R71_K125,FULL_LIBRARY_5PCT,CAL,PS 16:0_18:1,False,False,False,0,
NNLS_FULL_LIBRARY_5PCT__CAL_R71_K125,FULL_LIBRARY_5PCT,CAL,PS 16:0_18:2,True,True,True,0.00690808264839301,3.811600425254394e-06
NNLS_FULL_LIBRARY_5PCT__CAL_R71_K125,FULL_LIBRARY_5PCT,CAL,PS 16:0_20:0,True,True,True,0.007090622450846384,6.040210905213764e-07
NNLS_FULL_LIBRARY_5PCT__CAL_R71_K125,FULL_LIBRARY_5PCT,CAL,PS 16:0_20:1,False,False,False,0,
NNLS_FULL_LIBRARY_5PCT__CAL_R71_K125,FULL_LIBRARY_5PCT,CAL,PS 16:0_20:2,False,False,False,0,
NNLS_FULL_LIBRARY_5PCT__CAL_R71_K125,FULL_LIBRARY_5PCT,CAL,PS 16:0_20:3,False,False,False,0,
NNLS_FULL_LIBRARY_5PCT__CAL_R71_K125,FULL_LIBRARY_5PCT,CAL,PS 16:0_20:4,True,True,True,0.006645717571568075,9.88608511184022e-07
NNLS_FULL_LIBRARY_5PCT__CAL_R71_K125,FULL_LIBRARY_5PCT,CAL,PS 16:0_20:5,False,False,False,0,
NNLS_FULL_LIBRARY_5PCT__CAL_R71_K125,FULL_LIBRARY_5PCT,CAL,PS 18:0_16:1,False,False,False,0,
NNLS_FULL_LIBRARY_5PCT__CAL_R71_K125,FULL_LIBRARY_5PCT,CAL,PS 16:1_18:1,True,True,True,0.008856140810178405,8.12082362126358e-06
NNLS_FULL_LIBRARY_5PCT__CAL_R71_K125,FULL_LIBRARY_5PCT,CAL,PS 20:0_16:1,False,False,False,0,
NNLS_FULL_LIBRARY_5PCT__CAL_R71_K125,FULL_LIBRARY_5PCT,CAL,PS 16:1_20:1,False,False,False,0,
NNLS_FULL_LIBRARY_5PCT__CAL_R71_K125,FULL_LIBRARY_5PCT,CAL,PS 16:1_20:2,True,True,True,0.028674629467617688,5.4126759356930156e-05
NNLS_FULL_LIBRARY_5PCT__CAL_R71_K125,FULL_LIBRARY_5PCT,CAL,PS 16:1_20:3,False,False,False,0,
NNLS_FULL_LIBRARY_5PCT__CAL_R71_K125,FULL_LIBRARY_5PCT,CAL,PS 16:1_20:4,False,False,False,0,
NNLS_FULL_LIBRARY_5PCT__CAL_R71_K125,FULL_LIBRARY_5PCT,CAL,PS 18:0_18:0,False,False,False,0,
NNLS_FULL_LIBRARY_5PCT__CAL_R71_K125,FULL_LIBRARY_5PCT,CAL,PS 18:0_18:1,True,True,True,0.009858027684611696,3.6328183381217767e-06
NNLS_FULL_LIBRARY_5PCT__CAL_R71_K125,FULL_LIBRARY_5PCT,CAL,PS 18:0_18:2,False,False,False,0,
NNLS_FULL_LIBRARY_5PCT__CAL_R71_K125,FULL_LIBRARY_5PCT,CAL,PS 18:0_18:3,False,False,False,0,
NNLS_FULL_LIBRARY_5PCT__CAL_R71_K125,FULL_LIBRARY_5PCT,CAL,PS 18:1_18:1,True,True,True,0.028152134145582538,2.201126189143451e-05
NNLS_FULL_LIBRARY_5PCT__CAL_R71_K125,FULL_LIBRARY_5PCT,CAL,PS 18:1_18:2,True,True,True,0.00735442974333187,5.2523281962813605e-06
NNLS_FULL_LIBRARY_5PCT__CAL_R71_K125,FULL_LIBRARY_5PCT,CAL,PS 18:1_18:3,False,False,False,0,
NNLS_FULL_LIBRARY_5PCT__CAL_R71_K125,FULL_LIBRARY_5PCT,CAL,PS 18:2_18:2,True,True,True,0.007290205731901455,7.101019261048705e-06
NNLS_FULL_LIBRARY_5PCT__CAL_R71_K125,FULL_LIBRARY_5PCT,CAL,PS 17:0_18:1,False,False,False,0,
NNLS_FULL_LIBRARY_5PCT__CAL_R71_K125,FULL_LIBRARY_5PCT,CAL,PS 17:0_18:2,True,True,True,0.029365090591988368,0.0019700507778812907
NNLS_FULL_LIBRARY_5PCT__CAL_R71_K125,FULL_LIBRARY_5PCT,CAL,PS 18:0_17:1,False,False,False,0,
NNLS_FULL_LIBRARY_5PCT__CAL_R71_K125,FULL_LIBRARY_5PCT,CAL,PE 16:0_22:1,False,False,False,0,
NNLS_FULL_LIBRARY_5PCT__CAL_R71_K125,FULL_LIBRARY_5PCT,CAL,PE 16:0_22:2,False,False,False,0,
NNLS_FULL_LIBRARY_5PCT__CAL_R71_K125,FULL_LIBRARY_5PCT,CAL,PE 16:0_22:3,False,False,False,0,
NNLS_FULL_LIBRARY_5PCT__CAL_R71_K125,FULL_LIBRARY_5PCT,CAL,PE 16:0_22:4,False,False,True,0.0013963279460682434,8.602368802410125e-09
NNLS_FULL_LIBRARY_5PCT__CAL_R71_K125,FULL_LIBRARY_5PCT,CAL,PE 16:0_22:5,False,False,False,0,
NNLS_FULL_LIBRARY_5PCT__CAL_R71_K125,FULL_LIBRARY_5PCT,CAL,PE 16:0_22:6,True,True,True,0.010490439261491818,1.64807433649791e-07
NNLS_FULL_LIBRARY_5PCT__CAL_R71_K125,FULL_LIBRARY_5PCT,CAL,PE 16:0_24:4,False,False,False,0,
NNLS_FULL_LIBRARY_5PCT__CAL_R71_K125,FULL_LIBRARY_5PCT,CAL,PE 16:0_24:5,False,False,False,0,
NNLS_FULL_LIBRARY_5PCT__CAL_R71_K125,FULL_LIBRARY_5PCT,CAL,PE 16:0_24:6,False,False,False,0,
NNLS_FULL_LIBRARY_5PCT__CAL_R71_K125,FULL_LIBRARY_5PCT,CAL,PE 22:0_16:1,False,False,False,0,
NNLS_FULL_LIBRARY_5PCT__CAL_R71_K125,FULL_LIBRARY_5PCT,CAL,PE 16:1_22:1,False,False,False,0,
NNLS_FULL_LIBRARY_5PCT__CAL_R71_K125,FULL_LIBRARY_5PCT,CAL,PE 16:1_22:2,True,True,True,0.024719211397886513,8.582970879019849e-07
NNLS_FULL_LIBRARY_5PCT__CAL_R71_K125,FULL_LIBRARY_5PCT,CAL,PE 16:1_22:3,False,False,False,0,
NNLS_FULL_LIBRARY_5PCT__CAL_R71_K125,FULL_LIBRARY_5PCT,CAL,PE 16:1_22:4,False,False,False,0,
NNLS_FULL_LIBRARY_5PCT__CAL_R71_K125,FULL_LIBRARY_5PCT,CAL,PE 16:1_22:5,False,False,False,0,
NNLS_FULL_LIBRARY_5PCT__CAL_R71_K125,FULL_LIBRARY_5PCT,CAL,PE 16:1_22:6,False,False,False,0,
NNLS_FULL_LIBRARY_5PCT__CAL_R71_K125,FULL_LIBRARY_5PCT,CAL,PE 18:0_20:0,True,True,True,0.029268207846539704,0.0002146876963568821
NNLS_FULL_LIBRARY_5PCT__CAL_R71_K125,FULL_LIBRARY_5PCT,CAL,PE 18:0_20:1,False,False,False,0,
NNLS_FULL_LIBRARY_5PCT__CAL_R71_K125,FULL_LIBRARY_5PCT,CAL,PE 18:0_20:2,False,False,False,0,
NNLS_FULL_LIBRARY_5PCT__CAL_R71_K125,FULL_LIBRARY_5PCT,CAL,PE 18:0_20:3,False,False,False,0,
NNLS_FULL_LIBRARY_5PCT__CAL_R71_K125,FULL_LIBRARY_5PCT,CAL,PE 18:0_20:4,True,True,True,0.02934934327224655,9.8325973481608e-07
NNLS_FULL_LIBRARY_5PCT__CAL_R71_K125,FULL_LIBRARY_5PCT,CAL,PE 18:0_20:5,False,False,False,0,
NNLS_FULL_LIBRARY_5PCT__CAL_R71_K125,FULL_LIBRARY_5PCT,CAL,PE 18:0_22:3,True,True,True,0.020405740517613177,1.0236405246844363e-08
NNLS_FULL_LIBRARY_5PCT__CAL_R71_K125,FULL_LIBRARY_5PCT,CAL,PE 18:0_22:4,True,True,True,0.020554681510061172,3.82450899736203e-07
NNLS_FULL_LIBRARY_5PCT__CAL_R71_K125,FULL_LIBRARY_5PCT,CAL,PE 18:0_22:5,True,True,True,0.02790691649177933,1.3608786182031241e-06
NNLS_FULL_LIBRARY_5PCT__CAL_R71_K125,FULL_LIBRARY_5PCT,CAL,PE 18:0_22:6,True,True,True,0.024954575476738725,3.2528694615178915e-06
NNLS_FULL_LIBRARY_5PCT__CAL_R71_K125,FULL_LIBRARY_5PCT,CAL,PE 20:0_18:1,False,False,False,0,
NNLS_FULL_LIBRARY_5PCT__CAL_R71_K125,FULL_LIBRARY_5PCT,CAL,PE 18:1_20:1,False,False,False,0,
NNLS_FULL_LIBRARY_5PCT__CAL_R71_K125,FULL_LIBRARY_5PCT,CAL,PE 18:1_20:2,False,False,False,0,
NNLS_FULL_LIBRARY_5PCT__CAL_R71_K125,FULL_LIBRARY_5PCT,CAL,PE 18:1_20:3,True,True,True,0.004680486721856435,1.214247900974721e-10
NNLS_FULL_LIBRARY_5PCT__CAL_R71_K125,FULL_LIBRARY_5PCT,CAL,PE 18:1_20:4,False,False,False,0,
NNLS_FULL_LIBRARY_5PCT__CAL_R71_K125,FULL_LIBRARY_5PCT,CAL,PE 18:1_20:5,False,False,False,0,
NNLS_FULL_LIBRARY_5PCT__CAL_R71_K125,FULL_LIBRARY_5PCT,CAL,PE 18:1_22:2,False,False,True,0.0010637050409443374,0.0
NNLS_FULL_LIBRARY_5PCT__CAL_R71_K125,FULL_LIBRARY_5PCT,CAL,PE 18:1_22:3,False,False,False,0,
NNLS_FULL_LIBRARY_5PCT__CAL_R71_K125,FULL_LIBRARY_5PCT,CAL,PE 18:1_22:4,False,False,True,0.0014233199275647276,0.0
NNLS_FULL_LIBRARY_5PCT__CAL_R71_K125,FULL_LIBRARY_5PCT,CAL,PE 18:1_22:5,False,False,True,0.0012018153292965117,0.0
NNLS_FULL_LIBRARY_5PCT__CAL_R71_K125,FULL_LIBRARY_5PCT,CAL,PE 18:1_22:6,False,False,True,0.0020436605461926455,3.355574128373e-08
NNLS_FULL_LIBRARY_5PCT__CAL_R71_K125,FULL_LIBRARY_5PCT,CAL,PE 20:0_18:2,False,False,False,0,
NNLS_FULL_LIBRARY_5PCT__CAL_R71_K125,FULL_LIBRARY_5PCT,CAL,PE 20:1_18:2,False,False,False,0,
NNLS_FULL_LIBRARY_5PCT__CAL_R71_K125,FULL_LIBRARY_5PCT,CAL,PE 18:2_20:2,False,False,True,0.004793663390791828,2.9693579251313083e-08
NNLS_FULL_LIBRARY_5PCT__CAL_R71_K125,FULL_LIBRARY_5PCT,CAL,PE 18:2_20:3,False,False,False,0,
NNLS_FULL_LIBRARY_5PCT__CAL_R71_K125,FULL_LIBRARY_5PCT,CAL,PE 18:2_20:4,False,False,False,0,
NNLS_FULL_LIBRARY_5PCT__CAL_R71_K125,FULL_LIBRARY_5PCT,CAL,PE 18:2_20:5,False,False,False,0,
NNLS_FULL_LIBRARY_5PCT__CAL_R71_K125,FULL_LIBRARY_5PCT,CAL,PE 22:1_18:2,True,True,True,0.030827174761406458,2.3009838293707907e-05
NNLS_FULL_LIBRARY_5PCT__CAL_R71_K125,FULL_LIBRARY_5PCT,CAL,PE 18:2_22:2,False,False,False,0,
NNLS_FULL_LIBRARY_5PCT__CAL_R71_K125,FULL_LIBRARY_5PCT,CAL,PE 18:2_22:3,True,True,True,0.026277808979933388,1.347649706182984e-06
NNLS_FULL_LIBRARY_5PCT__CAL_R71_K125,FULL_LIBRARY_5PCT,CAL,PE 18:2_22:4,True,True,True,0.0029193770663354436,0.0
NNLS_FULL_LIBRARY_5PCT__CAL_R71_K125,FULL_LIBRARY_5PCT,CAL,PE 18:2_22:5,True,True,True,0.008205982197590946,8.090823729724776e-08
NNLS_FULL_LIBRARY_5PCT__CAL_R71_K125,FULL_LIBRARY_5PCT,CAL,PE 18:2_22:6,True,True,True,0.020231962167753303,2.379845755351711e-06
NNLS_FULL_LIBRARY_5PCT__CAL_R71_K125,FULL_LIBRARY_5PCT,CAL,PE 20:0_18:3,False,False,False,0,
NNLS_FULL_LIBRARY_5PCT__CAL_R71_K125,FULL_LIBRARY_5PCT,CAL,PE 20:1_18:3,False,False,False,0,
NNLS_FULL_LIBRARY_5PCT__CAL_R71_K125,FULL_LIBRARY_5PCT,CAL,PE 18:3_20:4,False,False,False,0,
NNLS_FULL_LIBRARY_5PCT__CAL_R71_K125,FULL_LIBRARY_5PCT,CAL,PE 18:3_22:4,False,False,False,0,
NNLS_FULL_LIBRARY_5PCT__CAL_R71_K125,FULL_LIBRARY_5PCT,CAL,PE 18:3_22:5,False,False,False,0,
NNLS_FULL_LIBRARY_5PCT__CAL_R71_K125,FULL_LIBRARY_5PCT,CAL,PE 20:0_20:3,False,False,True,0.004980484528549896,2.3394974481681052e-08
NNLS_FULL_LIBRARY_5PCT__CAL_R71_K125,FULL_LIBRARY_5PCT,CAL,PE 20:0_20:4,True,True,True,0.025089110822179402,1.17129158898417e-06
NNLS_FULL_LIBRARY_5PCT__CAL_R71_K125,FULL_LIBRARY_5PCT,CAL,PE 20:0_20:5,False,False,False,0,
NNLS_FULL_LIBRARY_5PCT__CAL_R71_K125,FULL_LIBRARY_5PCT,CAL,PE 20:1_20:2,True,True,True,0.016134539291866427,1.3340100168381485e-07
NNLS_FULL_LIBRARY_5PCT__CAL_R71_K125,FULL_LIBRARY_5PCT,CAL,PE 20:1_20:3,False,False,False,0,
NNLS_FULL_LIBRARY_5PCT__CAL_R71_K125,FULL_LIBRARY_5PCT,CAL,PE 20:1_20:4,False,False,False,0,
NNLS_FULL_LIBRARY_5PCT__CAL_R71_K125,FULL_LIBRARY_5PCT,CAL,PE 20:1_20:5,False,False,False,0,
NNLS_FULL_LIBRARY_5PCT__CAL_R71_K125,FULL_LIBRARY_5PCT,CAL,PE 20:2_20:2,True,True,True,0.006478698968441585,1.0755365514354176e-08
NNLS_FULL_LIBRARY_5PCT__CAL_R71_K125,FULL_LIBRARY_5PCT,CAL,PE 20:2_20:3,False,False,False,0,
NNLS_FULL_LIBRARY_5PCT__CAL_R71_K125,FULL_LIBRARY_5PCT,CAL,PE 20:2_20:4,True,True,True,0.011173571732692181,2.3556582189687927e-07
NNLS_FULL_LIBRARY_5PCT__CAL_R71_K125,FULL_LIBRARY_5PCT,CAL,PE 20:2_20:5,True,True,True,0.02589662995914751,2.9019680641270604e-05
NNLS_FULL_LIBRARY_5PCT__CAL_R71_K125,FULL_LIBRARY_5PCT,CAL,PE 20:3_20:3,False,False,False,0,
NNLS_FULL_LIBRARY_5PCT__CAL_R71_K125,FULL_LIBRARY_5PCT,CAL,PE 20:3_20:4,False,False,True,0.0023488400305558986,1.683076791764166e-08
NNLS_FULL_LIBRARY_5PCT__CAL_R71_K125,FULL_LIBRARY_5PCT,CAL,PE 20:3_20:5,True,True,True,0.014193685069358697,6.131774225930343e-06
NNLS_FULL_LIBRARY_5PCT__CAL_R71_K125,FULL_LIBRARY_5PCT,CAL,PE 20:4_20:4,False,False,False,0,
NNLS_FULL_LIBRARY_5PCT__CAL_R71_K125,FULL_LIBRARY_5PCT,CAL,PE 20:4_20:5,False,False,False,0,
NNLS_FULL_LIBRARY_5PCT__CAL_R71_K125,FULL_LIBRARY_5PCT,CAL,PE 17:0_20:0,False,False,False,0,
NNLS_FULL_LIBRARY_5PCT__CAL_R71_K125,FULL_LIBRARY_5PCT,CAL,PE 17:0_20:1,True,True,True,0.004809096042909203,0.0
NNLS_FULL_LIBRARY_5PCT__CAL_R71_K125,FULL_LIBRARY_5PCT,CAL,PE 17:0_20:2,True,True,True,0.006301602110790665,1.1409326693395004e-07
NNLS_FULL_LIBRARY_5PCT__CAL_R71_K125,FULL_LIBRARY_5PCT,CAL,PE 17:0_20:3,True,True,True,0.01317811022104921,1.0942382997683735e-07
NNLS_FULL_LIBRARY_5PCT__CAL_R71_K125,FULL_LIBRARY_5PCT,CAL,PE 17:0_20:4,True,True,True,0.007195878358350243,7.409524569868736e-08
NNLS_FULL_LIBRARY_5PCT__CAL_R71_K125,FULL_LIBRARY_5PCT,CAL,PE 17:0_20:5,True,True,True,0.029660845121586482,4.1485102303840556e-05
NNLS_FULL_LIBRARY_5PCT__CAL_R71_K125,FULL_LIBRARY_5PCT,CAL,PE 17:0_22:1,False,False,False,0,
NNLS_FULL_LIBRARY_5PCT__CAL_R71_K125,FULL_LIBRARY_5PCT,CAL,PE 17:0_22:2,False,False,True,0.004701670427953977,3.823910100279568e-07
NNLS_FULL_LIBRARY_5PCT__CAL_R71_K125,FULL_LIBRARY_5PCT,CAL,PE 17:0_22:3,False,False,False,0,
NNLS_FULL_LIBRARY_5PCT__CAL_R71_K125,FULL_LIBRARY_5PCT,CAL,PE 17:0_22:4,False,False,False,0,
NNLS_FULL_LIBRARY_5PCT__CAL_R71_K125,FULL_LIBRARY_5PCT,CAL,PE 17:0_22:5,False,False,False,0,
NNLS_FULL_LIBRARY_5PCT__CAL_R71_K125,FULL_LIBRARY_5PCT,CAL,PE 17:0_22:6,False,False,False,0,
NNLS_FULL_LIBRARY_5PCT__CAL_R71_K125,FULL_LIBRARY_5PCT,CAL,PE 20:0_17:1,True,True,True,0.03162741877649272,3.1313493877247485e-05
NNLS_FULL_LIBRARY_5PCT__CAL_R71_K125,FULL_LIBRARY_5PCT,CAL,PE 17:1_20:1,False,False,True,0.0013605864785226308,7.466364324416354e-21
NNLS_FULL_LIBRARY_5PCT__CAL_R71_K125,FULL_LIBRARY_5PCT,CAL,PE 17:1_20:2,False,False,False,0,
NNLS_FULL_LIBRARY_5PCT__CAL_R71_K125,FULL_LIBRARY_5PCT,CAL,PE 17:1_20:3,False,False,False,0,
NNLS_FULL_LIBRARY_5PCT__CAL_R71_K125,FULL_LIBRARY_5PCT,CAL,PE 17:1_20:4,True,True,True,0.0050763919651838465,8.041305890967636e-08
NNLS_FULL_LIBRARY_5PCT__CAL_R71_K125,FULL_LIBRARY_5PCT,CAL,PE 17:1_22:1,True,True,True,0.027180444353800966,6.596675297032417e-06
NNLS_FULL_LIBRARY_5PCT__CAL_R71_K125,FULL_LIBRARY_5PCT,CAL,PE 17:1_22:3,False,False,True,0.0024345404043153787,1.6095269804060587e-10
NNLS_FULL_LIBRARY_5PCT__CAL_R71_K125,FULL_LIBRARY_5PCT,CAL,PE 17:1_22:4,False,False,False,0,
NNLS_FULL_LIBRARY_5PCT__CAL_R71_K125,FULL_LIBRARY_5PCT,CAL,PE 17:1_22:5,False,False,False,0,
NNLS_FULL_LIBRARY_5PCT__CAL_R71_K125,FULL_LIBRARY_5PCT,CAL,PE 17:1_22:6,False,False,False,0,
NNLS_FULL_LIBRARY_5PCT__CAL_R71_K125,FULL_LIBRARY_5PCT,CAL,PE O-16:0_22:1,False,False,True,0.001658499153640823,2.952610112292752e-08
NNLS_FULL_LIBRARY_5PCT__CAL_R71_K125,FULL_LIBRARY_5PCT,CAL,PE O-16:0_22:2,True,True,True,0.015044363627612753,5.5160457684247815e-09
NNLS_FULL_LIBRARY_5PCT__CAL_R71_K125,FULL_LIBRARY_5PCT,CAL,PE O-16:0_22:3,True,True,True,0.01452033380192346,4.713344446497771e-08
NNLS_FULL_LIBRARY_5PCT__CAL_R71_K125,FULL_LIBRARY_5PCT,CAL,PE O-16:0_22:4,False,False,True,0.0016586755354360539,0.0
NNLS_FULL_LIBRARY_5PCT__CAL_R71_K125,FULL_LIBRARY_5PCT,CAL,PE O-16:0_22:5,False,False,False,0,
NNLS_FULL_LIBRARY_5PCT__CAL_R71_K125,FULL_LIBRARY_5PCT,CAL,PE O-16:0_22:6,False,False,False,0,
NNLS_FULL_LIBRARY_5PCT__CAL_R71_K125,FULL_LIBRARY_5PCT,CAL,PE O-16:1_22:0,True,True,True,0.006458691880831839,8.619908591812377e-08
NNLS_FULL_LIBRARY_5PCT__CAL_R71_K125,FULL_LIBRARY_5PCT,CAL,PE O-16:1_22:1,False,False,True,0.0022963107040156485,2.1579046958099758e-09
NNLS_FULL_LIBRARY_5PCT__CAL_R71_K125,FULL_LIBRARY_5PCT,CAL,PE O-16:1_22:2,True,True,True,0.015740418580566386,7.615701454115225e-08
NNLS_FULL_LIBRARY_5PCT__CAL_R71_K125,FULL_LIBRARY_5PCT,CAL,PE O-16:1_22:3,False,False,True,0.015531104203256664,3.0713619337012626e-08
NNLS_FULL_LIBRARY_5PCT__CAL_R71_K125,FULL_LIBRARY_5PCT,CAL,PE O-16:1_22:4,True,True,True,0.004776341977235657,3.575450756366518e-09
NNLS_FULL_LIBRARY_5PCT__CAL_R71_K125,FULL_LIBRARY_5PCT,CAL,PE O-16:1_22:5,True,True,True,0.02015803518368939,2.861773308395457e-07
NNLS_FULL_LIBRARY_5PCT__CAL_R71_K125,FULL_LIBRARY_5PCT,CAL,PE O-16:1_24:0,False,False,False,0,
NNLS_FULL_LIBRARY_5PCT__CAL_R71_K125,FULL_LIBRARY_5PCT,CAL,PE O-16:1_24:1,True,True,True,0.007138872446655518,1.765899180872759e-05
NNLS_FULL_LIBRARY_5PCT__CAL_R71_K125,FULL_LIBRARY_5PCT,CAL,PE O-16:1_24:4,False,False,False,0,
NNLS_FULL_LIBRARY_5PCT__CAL_R71_K125,FULL_LIBRARY_5PCT,CAL,PE O-16:1_24:5,False,False,False,0,
NNLS_FULL_LIBRARY_5PCT__CAL_R71_K125,FULL_LIBRARY_5PCT,CAL,PE O-16:1_24:6,False,False,False,0,
NNLS_FULL_LIBRARY_5PCT__CAL_R71_K125,FULL_LIBRARY_5PCT,CAL,PE O-18:0_20:1,False,False,True,0.0021753016094739445,4.016757499999869e-09
NNLS_FULL_LIBRARY_5PCT__CAL_R71_K125,FULL_LIBRARY_5PCT,CAL,PE O-18:0_20:2,False,False,True,0.0016013063404804525,0.0
NNLS_FULL_LIBRARY_5PCT__CAL_R71_K125,FULL_LIBRARY_5PCT,CAL,PE O-18:0_20:3,False,False,False,0,
NNLS_FULL_LIBRARY_5PCT__CAL_R71_K125,FULL_LIBRARY_5PCT,CAL,PE O-18:0_20:4,False,False,False,0,
NNLS_FULL_LIBRARY_5PCT__CAL_R71_K125,FULL_LIBRARY_5PCT,CAL,PE O-18:0_20:5,False,False,False,0,
NNLS_FULL_LIBRARY_5PCT__CAL_R71_K125,FULL_LIBRARY_5PCT,CAL,PE O-18:0_22:1,True,True,True,0.024576549578550242,1.51427101278117e-05
NNLS_FULL_LIBRARY_5PCT__CAL_R71_K125,FULL_LIBRARY_5PCT,CAL,PE O-18:0_22:2,True,True,True,0.027818352146134557,5.001165156668034e-07
NNLS_FULL_LIBRARY_5PCT__CAL_R71_K125,FULL_LIBRARY_5PCT,CAL,PE O-18:0_22:3,False,False,False,0,
NNLS_FULL_LIBRARY_5PCT__CAL_R71_K125,FULL_LIBRARY_5PCT,CAL,PE O-18:0_22:4,False,False,False,0,
NNLS_FULL_LIBRARY_5PCT__CAL_R71_K125,FULL_LIBRARY_5PCT,CAL,PE O-18:0_22:5,False,False,False,0,
NNLS_FULL_LIBRARY_5PCT__CAL_R71_K125,FULL_LIBRARY_5PCT,CAL,PE O-18:0_22:6,False,False,False,0,
NNLS_FULL_LIBRARY_5PCT__CAL_R71_K125,FULL_LIBRARY_5PCT,CAL,PE O-18:1_20:1,True,True,True,0.005897909671233174,6.403997945591055e-08
NNLS_FULL_LIBRARY_5PCT__CAL_R71_K125,FULL_LIBRARY_5PCT,CAL,PE O-18:1_20:2,False,False,True,0.007815877186824586,2.665580249633073e-08
NNLS_FULL_LIBRARY_5PCT__CAL_R71_K125,FULL_LIBRARY_5PCT,CAL,PE O-18:1_20:3,False,False,True,0.0034198662400766336,2.9603638901360353e-09
NNLS_FULL_LIBRARY_5PCT__CAL_R71_K125,FULL_LIBRARY_5PCT,CAL,PE O-18:1_20:4,True,True,True,0.014569481302090138,2.822739754113784e-07
NNLS_FULL_LIBRARY_5PCT__CAL_R71_K125,FULL_LIBRARY_5PCT,CAL,PE O-18:1_20:5,False,False,False,0,
NNLS_FULL_LIBRARY_5PCT__CAL_R71_K125,FULL_LIBRARY_5PCT,CAL,PE O-18:1_22:1,True,True,True,0.003894288494092366,9.14672302110487e-11
NNLS_FULL_LIBRARY_5PCT__CAL_R71_K125,FULL_LIBRARY_5PCT,CAL,PE O-18:1_22:2,True,True,True,0.020249428608145773,3.7809718122383835e-08
NNLS_FULL_LIBRARY_5PCT__CAL_R71_K125,FULL_LIBRARY_5PCT,CAL,PE O-18:1_22:3,True,True,True,0.0042837465510995295,1.3575207862575189e-21
NNLS_FULL_LIBRARY_5PCT__CAL_R71_K125,FULL_LIBRARY_5PCT,CAL,PE O-18:1_22:4,True,True,True,0.027605658305070252,3.3721360963381824e-07
NNLS_FULL_LIBRARY_5PCT__CAL_R71_K125,FULL_LIBRARY_5PCT,CAL,PE O-18:1_22:5,True,True,True,0.013718151648280963,6.080325319861068e-07
NNLS_FULL_LIBRARY_5PCT__CAL_R71_K125,FULL_LIBRARY_5PCT,CAL,PE O-18:1_22:6,True,True,True,0.00551747570674745,1.896553306716338e-07
NNLS_FULL_LIBRARY_5PCT__CAL_R71_K125,FULL_LIBRARY_5PCT,CAL,PE O-20:0_18:2,True,True,True,0.028561519999538154,4.237189069703984e-06
NNLS_FULL_LIBRARY_5PCT__CAL_R71_K125,FULL_LIBRARY_5PCT,CAL,PE O-20:1_18:2,False,False,False,0,
NNLS_FULL_LIBRARY_5PCT__CAL_R71_K125,FULL_LIBRARY_5PCT,CAL,PE O-18:2_20:2,True,True,True,0.014544973937421025,1.2508220649754513e-07
NNLS_FULL_LIBRARY_5PCT__CAL_R71_K125,FULL_LIBRARY_5PCT,CAL,PE O-18:2_20:3,False,False,True,0.003010828322571123,1.4219018641131182e-09
NNLS_FULL_LIBRARY_5PCT__CAL_R71_K125,FULL_LIBRARY_5PCT,CAL,PE O-18:2_20:4,True,True,True,0.024229659560226064,1.8314868017532872e-07
NNLS_FULL_LIBRARY_5PCT__CAL_R71_K125,FULL_LIBRARY_5PCT,CAL,PE O-18:2_22:0,True,True,True,0.013329892019815345,1.6331428233851663e-06
NNLS_FULL_LIBRARY_5PCT__CAL_R71_K125,FULL_LIBRARY_5PCT,CAL,PE O-22:1_18:2,False,False,False,0,
NNLS_FULL_LIBRARY_5PCT__CAL_R71_K125,FULL_LIBRARY_5PCT,CAL,PE O-18:2_22:2,True,True,True,0.008894007269975364,1.0572425091225654e-08
NNLS_FULL_LIBRARY_5PCT__CAL_R71_K125,FULL_LIBRARY_5PCT,CAL,PE O-18:2_22:3,False,False,True,0.0016287238882623113,6.475395021222038e-09
NNLS_FULL_LIBRARY_5PCT__CAL_R71_K125,FULL_LIBRARY_5PCT,CAL,PE O-18:2_22:4,False,False,False,0,
NNLS_FULL_LIBRARY_5PCT__CAL_R71_K125,FULL_LIBRARY_5PCT,CAL,PE O-18:2_22:5,False,False,True,0.006733625304551176,2.961799388591979e-08
NNLS_FULL_LIBRARY_5PCT__CAL_R71_K125,FULL_LIBRARY_5PCT,CAL,PE O-18:2_22:6,True,True,True,0.029635515441873466,0.0001495601086459234
NNLS_FULL_LIBRARY_5PCT__CAL_R71_K125,FULL_LIBRARY_5PCT,CAL,PE O-18:3_20:3,False,False,False,0,
NNLS_FULL_LIBRARY_5PCT__CAL_R71_K125,FULL_LIBRARY_5PCT,CAL,PE O-18:3_22:0,True,True,True,0.0071553499173166585,3.3049497060951185e-07
NNLS_FULL_LIBRARY_5PCT__CAL_R71_K125,FULL_LIBRARY_5PCT,CAL,PE O-18:3_22:3,False,False,False,0,
NNLS_FULL_LIBRARY_5PCT__CAL_R71_K125,FULL_LIBRARY_5PCT,CAL,PE O-18:3_22:4,False,False,False,0,
NNLS_FULL_LIBRARY_5PCT__CAL_R71_K125,FULL_LIBRARY_5PCT,CAL,PE O-18:3_22:5,False,False,False,0,
NNLS_FULL_LIBRARY_5PCT__CAL_R71_K125,FULL_LIBRARY_5PCT,CAL,PE O-18:3_22:6,True,True,True,0.006668138621768117,3.950458921839196e-06
NNLS_FULL_LIBRARY_5PCT__CAL_R71_K125,FULL_LIBRARY_5PCT,CAL,PE O-20:0_20:2,False,False,False,0,
NNLS_FULL_LIBRARY_5PCT__CAL_R71_K125,FULL_LIBRARY_5PCT,CAL,PE O-20:0_20:3,False,False,False,0,
NNLS_FULL_LIBRARY_5PCT__CAL_R71_K125,FULL_LIBRARY_5PCT,CAL,PE O-20:0_20:4,False,False,False,0,
NNLS_FULL_LIBRARY_5PCT__CAL_R71_K125,FULL_LIBRARY_5PCT,CAL,PE O-20:1_20:1,False,False,False,0,
NNLS_FULL_LIBRARY_5PCT__CAL_R71_K125,FULL_LIBRARY_5PCT,CAL,PE O-20:1_20:2,False,False,False,0,
NNLS_FULL_LIBRARY_5PCT__CAL_R71_K125,FULL_LIBRARY_5PCT,CAL,PE O-20:1_20:3,False,False,False,0,
NNLS_FULL_LIBRARY_5PCT__CAL_R71_K125,FULL_LIBRARY_5PCT,CAL,PE O-20:1_20:4,False,False,False,0,
NNLS_FULL_LIBRARY_5PCT__CAL_R71_K125,FULL_LIBRARY_5PCT,CAL,PE O-20:2_20:2,False,False,True,0.0020952207478035986,2.692501259032771e-09
NNLS_FULL_LIBRARY_5PCT__CAL_R71_K125,FULL_LIBRARY_5PCT,CAL,PE O-20:2_20:3,False,False,False,0,
NNLS_FULL_LIBRARY_5PCT__CAL_R71_K125,FULL_LIBRARY_5PCT,CAL,PE O-20:2_20:4,True,True,True,0.008324816717159376,6.212376326075741e-08
NNLS_FULL_LIBRARY_5PCT__CAL_R71_K125,FULL_LIBRARY_5PCT,CAL,PE O-20:3_20:3,False,False,False,0,
NNLS_FULL_LIBRARY_5PCT__CAL_R71_K125,FULL_LIBRARY_5PCT,CAL,PE O-20:3_20:4,False,False,False,0,
NNLS_FULL_LIBRARY_5PCT__CAL_R71_K125,FULL_LIBRARY_5PCT,CAL,PG 14:0_20:0,False,False,False,0,
NNLS_FULL_LIBRARY_5PCT__CAL_R71_K125,FULL_LIBRARY_5PCT,CAL,PG 16:0_18:0,False,False,False,0,
NNLS_FULL_LIBRARY_5PCT__CAL_R71_K125,FULL_LIBRARY_5PCT,CAL,PG 14:0_22:5,False,False,False,0,
NNLS_FULL_LIBRARY_5PCT__CAL_R71_K125,FULL_LIBRARY_5PCT,CAL,PG 16:0_20:5,False,False,False,0,
NNLS_FULL_LIBRARY_5PCT__CAL_R71_K125,FULL_LIBRARY_5PCT,CAL,PG 16:1_20:4,True,True,True,0.007879817162439674,5.37147445527957e-07
NNLS_FULL_LIBRARY_5PCT__CAL_R71_K125,FULL_LIBRARY_5PCT,CAL,PG 18:2_18:3,False,False,False,0,
NNLS_FULL_LIBRARY_5PCT__CAL_R71_K125,FULL_LIBRARY_5PCT,CAL,PG 14:0_22:4,False,False,False,0,
NNLS_FULL_LIBRARY_5PCT__CAL_R71_K125,FULL_LIBRARY_5PCT,CAL,PG 16:0_20:4,False,False,True,0.0015009474329218675,3.2979500319538376e-08
NNLS_FULL_LIBRARY_5PCT__CAL_R71_K125,FULL_LIBRARY_5PCT,CAL,PG 16:1_20:3,False,False,True,0.0018064958209678035,1.4823532700236763e-08
NNLS_FULL_LIBRARY_5PCT__CAL_R71_K125,FULL_LIBRARY_5PCT,CAL,PG 18:1_18:3,False,False,False,0,
NNLS_FULL_LIBRARY_5PCT__CAL_R71_K125,FULL_LIBRARY_5PCT,CAL,PG 18:2_18:2,True,True,True,0.009339150974124783,0.0
NNLS_FULL_LIBRARY_5PCT__CAL_R71_K125,FULL_LIBRARY_5PCT,CAL,PG 14:0_22:3,False,False,False,0,
NNLS_FULL_LIBRARY_5PCT__CAL_R71_K125,FULL_LIBRARY_5PCT,CAL,PG 16:0_20:3,True,True,True,0.017921016498423734,4.757753953784443e-08
NNLS_FULL_LIBRARY_5PCT__CAL_R71_K125,FULL_LIBRARY_5PCT,CAL,PG 16:1_20:2,True,True,True,0.015228046849136163,9.065071764154171e-10
NNLS_FULL_LIBRARY_5PCT__CAL_R71_K125,FULL_LIBRARY_5PCT,CAL,PG 18:0_18:3,True,True,True,0.017024140566819754,2.375575990351435e-07
NNLS_FULL_LIBRARY_5PCT__CAL_R71_K125,FULL_LIBRARY_5PCT,CAL,PG 18:1_18:2,False,False,True,0.002179302027715216,7.838436721522693e-08
NNLS_FULL_LIBRARY_5PCT__CAL_R71_K125,FULL_LIBRARY_5PCT,CAL,PG 14:0_22:2,False,False,False,0,
NNLS_FULL_LIBRARY_5PCT__CAL_R71_K125,FULL_LIBRARY_5PCT,CAL,PG 16:0_20:2,False,False,False,0,
NNLS_FULL_LIBRARY_5PCT__CAL_R71_K125,FULL_LIBRARY_5PCT,CAL,PG 16:1_20:1,False,False,False,0,
NNLS_FULL_LIBRARY_5PCT__CAL_R71_K125,FULL_LIBRARY_5PCT,CAL,PG 18:0_18:2,True,True,True,0.0283524485073199,9.0373999464409e-07
NNLS_FULL_LIBRARY_5PCT__CAL_R71_K125,FULL_LIBRARY_5PCT,CAL,PG 18:1_18:1,False,False,False,0,
NNLS_FULL_LIBRARY_5PCT__CAL_R71_K125,FULL_LIBRARY_5PCT,CAL,PG 14:0_22:1,True,True,True,0.010105058582049822,5.588022869670478e-08
NNLS_FULL_LIBRARY_5PCT__CAL_R71_K125,FULL_LIBRARY_5PCT,CAL,PG 16:0_20:1,True,True,True,0.004471989843752609,2.4123704553916027e-09
NNLS_FULL_LIBRARY_5PCT__CAL_R71_K125,FULL_LIBRARY_5PCT,CAL,PG 20:0_16:1,False,False,False,0,
NNLS_FULL_LIBRARY_5PCT__CAL_R71_K125,FULL_LIBRARY_5PCT,CAL,PG 18:0_18:1,False,False,True,0.004186742130736968,1.8163889687162009e-07
NNLS_FULL_LIBRARY_5PCT__CAL_R71_K125,FULL_LIBRARY_5PCT,CAL,PG 14:0_22:0,False,False,False,0,
NNLS_FULL_LIBRARY_5PCT__CAL_R71_K125,FULL_LIBRARY_5PCT,CAL,PG 16:0_20:0,False,False,False,0,
NNLS_FULL_LIBRARY_5PCT__CAL_R71_K125,FULL_LIBRARY_5PCT,CAL,PG 18:0_18:0,False,False,False,0,
NNLS_FULL_LIBRARY_5PCT__CAL_R71_K125,FULL_LIBRARY_5PCT,CAL,PG 16:1_22:6,False,False,False,0,
NNLS_FULL_LIBRARY_5PCT__CAL_R71_K125,FULL_LIBRARY_5PCT,CAL,PG 18:2_20:5,False,False,False,0,
NNLS_FULL_LIBRARY_5PCT__CAL_R71_K125,FULL_LIBRARY_5PCT,CAL,PG 18:3_20:4,True,True,True,0.017821078709601163,2.4831613807930374e-06
NNLS_FULL_LIBRARY_5PCT__CAL_R71_K125,FULL_LIBRARY_5PCT,CAL,PG 16:0_22:6,False,False,False,0,
NNLS_FULL_LIBRARY_5PCT__CAL_R71_K125,FULL_LIBRARY_5PCT,CAL,PG 16:1_22:5,False,False,False,0,
NNLS_FULL_LIBRARY_5PCT__CAL_R71_K125,FULL_LIBRARY_5PCT,CAL,PG 18:1_20:5,False,False,False,0,
NNLS_FULL_LIBRARY_5PCT__CAL_R71_K125,FULL_LIBRARY_5PCT,CAL,PG 18:2_20:4,False,False,False,0,
NNLS_FULL_LIBRARY_5PCT__CAL_R71_K125,FULL_LIBRARY_5PCT,CAL,PG 16:0_22:5,True,True,True,0.006837629781120172,2.975298096708245e-09
NNLS_FULL_LIBRARY_5PCT__CAL_R71_K125,FULL_LIBRARY_5PCT,CAL,PG 16:1_22:4,True,True,True,0.0038987526444808694,5.015221086950982e-08
NNLS_FULL_LIBRARY_5PCT__CAL_R71_K125,FULL_LIBRARY_5PCT,CAL,PG 18:0_20:5,False,False,True,0.002614354238379385,0.0
NNLS_FULL_LIBRARY_5PCT__CAL_R71_K125,FULL_LIBRARY_5PCT,CAL,PG 18:1_20:4,False,False,True,0.0023199895899575817,0.0
NNLS_FULL_LIBRARY_5PCT__CAL_R71_K125,FULL_LIBRARY_5PCT,CAL,PG 18:2_20:3,True,True,True,0.028468646503976354,1.1033583563929424e-06
NNLS_FULL_LIBRARY_5PCT__CAL_R71_K125,FULL_LIBRARY_5PCT,CAL,PG 20:2_18:3,True,True,True,0.005061389284474289,2.983311290310958e-07
NNLS_FULL_LIBRARY_5PCT__CAL_R71_K125,FULL_LIBRARY_5PCT,CAL,PG 14:0_24:4,False,False,False,0,
NNLS_FULL_LIBRARY_5PCT__CAL_R71_K125,FULL_LIBRARY_5PCT,CAL,PG 16:0_22:4,False,False,True,0.003296096404698769,2.939849484682469e-08
NNLS_FULL_LIBRARY_5PCT__CAL_R71_K125,FULL_LIBRARY_5PCT,CAL,PG 16:1_22:3,False,False,False,0,
NNLS_FULL_LIBRARY_5PCT__CAL_R71_K125,FULL_LIBRARY_5PCT,CAL,PG 18:0_20:4,True,True,True,0.028153549795701085,3.031897273193123e-06
NNLS_FULL_LIBRARY_5PCT__CAL_R71_K125,FULL_LIBRARY_5PCT,CAL,PG 18:1_20:3,True,True,True,0.009240657419946495,0.0
NNLS_FULL_LIBRARY_5PCT__CAL_R71_K125,FULL_LIBRARY_5PCT,CAL,PG 18:2_20:2,False,False,True,0.0025646387779676262,1.438717825258682e-09
NNLS_FULL_LIBRARY_5PCT__CAL_R71_K125,FULL_LIBRARY_5PCT,CAL,PG 20:1_18:3,False,False,False,0,
NNLS_FULL_LIBRARY_5PCT__CAL_R71_K125,FULL_LIBRARY_5PCT,CAL,PG 17:0_18:0,False,False,False,0,
NNLS_FULL_LIBRARY_5PCT__CAL_R71_K125,FULL_LIBRARY_5PCT,CAL,PG 17:0_18:1,False,False,False,0,
NNLS_FULL_LIBRARY_5PCT__CAL_R71_K125,FULL_LIBRARY_5PCT,CAL,PG 17:0_18:2,False,False,False,0,
NNLS_FULL_LIBRARY_5PCT__CAL_R71_K125,FULL_LIBRARY_5PCT,CAL,PG 17:0_20:0,False,False,False,0,
NNLS_FULL_LIBRARY_5PCT__CAL_R71_K125,FULL_LIBRARY_5PCT,CAL,PG 17:0_20:1,False,False,False,0,
NNLS_FULL_LIBRARY_5PCT__CAL_R71_K125,FULL_LIBRARY_5PCT,CAL,PG 17:0_20:2,True,True,True,0.02274970279219995,1.3575207862575189e-21
NNLS_FULL_LIBRARY_5PCT__CAL_R71_K125,FULL_LIBRARY_5PCT,CAL,PG 17:0_20:3,False,False,True,0.005706597329688453,1.0180389775169776e-07
NNLS_FULL_LIBRARY_5PCT__CAL_R71_K125,FULL_LIBRARY_5PCT,CAL,PG 17:0_20:4,False,False,True,0.0021675888185155303,1.6880331857763703e-07
NNLS_FULL_LIBRARY_5PCT__CAL_R71_K125,FULL_LIBRARY_5PCT,CAL,PG 17:0_20:5,True,True,True,0.008033298058009014,7.904182351973615e-07
NNLS_FULL_LIBRARY_5PCT__CAL_R71_K125,FULL_LIBRARY_5PCT,CAL,PG 18:0_17:1,True,True,True,0.015114372072300174,3.0641939060695392e-06
NNLS_FULL_LIBRARY_5PCT__CAL_R71_K125,FULL_LIBRARY_5PCT,CAL,PG 17:1_18:1,False,False,False,0,
NNLS_FULL_LIBRARY_5PCT__CAL_R71_K125,FULL_LIBRARY_5PCT,CAL,PG 17:1_18:2,True,True,True,0.029660937298498277,0.0016060738542958495
NNLS_FULL_LIBRARY_5PCT__CAL_R71_K125,FULL_LIBRARY_5PCT,CAL,PG 20:0_17:1,True,True,True,0.026288612303721842,9.590955245902178e-06
NNLS_FULL_LIBRARY_5PCT__CAL_R71_K125,FULL_LIBRARY_5PCT,CAL,PG 17:1_20:1,False,False,True,0.006494356813133714,6.47443954336403e-07
NNLS_FULL_LIBRARY_5PCT__CAL_R71_K125,FULL_LIBRARY_5PCT,CAL,PG 17:1_20:2,True,True,True,0.023909500016942805,2.4388647584646254e-07
NNLS_FULL_LIBRARY_5PCT__CAL_R71_K125,FULL_LIBRARY_5PCT,CAL,PG 17:1_20:3,True,True,True,0.005279803946376023,0.0
NNLS_FULL_LIBRARY_5PCT__CAL_R71_K125,FULL_LIBRARY_5PCT,CAL,PG 17:1_20:4,False,False,True,0.0027971030137209844,3.393801965643797e-21
NNLS_FULL_LIBRARY_5PCT__CAL_R71_K125,FULL_LIBRARY_5PCT,CAL,PG 17:0_17:0,True,True,True,0.028194830672474663,1.4599496458525665e-05
NNLS_FULL_LIBRARY_5PCT__CAL_R71_K125,FULL_LIBRARY_5PCT,CAL,PC 14:0_18:0,False,False,False,0,
NNLS_FULL_LIBRARY_5PCT__CAL_R71_K125,FULL_LIBRARY_5PCT,CAL,PC 14:0_18:1,False,False,False,0,
NNLS_FULL_LIBRARY_5PCT__CAL_R71_K125,FULL_LIBRARY_5PCT,CAL,PC 16:0_16:0,False,False,False,0,
NNLS_FULL_LIBRARY_5PCT__CAL_R71_K125,FULL_LIBRARY_5PCT,CAL,PC 16:0_16:1,False,False,False,0,
NNLS_FULL_LIBRARY_5PCT__CAL_R71_K125,FULL_LIBRARY_5PCT,CAL,PC 14:0_17:1,False,False,False,0,
NNLS_FULL_LIBRARY_5PCT__CAL_R71_K125,FULL_LIBRARY_5PCT,CAL,PC O-16:0_16:1,False,False,False,0,
NNLS_FULL_LIBRARY_5PCT__CAL_R71_K125,FULL_LIBRARY_5PCT,CAL,PC O-16:1_16:1,False,False,False,0,
NNLS_FULL_LIBRARY_5PCT__CAL_R71_K125,FULL_LIBRARY_5PCT,CAL,PC O-16:1_18:0,True,True,True,0.01257809508154696,0.000142676144778892
NNLS_FULL_LIBRARY_5PCT__CAL_R71_K125,FULL_LIBRARY_5PCT,CAL,PC O-16:1_18:1,False,False,False,0,
NNLS_FULL_LIBRARY_5PCT__CAL_R71_K125,FULL_LIBRARY_5PCT,CAL,PC O-16:1_18:2,False,False,False,0,
NNLS_FULL_LIBRARY_5PCT__CAL_R71_K125,FULL_LIBRARY_5PCT,CAL,PC O-16:1_17:0,False,False,False,0,
NNLS_FULL_LIBRARY_5PCT__CAL_R71_K125,FULL_LIBRARY_5PCT,CAL,PC O-16:0_17:1,False,False,False,0,
NNLS_FULL_LIBRARY_5PCT__CAL_R71_K125,FULL_LIBRARY_5PCT,CAL,PC O-16:0_17:0,False,False,False,0,
NNLS_FULL_LIBRARY_5PCT__CAL_R71_K125,FULL_LIBRARY_5PCT,CAL,PC O-16:1_17:1,True,True,True,0.010405556640308579,9.838815306863759e-05
NNLS_FULL_LIBRARY_5PCT__CAL_R71_K125,FULL_LIBRARY_5PCT,CAL,PC 14:0_18:2,True,True,True,0.00851175074299636,5.324100357964024e-07
NNLS_FULL_LIBRARY_5PCT__CAL_R71_K125,FULL_LIBRARY_5PCT,CAL,PC 14:0_20:0,True,True,True,0.011113502205457076,3.667236942067574e-06
NNLS_FULL_LIBRARY_5PCT__CAL_R71_K125,FULL_LIBRARY_5PCT,CAL,PC 14:0_20:1,True,True,True,0.006270560170838531,4.951019329273616e-07
NNLS_FULL_LIBRARY_5PCT__CAL_R71_K125,FULL_LIBRARY_5PCT,CAL,PC 14:0_20:2,False,False,False,0,
NNLS_FULL_LIBRARY_5PCT__CAL_R71_K125,FULL_LIBRARY_5PCT,CAL,PC 14:0_20:3,True,True,True,0.029508867178428565,2.5606798422424677e-05
NNLS_FULL_LIBRARY_5PCT__CAL_R71_K125,FULL_LIBRARY_5PCT,CAL,PC 14:0_20:4,False,False,False,0,
NNLS_FULL_LIBRARY_5PCT__CAL_R71_K125,FULL_LIBRARY_5PCT,CAL,PC 14:1_17:1,False,False,False,0,
NNLS_FULL_LIBRARY_5PCT__CAL_R71_K125,FULL_LIBRARY_5PCT,CAL,PC 18:0_14:1,True,True,True,0.028433696684616747,0.00026334673730432363
NNLS_FULL_LIBRARY_5PCT__CAL_R71_K125,FULL_LIBRARY_5PCT,CAL,PC 20:0_14:1,False,False,False,0,
NNLS_FULL_LIBRARY_5PCT__CAL_R71_K125,FULL_LIBRARY_5PCT,CAL,PC 14:1_20:1,False,False,False,0,
NNLS_FULL_LIBRARY_5PCT__CAL_R71_K125,FULL_LIBRARY_5PCT,CAL,PC 16:0_18:0,False,False,False,0,
NNLS_FULL_LIBRARY_5PCT__CAL_R71_K125,FULL_LIBRARY_5PCT,CAL,PC 16:0_18:1,False,False,False,0,
NNLS_FULL_LIBRARY_5PCT__CAL_R71_K125,FULL_LIBRARY_5PCT,CAL,PC 16:0_18:2,False,False,False,0,
NNLS_FULL_LIBRARY_5PCT__CAL_R71_K125,FULL_LIBRARY_5PCT,CAL,PC 16:1_16:1,False,False,False,0,
NNLS_FULL_LIBRARY_5PCT__CAL_R71_K125,FULL_LIBRARY_5PCT,CAL,PC 18:0_16:1,False,False,False,0,
NNLS_FULL_LIBRARY_5PCT__CAL_R71_K125,FULL_LIBRARY_5PCT,CAL,PC 16:1_18:1,False,False,False,0,
NNLS_FULL_LIBRARY_5PCT__CAL_R71_K125,FULL_LIBRARY_5PCT,CAL,PC 16:1_18:2,False,False,False,0,
NNLS_FULL_LIBRARY_5PCT__CAL_R71_K125,FULL_LIBRARY_5PCT,CAL,PC 17:0_17:0,True,True,True,0.030077367988331535,3.192665607768502e-05
NNLS_FULL_LIBRARY_5PCT__CAL_R71_K125,FULL_LIBRARY_5PCT,CAL,PC 17:0_17:1,False,False,False,0,
NNLS_FULL_LIBRARY_5PCT__CAL_R71_K125,FULL_LIBRARY_5PCT,CAL,PC 17:1_17:1,False,False,False,0,
